Taxon Id	Common name	Scientific name	Parent	Rank
8783		Palaeognathae	8782	superorder
8784	Emu and cassowaries	Casuariiformes	8783	order
8785	cassowaries	Casuariidae	8784	family
8786		Casuarius	8785	genus
8787	Southern cassowary	Casuarius casuarius	8786	species
8788	emus	Dromaiidae	8784	family
8789		Dromaius	8788	genus
8790	Emu	Dromaius novaehollandiae	8789	species
8792	rheas	Rheiformes	8783	order
8793		Rheidae	8792	family
8794		Pterocnemia	8793	genus
8795	Lesser rhea	Rhea pennata	8796	species
8796		Rhea	8793	genus
8797	Greater rhea	Rhea americana	8796	species
8798	ostriches	Struthioniformes	8783	order
8799		Struthionidae	8798	family
8800		Struthio	8799	genus
8801	Common ostrich	Struthio camelus	8800	species
8802	tinamous	Tinamiformes	8783	order
8803		Tinamidae	8802	family
8804		Eudromia	8803	genus
8805	Elegant crested-tinamou	Eudromia elegans	8804	species
8806		Nothoprocta	8803	genus
8807	Brushland tinamou	Nothoprocta cinerascens	8806	species
8808	moas	Dinornithiformes	8783	order
8809		Emeidae	8808	family
8810		Anomalopteryx	8809	genus
8811	Little bush moa	Anomalopteryx didiformis	8810	species
8812		Megalapteryx	8809	genus
8813	upland moa	Megalapteryx didinus	8812	species
8814		Pachyornis	8809	genus
8815	heavy-footed moa	Pachyornis elephantopus	8814	species
8816		Dinornithidae	8808	family
8817		Dinornis	8816	genus
8818	North Island giant moa	Dinornis novaezealandiae	8817	species
8819	kiwis	Apterygiformes	8783	order
8820		Apterygidae	8819	family
8821		Apteryx	8820	genus
8822	Southern brown kiwi	Apteryx australis	8821	species
8823	Great spotted kiwi	Apteryx haastii	8821	species
8824	Little spotted kiwi	Apteryx owenii	8821	species
8825		Neognathae	8782	infraclass
8826	ducks, geese and swans	Anseriformes	1549675	order
8827	screamers	Anhimidae	8826	family
8828		Chauna	8827	genus
8829	Northern screamer	Chauna chavaria	8828	species
8830	waterfowl	Anatidae	8826	family
8831		Aix	2068716	genus
8832	Mandarin duck	Aix galericulata	8831	species
8833	Wood duck	Aix sponsa	8831	species
8834		Aix sp.	2646690	species
8835	ducks	Anas	2068716	genus
8837	Cape teal	Anas capensis	8835	species
8838	Eurasian wigeon	Mareca penelope	1526411	species
8839	Mallard	Anas platyrhynchos	8835	species
8840	Northern mallard	Anas platyrhynchos platyrhynchos	8839	subspecies
8841	domestic duck x muscovy duck	Anas platyrhynchos x Cairina moschata	8835	species
8842	geese	Anser	2068722	genus
8843	Domestic goose	Anser anser	8842	species
8844	Western greylag goose	Anser anser anser	8843	subspecies
8845	Swan goose	Anser cygnoides	8842	species
8846	Bar-headed goose	Anser indicus	8842	species
8847	goose	Anser sp.	2639525	species
8848		Anser anser domesticus	8843	subspecies
8849	Snow goose	Anser caerulescens	8842	species
8850		Anseranas	45650	genus
8851	Magpie goose	Anseranas semipalmata	8850	species
8852		Branta	2068722	genus
8853	Canada goose	Branta canadensis	8852	species
8854		Cairina	2068716	genus
8855	Muscovy duck	Cairina moschata	8854	species
8856		Cairina sp.	2677066	species
8857		Cereopsis	2068722	genus
8858	Cape Barren goose	Cereopsis novaehollandiae	8857	species
8859		Chloephaga	2068719	genus
8860	Andean goose	Chloephaga melanoptera	8859	species
8861	Upland goose	Chloephaga picta	8859	species
8862		Coscoroba	2068722	genus
8863	Coscoroba swan	Coscoroba coscoroba	8862	species
8864		Cyanochen	2068719	genus
8865	Blue-winged goose	Cyanochen cyanoptera	8864	species
8867	swans	Cygnus	2068722	genus
8868	Black swan	Cygnus atratus	8867	species
8869	Mute swan	Cygnus olor	8867	species
8870		Dendrocygna	2068717	genus
8871	West Indian whistling-duck	Dendrocygna arborea	8870	species
8872	Wandering whistling-duck	Dendrocygna arcuata	8870	species
8873	Black-bellied whistling-duck	Dendrocygna autumnalis	8870	species
8874	Fulvous whistling-duck	Dendrocygna bicolor	8870	species
8875	Plumed whistling-duck	Dendrocygna eytoni	8870	species
8876	White-faced whistling-duck	Dendrocygna viduata	8870	species
8877		Mergus	2068716	genus
8879	Red-breasted merganser	Mergus serrator	8877	species
8880	Goosander	Mergus merganser	8877	species
8881		Neochen	2068719	genus
8882	Orinoco goose	Neochen jubata	8881	species
8883		Oxyura	2068716	genus
8884	Ruddy duck	Oxyura jamaicensis	8883	species
8885	Lake duck	Oxyura vittata	8883	species
8886		Sarkidiornis	2068719	genus
8887	African comb duck	Sarkidiornis melanotos	8886	species
8888		Tadorna	2068719	genus
8889	Radjah shelduck	Tadorna radjah	8888	species
8892	swifts and hummingbirds	Apodiformes	2607030	order
8893	swifts	Apodidae	8892	family
8894		Apus	2607033	genus
8895	Common swift	Apus apus	8894	species
8896		Chaetura	2607033	genus
8897	Chimney swift	Chaetura pelagica	8896	species
8899	herons	Ardeidae	9205	family
8900	night herons	Nycticorax	8899	genus
8901	Black-crowned night-heron	Nycticorax nycticorax	8900	species
8902	nightjars and others	Caprimulgiformes	2607030	order
8903	frogmouths	Podargidae	8902	family
8904		Podargus	8903	genus
8905	Tawny frogmouth	Podargus strigoides	8904	species
8906	shorebirds and others	Charadriiformes	8825	order
8907		Charadriidae	8906	family
8908		Hoplopterus	8907	genus
8909	Spur-winged lapwing	Vanellus spinosus	50403	species
8910	gulls	Laridae	8906	family
8911		Larus	8910	genus
8912	Great black-backed gull	Larus marinus	8911	species
8915	Lesser black-backed gull	Larus fuscus	8911	species
8917	snipes	Scolopacidae	8906	family
8918		Calidris	8917	genus
8919	Dunlin	Calidris alpina	8918	species
8920	storks and others	Ciconiiformes	8825	order
8922		Cathartidae	2558200	family
8923		Vultur	8922	genus
8924	Andean condor	Vultur gryphus	8923	species
8926	storks	Ciconiidae	8920	family
8927		Ciconia	8926	genus
8928	White stork	Ciconia ciconia	8927	species
8929	pigeons and others	Columbiformes	8825	order
8930	pigeons	Columbidae	8929	family
8931		Columba	8930	genus
8932	Rock dove	Columba livia	8931	species
8933		Columba sp.	2643597	species
8934	Common wood pigeon	Columba palumbus	8931	species
8936	kingfishers and others	Coraciiformes	8825	order
8937	kingfishers	Alcedinidae	8936	family
8938		Dacelo	8937	genus
8939	Laughing kookaburra	Dacelo novaeguineae	8938	species
8940	cuckoos and others	Cuculiformes	8825	order
8941	cuckoos	Cuculidae	8940	family
8942		Carpococcyx	8941	genus
8943	Coral-billed ground-cuckoo	Carpococcyx renauldi	8942	species
8944		Eudynamys	8941	genus
8945	Western koel	Eudynamys scolopaceus	8944	species
8946		Geococcyx	78204	genus
8947	Greater roadrunner	Geococcyx californianus	8946	species
8948	falcons and others	Falconiformes	8825	order
8949		Falconidae	8948	family
8951	Southern caracara	Caracara plancus	1094195	species
8952	falcons	Falco	8949	genus
8953	Merlin	Falco columbarius	8952	species
8954	Peregrine falcon	Falco peregrinus	8952	species
8955		Accipitrinae	56259	subfamily
8956		Accipiter	8955	genus
8957	Northern goshawk	Accipiter gentilis	8956	species
8958		Aegypius	8955	genus
8959	Cinereous vulture	Aegypius monachus	8958	species
8960		Aquila	8955	genus
8961	Wedge-tailed eagle	Aquila audax	8960	species
8962	Golden eagle	Aquila chrysaetos	8960	species
8963	harriers	Circus	8955	genus
8964	Western marsh harrier	Circus aeruginosus	8963	species
8965		Gyps	8955	genus
8966	Cape vulture	Gyps coprotheres	8965	species
8967	Rueppell's griffon	Gyps rueppelli	8965	species
8968		Haliaeetus	8955	genus
8969	White-tailed sea-eagle	Haliaeetus albicilla	8968	species
8970		Haliastur	8955	genus
8971	Brahminy kite	Haliastur indus	8970	species
8972		Polyboroides	8955	genus
8973	Madagascar harrier-hawk	Polyboroides radiatus	8972	species
8974		Trigonoceps	8955	genus
8975	White-headed vulture	Trigonoceps occipitalis	8974	species
8976	landfowls	Galliformes	1549675	order
8977		Megapodiidae	8976	family
8978		Megapodius	8977	genus
8979	Dusky scrubfowl	Megapodius freycinet	8978	species
8980		Leipoa	8977	genus
8981	Malleefowl	Leipoa ocellata	8980	species
8982		Cracidae	8976	family
8983		Ortalis	8982	genus
8984	Plain chachalaca	Ortalis vetula	8983	species
8985		Penelope	8982	genus
8986	Spix's guan	Penelope jacquacu	8985	species
8987	Rusty-margined guan	Penelope superciliaris	8985	species
8988		Aburria	8982	genus
8990	guineafowls	Numididae	8976	family
8991		Acryllium	8990	genus
8992	Vulturine guineafowl	Acryllium vulturinum	8991	species
8993		Guttera	8990	genus
8994	Eastern crested guineafowl	Guttera pucherani	8993	species
8995		Numida	8990	genus
8996	Helmeted guineafowl	Numida meleagris	8995	species
8997	guineafowl	Numididae sp.	2732810	species
8999		Bonasa	466585	genus
9000	Ruffed grouse	Bonasa umbellus	8999	species
9001		Centrocercus	466585	genus
9002	Sage grouse	Centrocercus urophasianus	9001	species
9003		Tympanuchus	466585	genus
9004	Greater prairie chicken	Tympanuchus cupido	9003	species
9005	turkeys	Phasianidae	8976	family
9006	Quail	Phasianidae sp.	2922367	species
9008		Callipepla	224313	genus
9009	Scaled quail	Callipepla squamata	9008	species
9010	Chestnut bellied scaled quail	Callipepla squamata castanogastris	9009	subspecies
9011	Blue scaled quail	Callipepla squamata pallida	9009	subspecies
9013		Colinus	224313	genus
9014	Northern bobwhite	Colinus virginianus	9013	species
9016		Cyrtonyx	224313	genus
9017	Montezuma quail	Cyrtonyx montezumae	9016	species
9018		Francolinus	466544	genus
9019	Grey francolin	Francolinus pondicerianus	9018	species
9020	Red-necked francolin	Pternistis afer	1756210	species
9021	Coqui francolin	Peliperdix coqui	388983	species
9022	Erckel's francolin	Pternistis erckelii	1756210	species
9023	Black francolin	Francolinus francolinus	9018	species
9027		Oreortyx	224313	genus
9029	Mountain quail	Oreortyx pictus	9027	species
9030		Gallus	9072	genus
9031	Chicken	Gallus gallus	9030	species
9032	Sri Lanka junglefowl	Gallus lafayettii	9030	species
9033	Grey junglefowl	Gallus sonneratii	9030	species
9034	Green junglefowl	Gallus varius	9030	species
9036		Gallus sp.	2633162	species
9039		Lophophorus	9072	genus
9040	Himalayan monal pheasant	Lophophorus impejanus	9039	species
9041		Lophura	9072	genus
9042	Bulwer's pheasant	Lophura bulweri	9041	species
9043	Edwards's pheasant	Lophura edwardsi	9041	species
9044	Bornean crested fireback pheasant	Lophura ignita	9041	species
9046	Silver pheasant	Lophura nycthemera	9041	species
9048	peafowls	Pavo	9072	genus
9049	Indian peafowl	Pavo cristatus	9048	species
9050	Green peafowl	Pavo muticus	9048	species
9051		Perdix	466544	genus
9052	Gray partridge	Perdix perdix	9051	species
9053		Phasianus	9072	genus
9054	Common pheasant	Phasianus colchicus	9053	species
9055	Green pheasant	Phasianus versicolor	9053	species
9056		Phasianus sp.	2631862	species
9057	Black-necked pheasant	Phasianus colchicus colchicus	9054	subspecies
9058		Polyplectron	9072	genus
9059	Grey peacock-pheasant	Polyplectron bicalcaratum	9058	species
9060		Pucrasia	9072	genus
9061	Koklass pheasant	Pucrasia macrolopha	9060	species
9062		Syrmaticus	9072	genus
9063	Elliot's pheasant	Syrmaticus ellioti	9062	species
9064	Mrs Hume's pheasant	Syrmaticus humiae	9062	species
9065	Mikado pheasant	Syrmaticus mikado	9062	species
9066	Reeves's pheasant	Syrmaticus reevesii	9062	species
9067	Copper pheasant	Syrmaticus soemmerringii	9062	species
9069		Tragopan	9072	genus
9070	Satyr tragopan	Tragopan satyra	9069	species
9071	Temminck's tragopan	Tragopan temminckii	9069	species
9072		Phasianinae	9005	subfamily
9075		Afropavo	9072	genus
9076	Congo peafowl	Afropavo congensis	9075	species
9077		Alectoris	466544	genus
9078	Chukar partridge	Alectoris chukar	9077	species
9079	Red-legged partridge	Alectoris rufa	9077	species
9080		Argusianus	9072	genus
9081	Great argus	Argusianus argus	9080	species
9082		Bambusicola	466544	genus
9083	Chinese bamboo-partridge	Bambusicola thoracicus	9082	species
9084		Catreus	9072	genus
9085	Cheer pheasant	Catreus wallichii	9084	species
9087		Chrysolophus	9072	genus
9088	Lady Amherst's pheasant	Chrysolophus amherstiae	9087	species
9089	Golden pheasant	Chrysolophus pictus	9087	species
9090		Coturnix	466544	genus
9091	Common quail	Coturnix coturnix	9090	species
9093	Harlequin quail	Coturnix delegorguei	9090	species
9095		Crossoptilon	9072	genus
9096	Blue-eared pheasant	Crossoptilon auritum	9095	species
9097	Brown-eared pheasant	Crossoptilon mantchuricum	9095	species
9100		Agriocharis	9005	genus
9101	Ocellated turkey	Meleagris ocellata	9102	species
9102		Meleagris	466552	genus
9103	Wild turkey	Meleagris gallopavo	9102	species
9104		Arborophila	466544	genus
9105	Hill partridge	Arborophila torqueola	9104	species
9108	terrestrial and marshbirds	Gruiformes	8825	order
9109	cranes	Gruidae	9108	family
9111	Demoiselle crane	Anthropoides virgo	9114	species
9114		Grus	9109	genus
9117	Whooping crane	Grus americana	9114	species
9118	Wattled crane	Bugeranus carunculatus	9114	species
9119	rails	Rallidae	9108	family
9120	coots	Fulica	9119	genus
9121	Common coot	Fulica atra	9120	species
9122		Gallinula	9119	genus
9123	Common moorhen	Gallinula chloropus	9122	species
9124		Gallirallus	9119	genus
9125	Weka	Gallirallus australis	9124	species
9126	song birds	Passeriformes	8825	order
9127		Cotingidae	9126	family
9128		Ampelion	9127	genus
9131		Gymnorhina	2169681	genus
9132	Australian magpie	Gymnorhina tibicen	9131	species
9133		Fringillidae	175121	family
9134		Serinus	37599	genus
9135	Island canary	Serinus canaria	9134	species
9136		Furnariidae	9126	family
9137		Asthenes	9136	genus
9138	Creamy-breasted canastero	Asthenes dorbignyi	9137	species
9140		Thripophaga	9136	genus
9143	Australian choughs	Corcoracidae	192204	family
9144		Corcorax	9143	genus
9145	White-winged chough	Corcorax melanoramphos	9144	species
9146	honeyeaters	Meliphagidae	1931080	family
9147		Ptiloprora	9146	genus
9148	Leaden honeyeater	Ptiloprora plumbea	9147	species
9149	paradise birds	Paradisaeidae	192204	family
9150		Epimachus	9149	genus
9151	Black-billed sicklebill	Drepanornis albertisi	681189	species
9153	titmice	Paridae	9126	family
9154		Parus	9153	genus
9157	Great tit	Parus major	9154	species
9158	sparrows	Passeridae	175121	family
9159		Passer	9158	genus
9160	Eurasian tree sparrow	Passer montanus	9159	species
9161	pittas	Pittidae	9126	family
9162		Pitta	9161	genus
9163	Hooded pitta	Pitta sordida	9162	species
9164	bowerbirds	Ptilonorhynchidae	9126	family
9165		Amblyornis	9164	genus
9166	Macgregor's bowerbird	Amblyornis macgregoriae	9165	species
9167	tapaculos	Rhinocryptidae	9126	family
9168		Scytalopus	9167	genus
9169	Magellanic tapaculo	Scytalopus magellanicus	9168	species
9170	starlings	Sturnidae	9126	family
9171		Sturnus	9170	genus
9172	Starling	Sturnus vulgaris	9171	species
9173	babblers	Timaliidae	2116661	family
9174		Pomatostomus	9173	genus
9175	Papuan babbler	Garritornis isidorei	2821481	species
9176	Chestnut-crowned babbler	Pomatostomus ruficeps	9174	species
9177	White-browed babbler	Pomatostomus superciliosus	9174	species
9178	Grey-crowned babbler	Pomatostomus temporalis	9174	species
9180		Pomatostomus halli	9174	species
9181		Phylloscopus	1607688	genus
9182	Willow warbler	Phylloscopus trochilus	9181	species
9183	thrushes	Turdidae	9126	family
9184		Catharus	9183	genus
9185	Hermit thrush	Catharus guttatus	9184	species
9186		Turdus	9183	genus
9187	Common blackbird	Turdus merula	9186	species
9188	American robin	Turdus migratorius	9186	species
9190		Agelaius	164646	genus
9191	Tricolored blackbird	Agelaius tricolor	9190	species
9193	shrikes	Laniidae	192204	family
9194		Laniarius	85067	genus
9195		Laniarius aethiopicus	9194	species
9196	Abyssinnian gonolek	Laniarius barbarus	9194	species
9198	Luehder's bushshrike	Laniarius luehderi	9194	species
9199		Laniarius ruficeps rufinuchalis	9201	subspecies
9200		Laniarius turatii	9194	species
9201		Laniarius ruficeps	9194	species
9202		Telophorus	85067	genus
9204		Telophorus bocagei	9202	species
9205	Ibis, herons and pelicans	Pelecaniformes	8825	order
9206	cormorants and shags	Phalacrocoracidae	9205	family
9207		Phalacrocorax	9206	genus
9208	King cormorant	Leucocarbo albiventer	1523025	species
9209	Great cormorant	Phalacrocorax carbo	9207	species
9210	Little black cormorant	Phalacrocorax sulcirostris	9207	species
9211	anhingas	Anhingidae	9205	family
9212		Anhinga	9211	genus
9213	Australian darter	Anhinga novaehollandiae	9212	species
9214	flamingos	Phoenicopteriformes	8825	order
9215	flamingos	Phoenicopteridae	9214	family
9216		Phoenicopterus	9215	genus
9217	American flamingo	Phoenicopterus ruber	9216	species
9218		Phoenicopterus ruber ruber	9217	subspecies
9219	woodpeckers and others	Piciformes	8825	order
9220	woodpeckers	Picidae	9219	family
9221		Colaptes	9220	genus
9222	Southern Andean flicker	Colaptes rupicola	9221	species
9223	parrots and others	Psittaciformes	8825	order
9224	parrots	Psittacidae	9223	family
9225		Ara	9224	genus
9226	Blue-and-yellow macaw	Ara ararauna	9225	species
9227		Psittacula	9224	genus
9228	Rose-ringed parakeet	Psittacula krameri	9227	species
9230	penguins	Sphenisciformes	8825	order
9231	penguins	Spheniscidae	9230	family
9232		Aptenodytes	9231	genus
9233	Emperor penguin	Aptenodytes forsteri	9232	species
9234	King penguin	Aptenodytes patagonicus	9232	species
9235		Eudyptes	9231	genus
9237		Pygoscelis	9231	genus
9238	Adelie penguin	Pygoscelis adeliae	9237	species
9239		Spheniscus	9231	genus
9240	Humboldt penguin	Spheniscus humboldti	9239	species
9242	hummingbirds	Trochilidae	8892	family
9243		Calypte	9242	genus
9244	Anna's hummingbird	Calypte anna	9243	species
9246	buttonquails	Turnicidae	8906	family
9247		Turnix	9246	genus
9248	Common buttonquail	Turnix sylvaticus	9247	species
9251		Podilymbus	30448	genus
9252	Pied-billed grebe	Podilymbus podiceps	9251	species
12929		Amazona	9224	genus
12930	Blue-fronted Amazon parrot	Amazona aestiva	12929	species
12945		Aratinga	9224	genus
12946	red-masked parakeet	Psittacara erythrogenys	1664462	species
12981		Cacatua	35549	genus
12983	Tanimbar cockatoo	Cacatua goffiniana	12981	species
13113		Lorius	35610	genus
13114	Chattering lory	Lorius garrulus	13113	species
13145		Melopsittacus	1545690	genus
13146	Budgerigar	Melopsittacus undulatus	13145	species
13179		Nymphicus	35549	genus
13180	Cockatiel	Nymphicus hollandicus	13179	species
13213		Pionus	9224	genus
13214	Blue-headed parrot	Pionus menstruus	13213	species
13239		Psittacus	9224	genus
13244		Regulus	2927774	genus
13245	Golden-crowned kinglet	Regulus satrapa	13244	species
13745	murres	Uria	28683	genus
13746	Common mure	Uria aalge	13745	species
27580		Pardalotidae	1931080	family
27581		Sericornis	626425	genus
27582	Large-billed scrubwren	Sericornis magnirostra	27581	species
28680	Northern pintail	Anas acuta	8835	species
28681	Common gull	Larus canus	8911	species
28682	Purple sandpiper	Calidris maritima	8918	species
28683		Alcidae	8906	family
28684		Aethia	28683	genus
28685	Crested auklet	Aethia cristatella	28684	species
28686	Least auklet	Aethia pusilla	28684	species
28687	Whiskered auklet	Aethia pygmaea	28684	species
28688		Alca	28683	genus
28689	Razorbill	Alca torda	28688	species
28690		Alle	28683	genus
28691	Little auk	Alle alle	28690	species
28692		Brachyramphus	28683	genus
28693	Kittlitz's murrelet	Brachyramphus brevirostris	28692	species
28694	Marbled murrelet	Brachyramphus marmoratus	28692	species
28695		Cepphus	28683	genus
28696	Pigeon guillemot	Cepphus columba	28695	species
28697	Black guillemot	Cepphus grylle	28695	species
28698		Cyclorrhynchus	28683	genus
28699	Parakeet auklet	Aethia psittacula	28684	species
28700		Fratercula	28683	genus
28701	Atlantic puffin	Fratercula arctica	28700	species
28702	Horned puffin	Fratercula corniculata	28700	species
28705		Ptychoramphus	28683	genus
28706	Cassin's auklet	Ptychoramphus aleuticus	28705	species
28707		Synthliboramphus	28683	genus
28708	Ancient murrelet	Synthliboramphus antiquus	28707	species
28709	Guadalupe murrelet	Synthliboramphus hypoleucus	28707	species
28710	Japanese murrelet	Synthliboramphus wumizusume	28707	species
28711	Thick-billed murre	Uria lomvia	13745	species
28712		Lanius	9193	genus
28713	Loggerhead shrike	Lanius ludovicianus	28712	species
28714	Black sicklebill	Epimachus fastosus	9150	species
28715		Diphyllodes	9149	genus
28716	Magnificent bird-of-paradise	Cicinnurus magnificus	28715	species
28717		Manucodia	9149	genus
28719		Ptiloris	9149	genus
28720		Ptiloris paradiseus	28719	species
28721		Ailuroedus	9164	genus
28722	Black-eared catbird	Ailuroedus melanotis	28721	species
28723		Ptilonorhynchus	9164	genus
28724	Satin bowerbird	Ptilonorhynchus violaceus	28723	species
28725		Corvidae	192204	family
28726		Cyanocitta	28725	genus
28727	Blue jay	Cyanocitta cristata	28726	species
28728		Tyrannidae	9126	family
28729		Empidonax	28728	genus
28730	Least flycatcher	Empidonax minimus	28729	species
28731		Vireonidae	192204	family
28732		Vireo	34944	genus
28733	Red-eyed vireo	Vireo olivaceus	28732	species
29059		Selasphorus	9242	genus
29060	Rufous hummingbird	Selasphorus rufus	29059	species
30381		Alopochen	2068719	genus
30382	Egyptian goose	Alopochen aegyptiaca	30381	species
30384		Aythya	2068721	genus
30385	Redhead	Aythya americana	30384	species
30386		Netta	2068721	genus
30387	Red-crested pochard	Netta rufina	30386	species
30388	Southern screamer	Chauna torquata	8828	species
30389	great herons	Ardea	8899	genus
30390	Grey heron	Ardea cinerea	30389	species
30391		Guira	33596	genus
30392	Guira cuckoo	Guira guira	30391	species
30393		Scythrops	8941	genus
30394	Channel-billed cuckoo	Scythrops novaehollandiae	30393	species
30395		Aquila sp.	2676976	species
30396	hawks	Buteo	8955	genus
30397	Eurasian buzzard	Buteo buteo	30396	species
30398		Necrosyrtes	8955	genus
30399	Hooded vulture	Necrosyrtes monachus	30398	species
30400		Aepypodius	8977	genus
30401	Wattled brush turkey	Aepypodius arfakianus	30400	species
30402	Siamese fireback pheasant	Lophura diardi	9041	species
30403	Palawan peacock-pheasant	Polyplectron napoleonis	9058	species
30404		Rollulus	466544	genus
30405	Crested partridge	Rollulus rouloul	30404	species
30406	Blyth's tragopan pheasant	Tragopan blythii	9069	species
30407	Cabot's tragopan pheasant	Tragopan caboti	9069	species
30408	White-eared pheasant	Crossoptilon crossoptilon	9095	species
30409		Lagopus	466585	genus
30410	White-tailed ptarmigan	Lagopus leucura	30409	species
30411	loons	Gaviiformes	8825	order
30412	loons	Gaviidae	30411	family
30413		Balearica	9109	genus
30414	Black crowned-crane	Balearica pavonina	30413	species
30415	Japanese crane	Grus japonensis	9114	species
30416	hoatzins	Opisthocomiformes	8825	order
30417	hoatzins	Opisthocomidae	30416	family
30418		Opisthocomus	30417	genus
30419	Hoatzin	Opisthocomus hoazin	30418	species
30420	crows	Corvus	28725	genus
30421	Pied crow	Corvus albus	30420	species
30422	Carrion crow	Corvus corone	30420	species
30423	Eurasian jackdaw	Coloeus monedula	2821309	species
30424	buntings	Emberiza	400781	genus
30425	Reed bunting	Emberiza schoeniclus	30424	species
30426		Carpodacus	37599	genus
30427	House finch	Haemorhous mexicanus	1523891	species
30428		Scytalopus magellanicus acutirostris	9169	subspecies
30429		Scytalopus magellanicus opacus	9169	subspecies
30430		Scytalopus sp.	2637580	species
30431	Rufous-vented tapaculo	Scytalopus femoralis	9168	species
30435	Unicolored tapaculo	Scytalopus unicolor	9168	species
30438	Brown-rumped tapaculo	Scytalopus latebricola	9168	species
30440	Narino tapaculo	Scytalopus vicinior	9168	species
30441		Melanopareia	9167	genus
30442		Melanopareia maximiliani	30441	species
30443	frigatebirds	Fregatidae	9205	family
30444	pelicans	Pelecanidae	9205	family
30445	tropicbirds	Phaethontidae	9205	family
30446	gannets and boobies	Sulidae	9205	family
30447	grebes	Podicipediformes	8825	order
30448	grebes	Podicipedidae	30447	family
30449	petrels and albatrosses	Procellariiformes	8825	order
30451	shearwaters and petrels	Procellariidae	30449	family
30453		Puffinus	30451	genus
30454		Fulmarus	30451	genus
30455	Northern fulmar	Fulmarus glacialis	30454	species
30456	white-capped parrot	Pionus senilis	13213	species
30457	Gentoo penguin	Pygoscelis papua	9237	species
30458	owls	Strigiformes	8825	order
30459		Strigidae	30458	family
30460	eagle owls	Bubo	30459	genus
30461	Eurasian eagle-owl	Bubo bubo	30460	species
30462	barn owls	Tytonidae	30458	family
30463	Dwarf cassowary	Casuarius bennetti	8786	species
30464	Chilean tinamou	Nothoprocta perdicaria	8806	species
30465		Rhynchotus	8803	genus
30466	Red-winged tinamou	Rhynchotus rufescens	30465	species
30467		Tinamus	8803	genus
30468	Great tinamou	Tinamus major	30467	species
31908	Eurasian oystercatcher	Haematopus ostralegus	32635	species
31919	Eurasian curlew	Numenius arquata	32638	species
32635		Haematopus	37576	genus
32638	curlews	Numenius	8917	genus
32641		Sula	30446	genus
33574		Threskiornithidae	9205	family
33575		Plegadis	33574	genus
33576	Puna ibis	Plegadis ridgwayi	33575	species
33577		Platalea	33574	genus
33578	African spoonbill	Platalea alba	33577	species
33579		Scopidae	8920	family
33580		Scopus	33579	genus
33581	Hammerkop	Scopus umbretta	33580	species
33582		Balaenicipitidae	8920	family
33583		Balaeniceps	33582	genus
33584	Shoebill	Balaeniceps rex	33583	species
33585		Mycteria	8926	genus
33586	yellow-billed stork	Mycteria ibis	33585	species
33587	Wood stork	Mycteria americana	33585	species
33588		Leptoptilos	8926	genus
33589	Marabou stork	Leptoptilos crumenifer	33588	species
33590		Jabiru	8926	genus
33591	Jabiru stork	Jabiru mycteria	33590	species
33592		Cuculus	8941	genus
33593	pallid cuckoo	Cuculus pallidus	33592	species
33594		Phaenicophaeus	8941	genus
33595		Phaenicophaeus curvirostris	33594	species
33596		Crotophagidae	8940	family
33597		Crotophaga	33596	genus
33598	Groove-billed ani	Crotophaga sulcirostris	33597	species
33599		Coccyzidae	8940	family
33600		Piaya	33599	genus
33601	Common squirrel cuckoo	Piaya cayana	33600	species
33602		Coccyzus	33599	genus
33603	Yellow-billed cuckoo	Coccyzus americanus	33602	species
33604	Black-billed cuckoo	Coccyzus erythropthalmus	33602	species
33605		Torgos	8955	genus
33606	Lappet-faced vulture	Torgos tracheliotos	33605	species
33607		Neophron	8955	genus
33608	Egyptian vulture	Neophron percnopterus	33607	species
33609		Gypaetus	8955	genus
33610	Bearded Vulture	Gypaetus barbatus	33609	species
33611		Cathartes	8922	genus
33612	lesser yellow-headed vulture	Cathartes burrovianus	33611	species
33613		Coragyps	8922	genus
33614	Black vulture	Coragyps atratus	33613	species
33615		Gymnogyps	8922	genus
33616	California condor	Gymnogyps californianus	33615	species
33617		Pelecanus	30444	genus
33618	American white pelican	Pelecanus erythrorhynchos	33617	species
34919	Australian Sarus crane	Antigone antigone gillae	2717063	subspecies
34920	Indian Sarus crane	Antigone antigone antigone	2717063	subspecies
34921	Burmese Sarus crane	Antigone antigone sharpii	2717063	subspecies
34923	magpies	Pica	28725	genus
34924	Eurasian magpie	Pica pica	34923	species
34925	Green catbird	Ailuroedus crassirostris	28721	species
34926	streaked bowerbird	Amblyornis subalaris	9165	species
34929	Tooth-billed bowerbird	Scenopoeetes dentirostris	1131247	species
34930		Chlamydera	9164	genus
34931	spotted bowerbird	Chlamydera maculata	34930	species
34932	Great bowerbird	Chlamydera nuchalis	34930	species
34933	fawn-breasted bowerbird	Chlamydera cerviniventris	34930	species
34934		Prionodura	9164	genus
34935	Golden bowerbird	Prionodura newtoniana	34934	species
34936		Sericulus	9164	genus
34937	regent bowerbird	Sericulus chrysocephalus	34936	species
34938		Archboldia	9164	genus
34939	Archbold's bowerbird	Archboldia papuensis	34938	species
34940	Dusky thrush	Turdus naumanni	9186	species
34941	peppershrikes	Cyclarhinae	28731	subfamily
34942		Cyclarhis	34941	genus
34943	Rufous-browed peppershrike	Cyclarhis gujanensis	34942	species
34944	shrike-vireos	Vireoninae	28731	subfamily
34945	Warbling vireo	Vireo gilvus	28732	species
34946		Vireo gilvus swainsonii	34945	subspecies
34947		Vireo gilvus gilvus	34945	subspecies
34948	White-eyed vireo	Vireo griseus	28732	species
34949	Philadelphia vireo	Vireo philadelphicus	28732	species
34950	Blue-headed vireo	Vireo solitarius	28732	species
34951		Vireo solitarius solitarius	34950	subspecies
34953	Gray vireo	Vireo vicinior	28732	species
34954	Bell's vireo	Vireo bellii	28732	species
34955		Vireo bellii bellii	34954	subspecies
34956	Black-whiskered vireo	Vireo altiloquus	28732	species
34957		Vireo altiloquus altiloquus	34956	subspecies
34958	vireos and greenlets	Vireolaniinae	28731	subfamily
34959		Vireolanius	34958	genus
34960	slaty-capped shrike-vireo	Vireolanius leucotis	34959	species
35536		Neophema	9224	genus
35537		Neophema petrophila	35536	species
35538	rock parrot	Neophema petrophila petrophila	35537	subspecies
35539		Pezoporus	9224	genus
35540	Ground parrot	Pezoporus wallicus	35539	species
35541		Platycercus	9224	genus
35542	Western rosella	Platycercus icterotis	35541	species
35543	western rosella	Platycercus icterotis xanthogenis	35542	subspecies
35544		Polytelis	9224	genus
35545	Regent parrot	Polytelis anthopeplus	35544	species
35546	regent parrot	Polytelis anthopeplus westralis	35545	subspecies
35547		Strigops	9224	genus
35549	cockatoos	Cacatuidae	9223	family
35550		Calyptorhynchus	35549	genus
35551	Red-tailed black cockatoo	Calyptorhynchus banksii	35550	species
35552	red-tailed black cockatoo	Calyptorhynchus banksii graptogyne	35551	subspecies
35610	lories	Loriini	1545690	tribe
35669	Herring gull	Larus argentatus	8911	species
36241	Black stork	Ciconia nigra	8927	species
36242		Streptopelia	8930	genus
36243	Eastern turtle dove	Streptopelia orientalis	36242	species
36244		Alcedo	8937	genus
36245	Common kingfisher	Alcedo atthis	36244	species
36246		Cuculus saturatus	33592	species
36247	Eurasian griffon	Gyps fulvus	8965	species
36248	Himalayan griffon	Gyps himalayensis	8965	species
36249	Large-billed crow	Corvus macrorhynchos	30420	species
36250	Rustic bunting	Emberiza rustica	30424	species
36251	Grey bunting	Emberiza variabilis	30424	species
36252		Carduelis	37599	genus
36254		Fringilla	37597	genus
36255	Brambling	Fringilla montifringilla	36254	species
36256		Motacillidae	175121	family
36257		Anthus	36256	genus
36258	Indian tree pipit	Anthus hodgsoni	36257	species
36259	Wilson's bird of paradise	Diphyllodes respublica	28715	species
36260	brown sicklebill	Epimachus meyeri	9150	species
36261	curl-crested manucode	Manucodia comrii	28717	species
36262		Cicinnurus	9149	genus
36263	king bird of paradise	Cicinnurus regius	36262	species
36264		Seleucidis	9149	genus
36265	Twelve-wired bird of paradise	Seleucidis melanoleucus	36264	species
36266		Paradisaea	9149	genus
36267	Blue bird-of-paradise	Paradisaea rudolphi	36266	species
36268	Raggiana bird-of-paradise	Paradisaea raggiana	36266	species
36269	Grey starling	Sturnus cineraceus	9171	species
36270	Old World warblers	Sylviidae	2116661	family
36271		Cettia	330750	genus
36272	Japanese bush warbler	Horornis diphone	1592217	species
36273	Arctic warbler	Phylloscopus borealis	9181	species
36274		Leiothrix	1673678	genus
36275	Red-billed leiothrix	Leiothrix lutea	36274	species
36277		Troglodytes	69501	genus
36278	Winter wren	Troglodytes troglodytes	36277	species
36279	Japanese grey thrush	Turdus cardis	9186	species
36280	brown-headed thrush	Turdus chrysolaus	9186	species
36281	eye-browed thrush	Turdus obscurus	9186	species
36282	Pale thrush	Turdus pallidus	9186	species
36283		Erithacus	9183	genus
36285		Monticola	9183	genus
36286	Blue rock-thrush	Monticola solitarius	36285	species
36287		Zoothera	9183	genus
36288	White's thrush	Zoothera dauma	36287	species
36291	Old World flycatchers	Muscicapidae	9126	family
36292		Ficedula	36291	genus
36293	Narcissus flycatcher	Ficedula narcissina	36292	species
36294	bulbuls	Pycnonotidae	2116661	family
36295		Hypsipetes	36294	genus
36297	white-eyes	Zosteropidae	2116661	family
36298		Zosterops	36297	genus
36299	Japanese white-eye	Zosterops japonicus	36298	species
36300	Dalmatian pelican	Pelecanus crispus	33617	species
36301	Great white pelican	Pelecanus onocrotalus	33617	species
36302		Picoides	9220	genus
36303	pygmy woodpecker	Yungipicus kizuki	2823210	species
36304		Strix	30459	genus
36305	Ural owl	Strix uralensis	36304	species
36724		Ramphocelus	400783	genus
36725	scarlet-rumped tanager	Ramphocelus passerinii	36724	species
36726	crimson-collared tanager	Ramphocelus sanguinolentus	36724	species
36727	yellow-rumped tanager	Ramphocelus icteronotus	36724	species
36728	Cherrie's tanager	Ramphocelus costaricensis	36724	species
36729	masked crimson tanager	Ramphocelus nigrogularis	36724	species
36730	Silver-beaked tanager	Ramphocelus carbo	36724	species
36731	Brazilian tanager	Ramphocelus bresilius	36724	species
36732		Piranga	2969676	genus
36733	Summer tanager	Piranga rubra	36732	species
37036	Kelp gull	Larus dominicanus	8911	species
37038		Gavia	30412	genus
37039	Common loon	Gavia immer	37038	species
37040	Red-throated diver	Gavia stellata	37038	species
37041		Fregata	30443	genus
37042	Magnificent frigatebird	Fregata magnificens	37041	species
37043	Brown pelican	Pelecanus occidentalis	33617	species
37044		Phaethon	30445	genus
37045	Red-billed tropicbird	Phaethon aethereus	37044	species
37046	Neotropical cormorant	Phalacrocorax brasilianus	9207	species
37049		Podiceps	30448	genus
37050	Horned grebe	Podiceps auritus	37049	species
37051	Greater shearwater	Ardenna gravis	1934104	species
37052	Sooty shearwater	Ardenna grisea	1934104	species
37053	Hutton's shearwater	Puffinus huttoni	30453	species
37054		Daption	30451	genus
37055	Cape petrel	Daption capense	37054	species
37056		Macronectes	30451	genus
37057	Southern giant petrel	Macronectes giganteus	37056	species
37058		Pachyptila	30451	genus
37059	Fairy prion	Pachyptila turtur	37058	species
37060		Pachyptila vittata	37058	species
37061		Procellaria	30451	genus
37062	Westland petrel	Procellaria westlandica	37061	species
37063		Pterodroma	30451	genus
37064	Kerguelen petrel	Aphrodroma brevirostris	53663	species
37066	Mottled petrel	Pterodroma inexpectata	37063	species
37067		Diomedeidae	30449	family
37068		Diomedea	37067	genus
37070		Diomedea epomophora	37068	species
37072		Fregetta	85545	genus
37073	Black-bellied storm-petrel	Fregetta tropica	37072	species
37074		Pelagodroma	85545	genus
37075	White-faced storm-petrel	Pelagodroma marina	37074	species
37076		Pelecanoididae	30449	family
37077		Pelecanoides	37076	genus
37078	South Georgia diving petrel	Pelecanoides georgicus	37077	species
37079	Common diving petrel	Pelecanoides urinatrix	37077	species
37080	Fiordland crested penguin	Eudyptes pachyrhynchus	9235	species
37081	Magellanic penguin	Spheniscus magellanicus	9239	species
37082		Eudyptula	9231	genus
37083	Little blue penguin	Eudyptula minor	37082	species
37084		Megadyptes	9231	genus
37085	Yellow-eyed penguin	Megadyptes antipodes	37084	species
37087	Blue-footed booby	Sula nebouxii	32641	species
37576	oystercatchers	Haematopodidae	8906	family
37577		Morus	30446	genus
37578	Northern gannet	Morus bassanus	37577	species
37595	yellowhammer	Emberiza citrinella	30424	species
37597		Fringillinae	9133	subfamily
37598	chaffinch	Fringilla coelebs	36254	species
37599		Carduelinae	9133	subfamily
37600	Eurasian goldfinch	Carduelis carduelis	36252	species
37601	European greenfinch	Chloris chloris	1897773	species
37602	European serin	Serinus serinus	9134	species
37604	redpolls	Acanthis	37599	genus
37606		Pyrrhula	37599	genus
37607	Eurasian bullfinch	Pyrrhula pyrrhula	37606	species
37608		Coccothraustes	37599	genus
37609	Hawfinch	Coccothraustes coccothraustes	37608	species
37610	European robin	Erithacus rubecula	36283	species
37611		Estrildidae	175121	family
37612		Viduinae	37611	subfamily
37613		Vidua	37612	genus
37614	paradise whydah	Vidua paradisaea	37613	species
38395	logrunners	Orthonychidae	192204	family
38396	chowchillas	Orthonyx	38395	genus
38397	Chowchilla	Orthonyx spaldingii	38396	species
38398	Atherton scrubwren	Sericornis keri	27581	species
38399	Yellow-throated scrubwren	Neosericornis citreogularis	2479996	species
38563	Australasian robins	Petroicidae	9126	family
38564	thicket robins	Heteromyias	38563	genus
38565	Ashy robin	Heteromyias albispecularis	38564	species
38633	New Zealand wrens	Acanthisittidae	9126	family
38634		Xenicus	38633	genus
38635	New Zealand rockwren	Xenicus gilviventris	38634	species
39616		Aphelocoma	28725	genus
39617	Florida scrub-jay	Aphelocoma coerulescens	39616	species
39620		Acrocephalus	330750	genus
39621	Great reed-warbler	Acrocephalus arundinaceus	39620	species
39638	Red-winged blackbird	Agelaius phoeniceus	9190	species
39789	Abdim's stork	Ciconia abdimii	8927	species
39957		Lophorina	9149	genus
39958	Superb bird of paradise	Lophorina superba	39957	species
39959		Parotia	9149	genus
39961	Lawes's parotia	Parotia lawesii	39959	species
39963	Red bird of paradise	Paradisaea rubra	36266	species
39964	Lesser bird of paradise	Paradisaea minor	36266	species
40155		Estrildinae	37611	subfamily
40156	mannikins	Lonchura	40155	genus
40157	white-rumped munia	Lonchura striata	40156	species
40177	Barbary partridge	Alectoris barbara	9077	species
40178	Rock partridge	Alectoris graeca	9077	species
40179	Przewalski's partridge	Alectoris magna	9077	species
40180	Arabian partridge	Alectoris melanocephala	9077	species
40181	Philby's partridge	Alectoris philbyi	9077	species
40200	towhees	Pipilo	1729112	genus
40202	Green-tailed towhee	Pipilo chlorurus	40200	species
40203	white-throated towhee	Melozone albicollis	95654	species
40204	California towhee	Melozone crissalis	95654	species
40205	Canyon towhee	Melozone fusca	95654	species
40206		Spizella	1729112	genus
40207	American tree sparrow	Spizelloides arborea	2651852	species
40208	Black-chinned sparrow	Spizella atrogularis	40206	species
40209	Brewer's sparrow	Spizella breweri	40206	species
40210	Chipping sparrow	Spizella passerina	40206	species
40211	Clay-colored sparrow	Spizella pallida	40206	species
40212	Field sparrow	Spizella pusilla	40206	species
40213	juncos	Junco	1729112	genus
40217	Dark-eyed junco	Junco hyemalis	40213	species
40586		Poephila	40155	genus
40816	Common crane	Grus grus	9114	species
40817	Black-necked crane	Grus nigricollis	9114	species
40818	Hooded crane	Grus monacha	9114	species
40819	Siberian crane	Leucogeranus leucogeranus	9114	species
40821	greater sandhill crane	Antigone canadensis tabida	1977160	subspecies
40822	Canadian sandhill crane	Antigone canadensis rowani	1977160	subspecies
40823	Florida sandhill crane	Antigone canadensis pratensis	1977160	subspecies
40824	lesser sandhill crane	Antigone canadensis canadensis	1977160	subspecies
40832		Bucephala	2068716	genus
40833	Barrow's goldeneye	Bucephala islandica	40832	species
41691	black-necked swan	Cygnus melancoryphus	8867	species
42806		Anas sp.	2626389	species
42819		Myornis	9167	genus
42820	ash-colored tapaculo	Myornis senilis	42819	species
43056	Diademed tapaculo	Scytalopus schulenbergi	9168	species
43148	swallows	Hirundinidae	2116661	family
43149		Hirundo	43148	genus
43150	Barn swallow	Hirundo rustica	43149	species
43154		Apalopteron	36297	genus
43155	Bonin honeyeater	Apalopteron familiare	43154	species
43156		Cleptornis	36297	genus
43157	Golden white-eye	Cleptornis marchei	43156	species
43158		Lichenostomus	9146	genus
43159	Fuscous honeyeater	Ptilotula fusca	2041612	species
43160		Melidectes	9146	genus
43161	Belford's melidectes	Melidectes belfordi	43160	species
43162		Sylvia	552881	genus
43163	lesser whitethroat	Curruca curruca	1930205	species
43164		Tyrannus	28728	genus
43165	Eastern kingbird	Tyrannus tyrannus	43164	species
43307	Craveri's murrelet	Synthliboramphus craveri	28707	species
43308	Spectacled guillemot	Cepphus carbo	28695	species
43309		Cerorhinca	28683	genus
43311	Tufted puffin	Fratercula cirrhata	28700	species
43312		Brachyramphus marmoratus marmoratus	28694	subspecies
43314		Glareolidae	8906	family
43315		Glareola	43314	genus
43316	Collared pratincole	Glareola pratincola	43315	species
43455	Turkey vulture	Cathartes aura	33611	species
43464		Circaetus	8955	genus
43465	short-toed snake-eagle	Circaetus gallicus	43464	species
43466	Northern harrier	Circus cyaneus	8963	species
43490	white-backed vulture	Gyps africanus	8965	species
43491	White-rumped vulture	Gyps bengalensis	8965	species
43517		Milvus	8955	genus
43518	red kite	Milvus milvus	43517	species
43550		Pernis	8955	genus
43551	European honey-buzzard	Pernis apivorus	43550	species
43578		Sarcogyps	8955	genus
43579	red-headed vulture	Sarcogyps calvus	43578	species
43580	pale white-eye	Zosterops pallidus	36298	species
43581	Silvereye	Zosterops lateralis	36298	species
43582		Sarcoramphus	8922	genus
43583	King vulture	Sarcoramphus papa	43582	species
44313		Manorina	9146	genus
44314	Noisy miner	Manorina melanocephala	44313	species
44315		Erythrura	37611	genus
44316	Gouldian finch	Chloebia gouldiae	187421	species
44317		Eopsaltria	38563	genus
44318	eastern yellow robin	Eopsaltria australis	44317	species
44387		Zonotrichia	1729112	genus
44388		Passerella	1729112	genus
44389	Fox sparrow	Passerella iliaca	44388	species
44390	Harris's sparrow	Zonotrichia querula	44387	species
44391	rufous-collared sparrow	Zonotrichia capensis	44387	species
44392	Golden-crowned sparrow	Zonotrichia atricapilla	44387	species
44393	White-crowned sparrow	Zonotrichia leucophrys	44387	species
44394	White-throated sparrow	Zonotrichia albicollis	44387	species
44395		Melospiza	1729112	genus
44396	Lincoln's sparrow	Melospiza lincolnii	44395	species
44397	Song sparrow	Melospiza melodia	44395	species
44398	Swamp sparrow	Melospiza georgiana	44395	species
45630	Grey teal	Anas gracilis	8835	species
45631	Chestnut teal	Anas castanea	8835	species
45632	Pacific black duck	Anas superciliosa	8835	species
45633	Australian shoveler	Spatula rhynchotis	8835	species
45635	hardhead duck	Aythya australis	30384	species
45636		Stictonetta	2068718	genus
45637	freckled duck	Stictonetta naevosa	45636	species
45638	Australian shelduck	Tadorna tadornoides	8888	species
45639	Ruddy shelduck	Tadorna ferruginea	8888	species
45640		Nettapus	2068731	genus
45641	cotton pygmy goose	Nettapus coromandelianus	45640	species
45642	Green pygmy goose	Nettapus pulchellus	45640	species
45643		Chenonetta	2068716	genus
45644	Australian wood duck	Chenonetta jubata	45643	species
45645		Malacorhynchus	2068719	genus
45646	pink-eared duck	Malacorhynchus membranaceus	45645	species
45647		Biziura	2068716	genus
45648	Musk duck	Biziura lobata	45647	species
45649	blue-billed duck	Oxyura australis	8883	species
45650		Anseranatidae	8826	family
45798	Berthelot's pipit	Anthus berthelotii	36257	species
45799		Anthus richardi	36257	species
45800	Tawny pipit	Anthus campestris	36257	species
45801		Anthus petrosus	36257	species
45802	Water pipit	Anthus spinoletta	36257	species
45803		Anthus pratensis	36257	species
45804	Tree pipit	Anthus trivialis	36257	species
45805	Red-throated pipit	Anthus cervinus	36257	species
45806		Motacilla	36256	genus
45807	White wagtail	Motacilla alba	45806	species
46218	Blue-breasted quail	Excalfactoria chinensis	2821314	species
46474		Aerodramus	2607033	genus
46475	Guam swiftlet	Aerodramus bartschi	46474	species
46476	Seychelles swiftlet	Aerodramus elaphrus	46474	species
46477	Mascarene swiftlet	Aerodramus francicus	46474	species
46478	edible-nest swiftlet	Aerodramus fuciphagus	46474	species
46479	brown-rumped swiftlet	Aerodramus fuciphagus vestitus	46478	subspecies
46481	black-nest swiftlet	Aerodramus maximus	46474	species
46482	white-rumped swiftlet	Aerodramus spodiopygius	46474	species
46483		Aerodramus spodiopygius assimilis	46482	subspecies
46484	white-rumped swiftlet	Aerodramus spodiopygius spodiopygius	46482	subspecies
46485	mossy-nest swiftlet	Aerodramus salangana	46474	species
46486	Sawtell's swiftlet	Aerodramus sawtelli	46474	species
46487		Aerodramus terraereginae	46474	species
46488	Himalayan swiftlet	Aerodramus brevirostris	46474	species
46489		Collocalia	2607033	genus
46490	glossy swiftlet	Collocalia esculenta	46489	species
46491		Collocalia esculenta bagobo	46490	subspecies
46492	house swift	Apus nipalensis	8894	species
46493	grey-rumped swiftlet	Collocalia esculenta marginata	46490	subspecies
46495	cave swiftlet	Collocalia linchi	46489	species
46496	pygmy swiftlet	Collocalia troglodytes	46489	species
46497		Cypsiurus	2607033	genus
46498	Asian palm-swift	Cypsiurus balasiensis	46497	species
46499		Cypseloides	2607031	genus
46500	American black swift	Cypseloides niger	46499	species
46501		Hydrochous	2607033	genus
46502	giant swiftlet	Hydrochous gigas	46501	species
46504		Streptoprocne	2607031	genus
46505	White-collared swift	Streptoprocne zonaris	46504	species
46508	tree swifts	Hemiprocninae	8893	subfamily
46509		Hemiprocne	46508	genus
46510	moustached treeswift	Hemiprocne mystacea	46509	species
46511	Vaux's swift	Chaetura vauxi	8896	species
46512		Phaethornis	9242	genus
46513	Long-tailed hermit	Phaethornis superciliosus	46512	species
46542		Procellaria cinerea	37061	species
46543		Phoebetria	37067	genus
46544	Sooty albatross	Phoebetria fusca	46543	species
46545	Light-mantled albatross	Phoebetria palpebrata	46543	species
46546		Thalassarche bulleri bulleri	54018	subspecies
46547		Diomedea epomophora sanfordi	37070	subspecies
46550	Wandering albatross	Diomedea exulans	37068	species
46552	Amsterdam albatross	Diomedea amsterdamensis	37068	species
46689	European pied flycatcher	Ficedula hypoleuca	36292	species
46903		Pachycephala	254526	genus
46904	Golden whistler	Pachycephala pectoralis	46903	species
46905		Turnagra	254526	genus
46906	piopio	Turnagra capensis	46905	species
46907	South Island piopio	Turnagra capensis capensis	46906	subspecies
46908	Bassian thrush	Zoothera lunulata	36287	species
47244		Zenaida	8930	genus
47245	Mourning dove	Zenaida macroura	47244	species
47690		Menuridae	9126	family
47691		Menura	47690	genus
47692	superb lyrebird	Menura novaehollandiae	47691	species
47693		Climacteridae	9126	family
47694		Climacteris	47693	genus
47695	rufous treecreeper	Climacteris rufus	47694	species
47976	Audubon's shearwater	Puffinus lherminieri	30453	species
47978		Puffinus atrodorsalis	30453	species
47980	Western crowned warbler	Phylloscopus occipitalis	9181	species
48149	Western Bonelli's warbler	Phylloscopus bonelli	9181	species
48150	Chiffchaff	Phylloscopus collybita	9181	species
48151	Hume's leaf warbler	Phylloscopus humei	9181	species
48152	Green warbler	Phylloscopus nitidus	9181	species
48153	Wood warbler	Phylloscopus sibilatrix	9181	species
48154	Greenish warbler	Phylloscopus trochiloides	9181	species
48155	blackcap	Sylvia atricapilla	43162	species
48156	Eurasian reed-warbler	Acrocephalus scirpaceus	39620	species
48158		Eurostopodidae	8902	family
48159		Eurostopodus	48158	genus
48160		Eurostopodus papuensis	48159	species
48275		Aegothelidae	8902	family
48276		Aegotheles	48275	genus
48277		Aegotheles albertisi	48276	species
48278		Aegotheles bennettii	48276	species
48279	Australian owlet-nightjar	Aegotheles cristatus	48276	species
48280		Batrachostomatidae	8902	family
48281		Batrachostomus	48280	genus
48282		Batrachostomus cornutus	48281	species
48283		Caprimulgidae	8902	family
48284		Caprimulgus	48286	genus
48285		Caprimulgus longirostris	48284	species
48286		Caprimulginae	48283	subfamily
48287		Chordeilinae	48283	subfamily
48288		Chordeiles	48287	genus
48289		Chordeiles rupestris	48288	species
48290		Eurostopodus mystacalis	48159	species
48395		Crypturellus	8803	genus
48396		Crypturellus undulatus	48395	species
48397	Trumpeter swan	Cygnus buccinator	8867	species
48398	Common nighthawk	Chordeiles minor	48288	species
48423		Nyctibiidae	8902	family
48424		Nyctibius	48423	genus
48425	long-tailed potoo	Nyctibius aethereus	48424	species
48426	Rufous potoo	Nyctibius bracteatus	48424	species
48427	Great potoo	Nyctibius grandis	48424	species
48428		Nyctibius griseus	48424	species
48429		Nyctibius leucopterus	48424	species
48430		Nyctibius maculosus	48424	species
48431		Podargus papuensis	8904	species
48432		Podargus ocellatus	8904	species
48433		Steatornithidae	8902	family
48434		Steatornis	48433	genus
48435	Oilbird	Steatornis caripensis	48434	species
48436		Phalaenoptilus	48286	genus
48437	Common poorwill	Phalaenoptilus nuttallii	48436	species
48617		Crotophaga major	33597	species
48670		Puffinus assimilis	30453	species
48671		Puffinus assimilis assimilis	48670	subspecies
48672	Barolo shearwater	Puffinus baroli	30453	species
48673		Puffinus haurakiensis	30453	species
48674	Townsend's shearwater	Puffinus auricularis	30453	species
48676	Buller's shearwater	Ardenna bulleri	1934104	species
48678		Ardenna carneipes hulliana	1934105	subspecies
48679	Pink-footed shearwater	Ardenna creatopus	1934104	species
48680		Puffinus gavia	30453	species
48681		Puffinus mauretanicus	30453	species
48682	Christmas shearwater	Puffinus nativitatis	30453	species
48683		Ardenna pacifica	1934104	species
48684	Short-tailed shearwater	Ardenna tenuirostris	1934104	species
48685		Puffinus yelkouan	30453	species
48687		Puffinus lherminieri lherminieri	47976	subspecies
48688	Manx shearwater	Puffinus puffinus	30453	species
48689		Puffinus puffinus puffinus	48688	subspecies
48849	House sparrow	Passer domesticus	9159	species
48877		Cactospiza	62155	genus
48878	woodpecker finch	Camarhynchus pallidus	87174	species
48879		Certhidea	400783	genus
48880	Green warbler-finch	Certhidea olivacea	48879	species
48881		Geospiza	400783	genus
48882	Large cactus-finch	Geospiza conirostris	48881	species
48883	Medium ground-finch	Geospiza fortis	48881	species
48884	Small ground-finch	Geospiza fuliginosa	48881	species
48885	Large ground-finch	Geospiza magnirostris	48881	species
48886	Common cactus-finch	Geospiza scandens	48881	species
48887		Platyspiza	62155	genus
48888		Platyspiza crassirostris	48887	species
48890	marsh tit	Poecile palustris	142475	species
48891	Black-capped chickadee	Poecile atricapillus	142475	species
48892	Carolina chickadee	Poecile carolinensis	142475	species
48895	willow tit	Poecile montanus	142475	species
50247		Sittidae	9126	family
50248		Sitta	50247	genus
50249	Red-breasted nuthatch	Sitta canadensis	50248	species
50250	White-breasted nuthatch	Sitta carolinensis	50248	species
50251	Eurasian nuthatch	Sitta europaea	50248	species
50252	velvet-fronted nuthatch	Sitta frontalis	50248	species
50253		Sitta himalayensis	50248	species
50254		Sitta krueperi	50248	species
50255	Algerian nuthatch	Sitta ledanti	50248	species
50256	Pygmy nuthatch	Sitta pygmaea	50248	species
50257		Sitta villosa	50248	species
50258		Sitta whiteheadi	50248	species
50365	Greater white-fronted goose	Anser albifrons	8842	species
50366		Somateria	2068716	genus
50367	Spectacled eider	Somateria fischeri	50366	species
50391		Charadrius	8907	genus
50392	Kentish plover	Charadrius alexandrinus	50391	species
50393	Inland dotterel	Peltohyas australis	425649	species
50394	Double-banded plover	Charadrius bicinctus	50391	species
50395	Collared plover	Charadrius collaris	50391	species
50396	Two-banded plover	Charadrius falklandicus	50391	species
50397	Rufous-chested dotterel	Charadrius modestus	50391	species
50398	Mountain plover	Charadrius montanus	50391	species
50399	Red-capped plover	Charadrius ruficapillus	50391	species
50400	Semipalmated plover	Charadrius semipalmatus	50391	species
50401	Oriental plover	Charadrius veredus	50391	species
50402	Killdeer	Charadrius vociferus	50391	species
50403		Vanellus	8907	genus
50404	Southern lapwing	Vanellus chilensis	50403	species
50405		Elseyornis	8907	genus
50406	Black-fronted dotterel	Elseyornis melanops	50405	species
50407		Oreopholus	8907	genus
50408	Tawny-throated dotterel	Oreopholus ruficollis	50407	species
50409		Thinornis	8907	genus
50410	Hooded plover	Thinornis cucullatus	50409	species
51355	Yellow-shafted flicker	Colaptes auratus	9221	species
51356	Hairy woodpecker	Leuconotopicus villosus	36302	species
51357		Dendrocopos	9220	genus
51358		Dryocopus	9220	genus
51359	Pileated woodpecker	Hylatomus pileatus	51358	species
51360		Piculus	9220	genus
51361	Golden-olive woodpecker	Colaptes rubiginosus	9221	species
51898	Peach-fronted parakeet	Eupsittula aurea	1548947	species
51899		Anodorhynchus	9224	genus
51900	Hyacinth macaw	Anodorhynchus hyacinthinus	51899	species
51901		Cyanopsitta	9224	genus
51902	Spix's macaw	Cyanopsitta spixii	51901	species
51903		Deroptyus	9224	genus
51904	Red-fan parrot	Deroptyus accipitrinus	51903	species
51905		Guaruba	9224	genus
51906	Golden parakeet	Guaruba guarouba	51905	species
51907		Nandayus	9224	genus
51908	Nanday parakeet	Aratinga nenday	12945	species
51909		Pyrrhura	9224	genus
51910	Painted parakeet	Pyrrhura picta	51909	species
52117	Barau's petrel	Pterodroma baraui	37063	species
52118	Black-winged petrel	Pterodroma nigripennis	37063	species
52119		Bulweria	30451	genus
52120	Bulwer's petrel	Bulweria bulwerii	52119	species
52121		Calonectris	30451	genus
52122	Scopoli's shearwater	Calonectris diomedea	52121	species
52123		Oceanodroma	85545	genus
52124	Leach's storm-petrel	Oceanodroma leucorhoa	52123	species
52125		Pagodroma	30451	genus
52126	Snow petrel	Pagodroma nivea	52125	species
52127		Pseudobulweria	30451	genus
52128	Mascarene petrel	Pseudobulweria aterrima	52127	species
52129	Tahiti petrel	Pseudobulweria rostrata	52127	species
52408	Spanish imperial eagle	Aquila adalberti	8960	species
52410	Eastern imperial eagle	Aquila heliaca	8960	species
52609	sedge warbler	Acrocephalus schoenobaenus	39620	species
52621		Cisticola	81890	genus
52622		Cisticola juncidis	52621	species
52644	Bald eagle	Haliaeetus leucocephalus	8968	species
52645		Haliaeetus leucogaster	8968	species
52646	Pallas's fish-eagle	Haliaeetus leucoryphus	8968	species
52647	Steller's sea-eagle	Haliaeetus pelagicus	8968	species
52648		Haliaeetus sanfordi	8968	species
52649	African fish-eagle	Haliaeetus vocifer	8968	species
52650	Willow grouse	Lagopus lagopus	30409	species
52775	Oriental stork	Ciconia boyciana	8927	species
52776		Ciconia episcopus	8927	species
52777		Ciconia maguari	8927	species
52778	Storm's stork	Ciconia stormi	8927	species
52779	Lesser adjutant stork	Leptoptilos javanicus	33588	species
52780		Mycteria cinerea	33585	species
52781		Mycteria leucocephala	33585	species
52782		Ephippiorhynchus	8926	genus
52783	Black-necked stork	Ephippiorhynchus asiaticus	52782	species
52785	Saddle-billed stork	Ephippiorhynchus senegalensis	52782	species
52788	Glossy ibis	Plegadis falcinellus	33575	species
52791		Luscinia	9183	genus
52792	Bluethroat	Luscinia svecica	52791	species
52810	black kite	Milvus migrans	43517	species
52911	Canary Islands chiffchaff	Phylloscopus canariensis	9181	species
52912	Mountain chiffchaff	Phylloscopus sindianus	9181	species
53663		Aphrodroma	30451	genus
53665	White-chinned petrel	Procellaria aequinoctialis	37061	species
53666	Chatham petrel	Pterodroma axillaris	37063	species
53667	Bermuda petrel	Pterodroma cahow	37063	species
53668	Cook's petrel	Pterodroma cookii	37063	species
53669		Pterodroma deserta	37063	species
53670	Juan Fernandez petrel	Pterodroma externa	37063	species
53671	Black-capped petrel	Pterodroma hasitata	37063	species
53672	Atlantic petrel	Pterodroma incerta	37063	species
53673	white-headed petrel	Pterodroma lessonii	37063	species
53674		Pterodroma longirostris	37063	species
53675	great-winged petrel	Pterodroma macroptera	37063	species
53676	Magenta petrel	Pterodroma magentae	37063	species
53677	Soft-plumaged petrel	Pterodroma mollis	37063	species
53678		Pterodroma mollis mollis	53677	subspecies
53679	Kermadec petrel	Pterodroma neglecta	37063	species
53680	Galapagos petrel	Pterodroma phaeopygia	37063	species
53681	Providence petrel	Pterodroma solandri	37063	species
53705		Pterodroma mollis dubia	53677	subspecies
53706	Zino's petrel	Pterodroma madeira	37063	species
53951	Tenerife teydefinch	Fringilla teydea	36254	species
54017	Atlantic yellow-nosed albatross	Thalassarche chlororhynchos	329933	species
54018	Buller's albatross	Thalassarche bulleri	329933	species
54020	Laysan albatross	Phoebastria immutabilis	521259	species
54021	Black-footed albatross	Phoebastria nigripes	521259	species
54022		Phoebastria irrorata	521259	species
54023	Short-tailed albatross	Phoebastria albatrus	521259	species
54024		Thalassarche cauta	329933	species
54025	Grey-headed albatross	Thalassarche chrysostoma	329933	species
54026	Black-browed albatross	Thalassarche melanophris	329933	species
54027		Thalassarche chlororhynchos chlororhynchos	54017	subspecies
54028		Thalassarche cauta cauta	54024	subspecies
54029		Thalassarche melanophrys melanophrys	54026	subspecies
54030		Fulmarus glacialis rodgersi	30455	subspecies
54049		Stercorariidae	8906	family
54052	Chilean skua	Stercorarius chilensis	54057	species
54053		Stercorarius antarcticus hamiltoni	555350	subspecies
54054	brown skua	Stercorarius lonnbergi	54057	species
54056	Great skua	Catharacta skua	54057	species
54057		Stercorarius	54049	genus
54058	Long-tailed jaeger	Stercorarius longicaudus	54057	species
54059	Parasitic jaeger	Stercorarius parasiticus	54057	species
54060	Pomarine jaeger	Stercorarius pomarinus	54057	species
54072		Serinus sp.	2642664	species
54078		Chlamydera lauterbachi	34930	species
54354	limpkins	Aramidae	9108	family
54355		Aramus	54354	genus
54356	Limpkin	Aramus guarauna	54355	species
54357	trumpeters	Psophiidae	9108	family
54358		Psophia	54357	genus
54359	common trumpeter	Psophia crepitans	54358	species
54360		Rallus	9119	genus
54361	Mangrove rail	Rallus longirostris	54360	species
54362		Laterallus	9119	genus
54363	Rufous-sided crake	Laterallus melanophaius	54362	species
54364		Aptornithidae	9108	family
54365		Aptornis	54364	genus
54366	South Island adzebill	Aptornis defossor	54365	species
54367	sungrebes	Heliornithidae	9108	family
54368		Heliornis	54367	genus
54369	sungrebe	Heliornis fulica	54368	species
54370		Podica	54367	genus
54371	African finfoot	Podica senegalensis	54370	species
54372		Mesitornithidae	9108	family
54373		Mesitornis	54372	genus
54374	brown roatelo	Mesitornis unicolor	54373	species
54375	bustards	Otididae	9108	family
54376		Ardeotis	54375	genus
54377		Ardeotis sp.	2620367	species
54378	seriemas	Cariamidae	1956187	family
54379		Cariama	54378	genus
54380	Red-legged seriema	Cariama cristata	54379	species
54381	sunbitterns	Eurypygidae	9108	family
54382		Eurypyga	54381	genus
54383	Sunbittern	Eurypyga helias	54382	species
54384	kagu	Rhynochetidae	9108	family
54385		Rhynochetos	54384	genus
54386	kagu	Rhynochetos jubatus	54385	species
54387		Turnix sp.	2624445	species
54391		Balearica pavonina pavonina	30414	subspecies
54480		Fulica atra australis	9121	subspecies
54481		Megacrex	9119	genus
54482	New Guinea flightless rail	Megacrex inepta	54481	species
54483		Porphyrio	9119	genus
54484	North Island takahe	Porphyrio mantelli	54483	species
54486		Porphyrio mantelli mantelli	54484	subspecies
54491		Porzana	9119	genus
54492	Baillon's crake	Porzana pusilla	54491	species
54493	spotless crake	Porzana tabuensis	54491	species
54494		Anurolimnas	9119	genus
54496		Rallus aquaticus	54360	species
54497	Chatham Island rail	Cabalus modestus	2861789	species
54500	Dieffenbach's rail	Gallirallus dieffenbachii	9124	species
54501	Lord Howe Island woodhen	Hypotaenidia sylvestris	9124	species
54502		Vanellus miles	50403	species
54503	Australian lapwing	Vanellus miles novaehollandiae	54502	subspecies
54504	jacanas	Jacanidae	8906	family
54505		Irediparra	54504	genus
54506	comb-crested jacana	Irediparra gallinacea	54505	species
54507		Jacana	54504	genus
54508	Wattled jacana	Jacana jacana	54507	species
54557	black-headed greenfinch	Chloris ambigua	1897773	species
54558		Carduelis sp.	2632962	species
54559	Lesser goldfinch	Spinus psaltria	1647189	species
54560	yellow-bellied siskin	Spinus xanthogastrus	1647189	species
54567	American purple gallinule	Porphyrio martinica	54483	species
54568	New Zealand coot	Fulica chathamensis	9120	species
54569		Aramides	9119	genus
54572		Perisoreus	28725	genus
54573	Grey jay	Perisoreus canadensis	54572	species
54574		Gymnorhinus	28725	genus
54576		Cyanolyca	28725	genus
54577	White-collared jay	Cyanolyca viridicyanus	54576	species
54578		Cyanocorax	28725	genus
54579	Plush-crested jay	Cyanocorax chrysops	54578	species
54580		Calocitta	28725	genus
54581	White-throated magpie jay	Calocitta formosa	54580	species
54768	hooded siskin	Spinus magellanicus	1647189	species
54769	Common redpoll	Acanthis flammea	37604	species
54770	yellow-breasted greenfinch	Chloris spinoides	1897773	species
54772	black-headed siskin	Spinus notatus	1647189	species
54773	American goldfinch	Spinus tristis	1647189	species
54774	white-rumped seedeater	Serinus leucopygius	9134	species
54775	gray-crowned goldfinch	Carduelis carduelis caniceps	37600	subspecies
54776	Andean siskin	Spinus spinescens	1647189	species
54777	thick-billed siskin	Spinus crassirostris	1647189	species
54971	Ruddy turnstone	Arenaria interpres	54972	species
54972	turnstones	Arenaria	8917	genus
55417		Mimidae	9126	family
55418		Toxostoma	55417	genus
55419	Le Conte's thrasher	Toxostoma lecontei	55418	species
55420	Crissal thrasher	Toxostoma crissale	55418	species
55661	common cuckoo	Cuculus canorus	33592	species
55662		Cuculus canorus canorus	55661	subspecies
55663		Cuculus canorus telephonus	55661	subspecies
55664		Cacomantis	8941	genus
55665		Cacomantis flabelliformis	55664	species
55666		Chrysococcyx	8941	genus
55667		Chrysococcyx klaas	55666	species
55668		Cacomantis sepulcralis	55664	species
55805		Maluridae	1931080	family
55806		Malurus	55805	genus
55807	Superb fairywren	Malurus cyaneus	55806	species
55973	Mexican jay	Aphelocoma ultramarina	39616	species
56067	Anhinga	Anhinga anhinga	9212	species
56068	Masked booby	Sula dactylatra	32641	species
56069	Double-crested cormorant	Phalacrocorax auritus	9207	species
56071	Red-faced cormorant	Phalacrocorax urile	9207	species
56072	Great blue heron	Ardea herodias	30389	species
56073	plumed egrets	Egretta	8899	genus
56074	Reddish egret	Egretta rufescens	56073	species
56075		Veniliornis	9220	genus
56076	bar-bellied woodpecker	Veniliornis nigriceps	56075	species
56077		Veniliornis callonotus	56075	species
56078		Sphyrapicus	9220	genus
56079	Yellow-bellied sapsucker	Sphyrapicus varius	56078	species
56080		Picumnus	9220	genus
56081		Picumnus aurifrons	56080	species
56082		Melanerpes	9220	genus
56083	Red-bellied woodpecker	Melanerpes carolinus	56082	species
56084		Campephilus	9220	genus
56085	Crimson-bellied woodpecker	Campephilus haematogaster	56084	species
56115	Spanish sparrow	Passer hispaniolensis	9159	species
56255		Accipiter superciliosus	8956	species
56256		Sagittariidae	2558200	family
56257		Sagittarius	56256	genus
56258	Secretary bird	Sagittarius serpentarius	56257	species
56259		Accipitridae	2558200	family
56260		Pandionidae	2558200	family
56261		Pandion	56260	genus
56262	Osprey	Pandion haliaetus	56261	species
56263	Red-tailed hawk	Buteo jamaicensis	30396	species
56264	saw-whet owls	Aegolius	30459	genus
56265	Northern saw-whet owl	Aegolius acadicus	56264	species
56266		Asio	30459	genus
56267	Short-eared owl	Asio flammeus	56266	species
56268	Great horned owl	Bubo virginianus	30460	species
56271		Otus	30459	genus
56272	Luzon scops owl	Otus longicornis	56271	species
56273	Philippine scops owl	Otus megalotis	56271	species
56274		Otus megalotis everetti	56273	subspecies
56275		Otus megalotis nigrorum	56273	subspecies
56276		Otus mindorensis	56271	species
56277		Otus mirus	56271	species
56278	Baikal teal	Sibirionetta formosa	1985685	species
56279		Anhima	8827	genus
56280		Anhima cornuta	56279	species
56281	Ross' goose	Anser rossii	8842	species
56282	Hawaiian goose	Branta sandvicensis	8852	species
56283		Chaetura cinereiventris	8896	species
56284		Gampsonyx	8955	genus
56285		Gampsonyx swainsonii	56284	species
56286		Mimizuku	30459	genus
56287	Giant scops owl	Otus gurneyi	56286	species
56288		Ninox	30459	genus
56289	Luzon boobook	Ninox philippensis	56288	species
56290		Coraciidae	8936	family
56291		Coracias	56290	genus
56292	Lilac-breasted roller	Coracias caudatus	56291	species
56293		Nyctanassa	8899	genus
56294	Yellow-crowned night-heron	Nyctanassa violacea	56293	species
56295		Pteroclidae	8920	family
56296		Pterocles	56295	genus
56297	crowned sandgrouse	Pterocles coronatus	56296	species
56298		Scolopax	8917	genus
56299	American woodcock	Scolopax minor	56298	species
56301	turacos	Musophagiformes	8825	order
56302		Musophagidae	56301	family
56303		Tauraco	56302	genus
56304	Hartlaub's turaco	Tauraco hartlaubi	56303	species
56305		Thalassornis	2068717	genus
56306		Thalassornis leuconotus	56305	species
56307	Painted buttonquail	Turnix varius	9247	species
56308	trogons and quetzals	Trogoniformes	8825	order
56309		Trogonidae	56308	family
56310		Trogon	56309	genus
56311	Black-tailed trogon	Trogon melanurus	56310	species
56312		Tyto	30462	genus
56313	Barn owl	Tyto alba	56312	species
56314		Sayornis	28728	genus
56315	Eastern phoebe	Sayornis phoebe	56314	species
56324	Red-backed shrike	Lanius collurio	28712	species
56325	Grey wagtail	Motacilla cinerea	45806	species
56326		Cardinalis	2969676	genus
56327	vermilion cardinal	Cardinalis phoeniceus	56326	species
56328		Sturnella	164646	genus
56329	Eastern meadowlark	Sturnella magna	56328	species
56330	Sharp-shinned hawk	Accipiter striatus	8956	species
56331		Spiziapteryx	8949	genus
56332	spot-winged falconet	Spiziapteryx circumcincta	56331	species
56333		Micrastur	8949	genus
56334		Micrastur semitorquatus	56333	species
56335	Lined forest-falcon	Micrastur gilvicollis	56333	species
56336		Milvago	8949	genus
56337	Yellow-headed caracara	Milvago chimachima	56336	species
56338		Polihierax	8949	genus
56339		Polihierax semitorquatus	56338	species
56340		Microhierax	8949	genus
56341	Philippine falconet	Microhierax erythrogenys	56340	species
56342		Herpetotheres	8949	genus
56343	Laughing falcon	Herpetotheres cachinnans	56342	species
56344		Phalcoboenus	8949	genus
56345	Striated caracara	Phalcoboenus australis	56344	species
56346		Daptrius	8949	genus
56347	Red-throated caracara	Ibycter americanus	2219151	species
56348		Daptrius ater	56346	species
56349	Aplomado falcon	Falco femoralis	8952	species
56350	American kestrel	Falco sparverius	8952	species
56351	red-footed falcon	Falco vespertinus	8952	species
56429	Radde's warbler	Phylloscopus schwarzi	9181	species
56430	Dusky warbler	Phylloscopus fuscatus	9181	species
56431	Tickell's leaf-warbler	Phylloscopus affinis	9181	species
56432	Ashy-throated warbler	Phylloscopus maculipennis	9181	species
56434	Buff-barred warbler	Phylloscopus pulcher	9181	species
56435	Pallas' leaf-warbler	Phylloscopus proregulus	9181	species
56436	Yellow-browed warbler	Phylloscopus inornatus	9181	species
56437	Blyth's leaf-warbler	Phylloscopus reguloides	9181	species
56439	Large-billed leaf-warbler	Phylloscopus magnirostris	9181	species
56440	Pale-legged leaf-warbler	Phylloscopus tenellipes	9181	species
56441	Two-barred greenish warbler	Phylloscopus plumbeitarsus	9181	species
56647		Aglaeactis	9242	genus
56648	Shining sunbeam	Aglaeactis cupripennis	56647	species
56649		Coeligena	9242	genus
56650	Bronzy inca	Coeligena coeligena	56649	species
56651	Rainbow starfrontlet	Coeligena iris	56649	species
56652		Eriocnemis	9242	genus
56653	Black-breasted puffleg	Eriocnemis nigrivestis	56652	species
56654		Lafresnaya	9242	genus
56655	Mountain velvetbreast	Lafresnaya lafresnayi	56654	species
56656		Lesbia	9242	genus
56657	Green-tailed trainbearer	Lesbia nuna	56656	species
56658		Metallura	9242	genus
56659	Tyrian metaltail	Metallura tyrianthina	56658	species
56660		Oreonympha	9242	genus
56661	Eastern mountaineer	Oreonympha nobilis	56660	species
56662		Oreotrochilus	9242	genus
56664	White-sided hillstar	Oreotrochilus leucopleurus	56662	species
56666		Sephanoides	9242	genus
56667	Juan Fernandez firecrown	Sephanoides fernandensis	56666	species
56668	Green-backed firecrown	Sephanoides sephaniodes	56666	species
56781	Common raven	Corvus corax	30420	species
56782		Garrulus	28725	genus
56783	Eurasian jay	Garrulus glandarius	56782	species
56784	Amami jay	Garrulus lidthi	56782	species
56785		Nucifraga	28725	genus
56786	Northern nutcracker	Nucifraga caryocatactes	56785	species
56787	Siberian jay	Perisoreus infaustus	54572	species
56788		Pyrrhocorax	28725	genus
56789	Yellow-billed chough	Pyrrhocorax graculus	56788	species
56790	Red-billed chough	Pyrrhocorax pyrrhocorax	56788	species
56791		Cissa	28725	genus
56792	Common green magpie	Cissa chinensis	56791	species
56793		Ptilostomus	28725	genus
56794	Piapiac	Ptilostomus afer	56793	species
56795		Urocissa	28725	genus
56796	Red-billed blue magpie	Urocissa erythroryncha	56795	species
57067		Acanthisitta	38633	genus
57068	rifleman	Acanthisitta chloris	57067	species
57069	Arctic loon	Gavia arctica	37038	species
57072	Heermann's gull	Larus heermanni	8911	species
57073	Red-tailed tropicbird	Phaethon rubricauda	37044	species
57074	Lord Derby's parakeet	Psittacula derbiana	9227	species
57075	Barred owl	Strix varia	36304	species
57235		Aechmophorus	30448	genus
57236	Western grebe	Aechmophorus occidentalis	57235	species
57237	Military macaw	Ara militaris	9225	species
57238	Tataupa tinamou	Crypturellus tataupa	48395	species
57240	Royal penguin	Eudyptes schlegeli	9235	species
57241		Fregata minor	37041	species
57242	Morepork	Ninox novaeseelandiae	56288	species
57247	Grey parrot	Psittacus erithacus	13239	species
57248		Pterodroma heraldica	37063	species
57379	hornbills	Bucerotiformes	8825	order
57380		Bucerotidae	57379	family
57381		Ramphastidae	9219	family
57382		Centropidae	8940	family
57383		Cerylidae	8936	family
57384	mousebirds	Coliiformes	8825	order
57385		Coliidae	57384	family
57386		Meropidae	8936	family
57387		Momotidae	8936	family
57388		Todidae	8936	family
57389	hoopoes and others	Upupiformes	8825	order
57390		Upupidae	57389	family
57391		Amazilia	9242	genus
57392	Rufous-tailed hummingbird	Amazilia tzacatl	57391	species
57393	Hispaniolan amazon	Amazona ventralis	12929	species
57394		Anthracoceros	57380	genus
57395	Oriental pied-hornbill	Anthracoceros albirostris	57394	species
57396		Apaloderma	56309	genus
57397	Bar-tailed trogon	Apaloderma vittatum	57396	species
57398		Aulacorhynchus	57381	genus
57399		Aulacorhynchus prasinus	57398	species
57400	Eastern Whip-poor-will	Antrostomus vociferus	1854010	species
57401		Centropus	57382	genus
57402	Greater coucal	Centropus sinensis	57401	species
57403		Ceyx	8937	genus
57405		Chloroceryle	57383	genus
57406	Green kingfisher	Chloroceryle americana	57405	species
57407		Chlorostilbon	9242	genus
57409		Colius	57385	genus
57410	White-backed mousebird	Colius colius	57409	species
57411	White-headed mousebird	Colius leucocephalus	57409	species
57412	Speckled mousebird	Colius striatus	57409	species
57413		Cuculus fugax	33592	species
57414		Euptilotis	56309	genus
57415	Eared trogon	Euptilotis neoxenus	57414	species
57416		Geococcyx velox	8946	species
57417	Least pygmy-owl	Glaucidium minutissimum	78216	species
57418		Harpactes	56309	genus
57419		Harpactes oreskios	57418	species
57420		Merops	57386	genus
57421	Northern carmine bee-eater	Merops nubicus	57420	species
57422		Micropsitta	9224	genus
57423	Finsch's pygmy-parrot	Micropsitta finschii	57422	species
57424		Momotus	57387	genus
57425	Russet-crowned motmot	Momotus mexicanus	57424	species
57426	Amazonian motmot	Momotus momota	57424	species
57427		Nyctiphrynus	48286	genus
57428	eared poorwill	Nyctiphrynus mcleodii	57427	species
57429		Pharomachrus	56309	genus
57430	Crested quetzal	Pharomachrus antisianus	57429	species
57431		Priotelus	56309	genus
57432	Cuban trogon	Priotelus temnurus	57431	species
57433		Psittrichas	9224	genus
57434	Pesquet's parrot	Psittrichas fulgidus	57433	species
57435		Todus	57388	genus
57436	Jamaican tody	Todus todus	57435	species
57437	Masked trogon	Trogon personatus	56310	species
57438		Upupa	57390	genus
57439	Eurasian hoopoe	Upupa epops	57438	species
57440		Micrathene	30459	genus
57441	Elf owl	Micrathene whitneyi	57440	species
57657	Cape gannet	Morus capensis	37577	species
57658		Morus serrator	37577	species
57659		Papasula	30446	genus
57660	Abbott's booby	Papasula abbotti	57659	species
57661	Brown booby	Sula leucogaster	32641	species
57662	Red-footed booby	Sula sula	32641	species
57663		Sula variegata	32641	species
57750		Margaroperdix	466544	genus
57751	Madagascar partridge	Margaroperdix madagarensis	57750	species
57752	Red-billed francolin	Pternistis adspersus	1756210	species
57754		Pternistis bicalcaratus	1756210	species
57755		Pternistis capensis	1756210	species
57756	Finsch's francolin	Scleroptila finschi	388993	species
57757		Francolinus gularis	9018	species
57758		Pternistis hartlaubi	1756210	species
57759		Pternistis hildebrandti	1756210	species
57760	Red-winged francolin	Scleroptila levaillantii	388993	species
57761	Orange River francolin	Francolinus levaillantoides	9018	species
57762		Pternistis natalensis	1756210	species
57763	crested francolin	Dendroperdix sephaena	388981	species
57764	Shelley's francolin	Scleroptila shelleyi	388993	species
57765		Pternistis squamatus	1756210	species
57766	Swainson's spurfowl	Pternistis swainsonii	1756210	species
58196		Cinclocerthia	55417	genus
58197	brown trembler	Cinclocerthia ruficauda	58196	species
58199		Setophaga adelaidae	182948	species
58200		Mimus	55417	genus
58201		Mimus longicaudatus	58200	species
58202		Rhodinocichla	400783	genus
58203		Rhodinocichla rosea	58202	species
58204		Saltator	1619329	genus
58205	streaked saltator	Saltator albicollis	58204	species
58206		Tangara	1619329	genus
58207		Tangara inornata	58206	species
58208		Thraupis	1619329	genus
58209	Blue-grey tanager	Thraupis episcopus	58208	species
58210	Brown thrasher	Toxostoma rufum	55418	species
58211	Northern house wren	Troglodytes aedon	36277	species
58212		Turdus nudigenis	9186	species
58213	Yellow-green vireo	Vireo flavoviridis	28732	species
58821	Sudan golden-sparrow	Passer luteus	9159	species
59407	Narina trogon	Apaloderma narina	57396	species
59408	Philippine trogon	Harpactes ardens	57418	species
59409	Diard's trogon	Harpactes diardii	57418	species
59410	Golden-headed quetzal	Pharomachrus auriceps	57429	species
59411	Pavonine quetzal	Pharomachrus pavoninus	57429	species
59412	Collared trogon	Trogon collaris	56310	species
59413	White-eyed trogon	Trogon comptus	56310	species
59414	Blue-crowned trogon	Trogon curucui	56310	species
59415	Elegant trogon	Trogon elegans	56310	species
59416	Mountain trogon	Trogon mexicanus	56310	species
59417	Black-throated trogon	Trogon rufus	56310	species
59418	Violaceous trogon	Trogon violaceus	56310	species
59419	Green-backed trogon	Trogon viridis	56310	species
59728		Taeniopygia	40155	genus
59729	Zebra finch	Taeniopygia guttata	59728	species
59864	Semi-collared flycatcher	Ficedula semitorquata	36292	species
59894	Collared flycatcher	Ficedula albicollis	36292	species
59947		Andropadus	36294	genus
59948	Plain greenbul	Eurillas curvirostris	1743265	species
59949		Andropadus importunus	59947	species
59950	Yellow-whiskered greenbul	Eurillas latirostris	1743265	species
59952		Arizelocichla kakamegae kakamegae	2022785	subspecies
59953		Arizelocichla masukuensis masukuensis	2135244	subspecies
59954		Arizelocichla masukuensis roehli	2135244	subspecies
59956	Stripe-faced greenbul	Arizelocichla striifacies	1743244	species
59957		Andropadus montanus	59947	species
59964		Arizelocichla tephrolaema tephrolaema	1794764	subspecies
59967		Phyllastrephus	36294	genus
59968		Phyllastrephus flavostriatus	59967	species
60181	Spotted whistling-duck	Dendrocygna guttata	8870	species
60182	lesser whistling duck	Dendrocygna javanica	8870	species
60461		Agapornis	9224	genus
60462	Grey-headed lovebird	Agapornis canus	60461	species
60463	Fischer's lovebird	Agapornis fischeri	60461	species
60464	Nyasa lovebird	Agapornis lilianae	60461	species
60465	Black-cheeked lovebird	Agapornis nigrigenis	60461	species
60466	Yellow-collared lovebird	Agapornis personatus	60461	species
60467	Red-headed lovebird	Agapornis pullarius	60461	species
60468	Rosy-faced lovebird	Agapornis roseicollis	60461	species
60469	Black-winged lovebird	Agapornis taranta	60461	species
60470		Loriculus	9224	genus
60471	Blue-crowned hanging-parrot	Loriculus galgulus	60470	species
60713	Northern mockingbird	Mimus polyglottos	58200	species
61263	Rhinoceros auklet	Cerorhinca monocerata	43309	species
61298		Apteryx australis australis	8822	subspecies
61467		Manorina melanophrys	44313	species
62085	red-headed tanager	Piranga erythrocephala	36732	species
62086	Scarlet tanager	Piranga olivacea	36732	species
62087		Tangara gyrola	58206	species
62155		Emberizinae	9133	subfamily
62156		Anisognathus	1619329	genus
62157	Blue-winged mountain-tanager	Anisognathus flavinuchus	62156	species
62158		Buthraupis	1619329	genus
62159		Buthraupis montana	62158	species
62160		Calochaetes	1619329	genus
62161		Calochaetes coccineus	62160	species
62162		Chlorochrysa	1619329	genus
62163		Chlorochrysa calliparaea	62162	species
62164		Chlorophanes	400783	genus
62165	Green honeycreeper	Chlorophanes spiza	62164	species
62166		Chlorophonia	9133	genus
62167		Chlorophonia flavirostris	62166	species
62168		Chlorornis	1619329	genus
62169	Grass-green tanager	Chlorornis riefferii	62168	species
62170		Chlorospingus	1729112	genus
62171	Sooty-capped bush tanager	Chlorospingus pileatus	62170	species
62172		Chlorothraupis	2969676	genus
62173		Chlorothraupis carmioli	62172	species
62174		Chrysothlypis	400783	genus
62175		Chrysothlypis chrysomelas	62174	species
62176		Cissopis	1619329	genus
62177		Cissopis leverianus	62176	species
62178		Cnemoscopus	400783	genus
62179		Cnemoscopus rubrirostris	62178	species
62180		Conothraupis	400783	genus
62181		Conothraupis speculigera	62180	species
62182		Creurgops	400783	genus
62184		Cyanerpes	62155	genus
62185	Purple honeycreeper	Cyanerpes caeruleus	62184	species
62186		Cypsnagra	400783	genus
62187	white-rumped tanager	Cypsnagra hirundinacea	62186	species
62188		Dacnis	400783	genus
62189	Blue dacnis	Dacnis cayana	62188	species
62190		Delothraupis	400783	genus
62191		Delothraupis castaneoventris	62190	species
62192		Diglossa	400783	genus
62193	glossy flowerpiercer	Diglossa lafresnayii	62192	species
62194		Dubusia	1619329	genus
62195		Dubusia taeniata	62194	species
62196		Eucometis	400783	genus
62197	Grey-headed tanager	Eucometis penicillata	62196	species
62198		Euphonia	9133	genus
62199		Euphonia laniirostris	62198	species
62200		Habia	2969676	genus
62201	Red-crowned ant-tanager	Habia rubica	62200	species
62202		Hemispingus	62155	genus
62203		Hemispingus atropileus	62202	species
62204		Hemithraupis	400783	genus
62205		Hemithraupis flavicollis	62204	species
62207		Heterospingus	400783	genus
62209		Heterospingus xanthopygius	62207	species
62211		Iridosornis	1619329	genus
62212		Iridosornis analis	62211	species
62214		Lamprospiza	400783	genus
62215		Lamprospiza melanoleuca	62214	species
62216		Lanio	400783	genus
62217		Lanio versicolor	62216	species
62219		Mitrospingus	400783	genus
62220		Mitrospingus cassinii	62219	species
62222		Nemosia	400783	genus
62223		Nemosia pileata	62222	species
62224		Neothraupis	1619329	genus
62226	white-banded tanager	Neothraupis fasciata	62224	species
62227		Nephelornis	400783	genus
62228		Nephelornis oneilli	62227	species
62230		Oreomanes	400783	genus
62231		Oreomanes fraseri	62230	species
62232		Phaenicophilus	400783	genus
62234		Phaenicophilus palmarum	62232	species
62235		Pipraeidea	1619329	genus
62237		Pipraeidea melanonota	62235	species
62238		Pyrrhocoma	400783	genus
62239		Pyrrhocoma ruficeps	62238	species
62241		Schistochlamys	1619329	genus
62242		Schistochlamys melanopis	62241	species
62244		Sericossypha	400783	genus
62245		Sericossypha albocristata	62244	species
62247		Spindalis	400783	genus
62248		Spindalis zena	62247	species
62250		Tachyphonus	400783	genus
62251		Tachyphonus surinamus	62250	species
62253		Tersina	62155	genus
62255		Tersina viridis	62253	species
62256		Thlypopsis	400783	genus
62257		Thlypopsis sordida	62256	species
62258		Vermivora	400782	genus
62259	Orange-crowned warbler	Leiothlypis celata	1610823	species
62260		Xenodacnis	400783	genus
62261		Xenodacnis parina	62260	species
63517	flame-colored tanager	Piranga bidentata	36732	species
63518	Lowland hepatic-tanager	Piranga flava	36732	species
63519	white-winged tanager	Piranga leucoptera	36732	species
63520	Western tanager	Piranga ludoviciana	36732	species
63521	rose-throated tanager	Piranga roseogularis	36732	species
63522	red-hooded tanager	Piranga rubriceps	36732	species
64277		Quiscalus	164646	genus
64278	Great-tailed grackle	Quiscalus mexicanus	64277	species
64668	Rock ptarmigan	Lagopus muta	30409	species
64794		Loxia	37599	genus
64795		Drepanidinae	9133	subfamily
64796		Carpodacus thura	30426	species
64797		Hemignathus	64795	genus
64798	Akiapola'au	Hemignathus wilson	64797	species
64799	Hawaii amakihi	Chlorodrepanis virens	2821307	species
64800		Himatione	64795	genus
64801		Himatione sanguinea	64800	species
64802	Red crossbill	Loxia curvirostra	64794	species
64803		Loxops	64795	genus
64804	Akepa	Loxops coccineus	64803	species
64805		Oreomystis	64795	genus
64806	Akikiki	Oreomystis bairdi	64805	species
64808		Palmeria	64795	genus
64809	Akohekohe	Palmeria dolei	64808	species
64810		Paroreomyza	64795	genus
64811		Paroreomyza montana	64810	species
64812		Pseudonestor	64795	genus
64813		Pseudonestor xanthophrys	64812	species
64814		Vestiaria	64795	genus
64815	Scarlet honeycreeper	Drepanis coccinea	64814	species
65358		Atlapetes	1729112	genus
65359		Buarremon	62155	genus
65360		Atlapetes rufinucha	65358	species
65361		Atlapetes rufinucha spodionotus	65360	subspecies
65363	Fulvous-headed brush-finch	Atlapetes fulviceps	65358	species
65365		Atlapetes rufigenis	65358	species
65367		Atlapetes rufigenis rufigenis	65365	subspecies
65368		Atlapetes rufinucha chugurensis	65360	subspecies
65369		Atlapetes rufinucha comptus	65360	subspecies
65371		Atlapetes rufinucha rufinucha	65360	subspecies
65372		Atlapetes schistaceus	65358	species
65373		Atlapetes schistaceus canigenis	65372	subspecies
65374		Atlapetes schistaceus schistaceus	65372	subspecies
65375		Atlapetes schistaceus taczanowskii	65372	subspecies
65376		Atlapetes tricolor	65358	species
65377		Atlapetes tricolor crassus	65376	subspecies
65378	chestnut-capped brush-finch	Arremon brunneinucha	241749	species
65379	stripe-headed brush-finch	Arremon torquatus	241749	species
65569	Yellow-throated warbler	Setophaga dominica	182948	species
65570	arrowhead warbler	Setophaga pharetra	182948	species
65571	olive-capped warbler	Setophaga pityophila	182948	species
65572	plumbeous warbler	Setophaga plumbea	182948	species
66405	Scaled metaltail	Metallura aeneocauda	56658	species
66406	Violet-throated metaltail hummingbird	Metallura baroni	56658	species
66407	Fire-throated metaltail	Metallura eupogon	56658	species
66408	Neblina metaltail	Metallura odomae	56658	species
66410	Black metaltail	Metallura phoebe	56658	species
66411	Coppery metaltail	Metallura theresiae	56658	species
66412		Metallura williami	56658	species
66413		Metallura williami atrigularis	66412	subspecies
66414		Metallura williami primolinus	66412	subspecies
66415		Chalcostigma	9242	genus
66416		Heliangelus	9242	genus
66417	Rainbow-bearded thornbill	Chalcostigma herrani	66415	species
66418	Rufous-capped thornbill	Chalcostigma ruficeps	66415	species
66419	Purple-throated sunangel	Heliangelus viola	66416	species
66704		Certhiidae	9126	family
66705		Polioptila	142857	genus
66706		Polioptila albiloris	66705	species
66707	Blue-grey gnatcatcher	Polioptila caerulea	66705	species
66708	California gnatcatcher	Polioptila californica	66705	species
66709	Black-tailed gnatcatcher	Polioptila melanura	66705	species
66710		Polioptila nigriceps	66705	species
67771	California quail	Callipepla californica	9008	species
67772	Elegant quail	Callipepla douglasii	9008	species
67773	Gambel's quail	Callipepla gambelii	9008	species
68164		Histrionicus	2068716	genus
68165	Harlequin duck	Histrionicus histrionicus	68164	species
68294	Mariana crow	Corvus kubaryi	30420	species
68468	Goldcrest	Regulus regulus	13244	species
68469		Acrocephalus bistrigiceps	39620	species
68470		Acrocephalus melanopogon	39620	species
68471	Aquatic warbler	Acrocephalus paludicola	39620	species
68472	African reed-warbler	Acrocephalus baeticatus	39620	species
68474		Acrocephalus dumetorum	39620	species
68475	marsh warbler	Acrocephalus palustris	39620	species
68476	paddyfield warbler	Acrocephalus agricola	39620	species
68477		Acrocephalus tangorum	39620	species
68478	thick-billed warbler	Arundinax aedon	2109286	species
68479		Acrocephalus griseldis	39620	species
68480		Acrocephalus newtoni	39620	species
68481		Acrocephalus sechellensis	39620	species
68482	Lesser swamp-warbler	Acrocephalus gracilirostris	39620	species
68483	Oriental great reed warbler	Acrocephalus orientalis	39620	species
68484		Acrocephalus australis	39620	species
68485	Clamorous reed-warbler	Acrocephalus stentoreus	39620	species
68486		Cettia cetti	36271	species
68487		Locustella	2116660	genus
68488		Chloropeta	330750	genus
68489		Hippolais	330750	genus
68490	Savi's warbler	Locustella luscinioides	68487	species
68491	Eurasian river warbler	Locustella fluviatilis	68487	species
68492		Calamonastides gracilirostris	2821133	species
68495	Upcher's warbler	Hippolais languida	68489	species
68496		Hippolais olivetorum	68489	species
68497	icterine warbler	Hippolais icterina	68489	species
68498	melodious warbler	Hippolais polyglotta	68489	species
69261		Ammodramus	1729112	genus
69262		Ammodramus caudacutus	69261	species
69492		Tinamus tao	30467	species
69501		Troglodytinae	66704	subfamily
69502		Campylorhynchus	69501	genus
69503		Campylorhynchus nuchalis	69502	species
69504		Cecropis	43148	genus
69505		Cecropis semirufa	69504	species
69506		Dendrocopos leucopterus	51357	species
69507		Muscicapa	36291	genus
69509		Saxicola	36291	genus
69510	whinchat	Saxicola rubetra	69509	species
69937	Pearl-spotted owlet	Glaucidium perlatum	78216	species
69938	Gray's grasshopper-warbler	Locustella fasciolata	68487	species
69939		Surnia	30459	genus
69940	Northern hawk owl	Surnia ulula	69939	species
69941		Megalurus	2116660	genus
69942	Marsh grassbird	Locustella pryeri	68487	species
69956		Forpus	9224	genus
69957	Green-rumped parrotlet	Forpus passerinus	69956	species
70274		Hieraaetus	8955	genus
70275		Hieraaetus pennatus	70274	species
70340	Snow goose	Anser caerulescens caerulescens	8849	subspecies
70608		Sterna	8910	genus
70930		Rissa	8910	genus
70931	Red-legged kittiwake	Rissa brevirostris	70930	species
72013	Australian swamphen	Porphyrio melanotus	54483	species
72014		Porphyrio melanotus melanotus	72013	subspecies
72016		Amaurornis	9119	genus
72205	larks	Alaudidae	2116661	family
72206		Certhilauda	72205	genus
72207		Calendulauda albescens	1364976	species
72210		Calendulauda erythroclamys	1364976	species
72211		Certhilauda brevirostris	72206	species
72212		Certhilauda chuana	72206	species
72213		Certhilauda curvirostris	72206	species
72214		Certhilauda falcirostris	72206	species
72215		Certhilauda kaokensis	72206	species
72216		Certhilauda semitorquata	72206	species
72217		Certhilauda subcoronata	72206	species
72218		Eremopterix	72205	genus
72219		Eremopterix verticalis	72218	species
72867	fairy martin	Petrochelidon ariel	72883	species
72868		Atticora	43148	genus
72869		Atticora fasciata	72868	species
72870		Neochelidon	43148	genus
72872		Tachycineta	43148	genus
72873	Tree swallow	Tachycineta bicolor	72872	species
72874		Progne	43148	genus
72875		Progne chalybea	72874	species
72877		Stelgidopteryx	43148	genus
72878		Stelgidopteryx ruficollis	72877	species
72879		Riparia	43148	genus
72880		Riparia cincta	72879	species
72881		Psalidoprocne	43148	genus
72882	black saw-wing	Psalidoprocne holomelas	72881	species
72883		Petrochelidon	43148	genus
72884	Cliff swallow	Petrochelidon pyrrhonota	72883	species
72889		Ptyonoprogne	43148	genus
72890		Ptyonoprogne fuligula	72889	species
72891		Pygochelidon	43148	genus
72892		Notiochelidon cyanoleuca	88117	species
73106		Otis	54375	genus
73107	Great bustard	Otis tarda	73106	species
73320		Parus songarus	9154	species
73321	Ruby-crowned kinglet	Regulus calendula	13244	species
73322	Firecrest	Regulus ignicapilla	13244	species
73323	Canary Islands kinglet	Regulus teneriffae	13244	species
73324	Garden warbler	Sylvia borin	43162	species
73325		Aegithalidae	2116661	family
73326		Aegithalos	73325	genus
73327	Long-tailed tit	Aegithalos caudatus	73326	species
73328		Certhiinae	66704	subfamily
73329		Certhia	73328	genus
73330	short-toed tree-creeper	Certhia brachydactyla	73329	species
73331		Leptopoecile	330750	genus
73332		Leptopoecile sophiae	73331	species
73333	Eurasian treecreeper	Certhia familiaris	73329	species
73882	Rufous owl	Ninox rufa	56288	species
73883	Powerful owl	Ninox strenua	56288	species
74195		Campylorhynchus griseus	69502	species
74199		Thryothorus	69501	genus
74200	Carolina wren	Thryothorus ludovicianus	74199	species
74354		Sheppardia	9183	genus
74355	East coast akalat	Sheppardia gunningi	74354	species
74356		Anairetes	28728	genus
74357	Yellow-billed tit-tyrant	Anairetes flavirostris	74356	species
74455		Ninox novaeseelandiae undulata	57242	subspecies
74456		Ninox novaeseelandiae novaeseelandiae	57242	subspecies
74457		Ninox leucopsis	56288	species
74588		Emberiza pusilla	30424	species
74862		Telespiza	64795	genus
74863	Laysan finch	Telespiza cantans	74862	species
75140	Rook	Corvus frugilegus	30420	species
75485	Black-legged kittiwake	Rissa tridactyla	70930	species
75832	American wigeon	Mareca americana	1526411	species
75833	Brown teal	Anas aucklandica	8835	species
75834	White-cheeked pintail	Anas bahamensis	8835	species
75835	Madagascar teal	Anas bernieri	8835	species
75836	green-winged teal	Anas carolinensis	8835	species
75837	Brown teal	Anas chlorotis	8835	species
75838	Northern shoveler	Spatula clypeata	2823197	species
75839	Green-winged teal	Anas crecca	8835	species
75840	Cinnamon teal	Spatula cyanoptera	8835	species
75841	Mexican duck	Anas diazi	8835	species
75842	Blue-winged teal	Spatula discors	2823197	species
75843	Red-billed duck	Anas erythrorhyncha	8835	species
75844	Falcated duck	Mareca falcata	1526411	species
75845	Speckled teal	Anas flavirostris	8835	species
75846	Mottled duck	Anas fulvigula	8835	species
75847	Yellow-billed pintail	Anas georgica	8835	species
75848	Sunda teal	Anas gibberifrons	8835	species
75849	Hottentot teal	Anas hottentota	8835	species
75850	Laysan duck	Anas laysanensis	8835	species
75851	Philippine duck	Anas luzonica	8835	species
75852	Meller's duck	Anas melleri	8835	species
75853	Red shoveler	Spatula platalea	8835	species
75854	Indian spot-billed duck	Anas poecilorhyncha	8835	species
75855	Puna teal	Anas puna	8835	species
75856	Garganey	Spatula querquedula	2823197	species
75857	American black duck	Anas rubripes	8835	species
75858	Chiloe wigeon	Mareca sibilatrix	1526411	species
75859	Cape shoveler	Spatula smithii	8835	species
75860	African black duck	Anas sparsa	8835	species
75861	Gadwall	Mareca strepera	1526411	species
75862	Yellow-billed duck	Anas undulata	8835	species
75863	Silver teal	Spatula versicolor	8835	species
75864	Eastern spot-billed duck	Anas zonorhyncha	8835	species
75865	Common shelduck	Tadorna tadorna	8888	species
75866		Amazonetta	2068716	genus
75867	Brazilian teal	Amazonetta brasiliensis	75866	species
75868		Asarcornis	2068716	genus
75869		Asarcornis scutulata	75868	species
75870		Callonetta	2068716	genus
75871		Callonetta leucophrys	75870	species
75872		Lophonetta	2068716	genus
75873	Crested duck	Lophonetta specularioides	75872	species
75874		Marmaronetta	2068721	genus
75875	Marbled teal	Marmaronetta angustirostris	75874	species
75876		Pteronetta	2068716	genus
75877	Hartlaub's duck	Pteronetta hartlaubii	75876	species
75878		Speculanas	2068716	genus
75879		Speculanas specularis	75878	species
75880		Tachyeres	2068719	genus
75881		Tachyeres pteneres	75880	species
75892		Anas aucklandica aucklandica	75833	subspecies
75894		Anas bahamensis bahamensis	75834	subspecies
75895		Anas bahamensis rubrirostris	75834	subspecies
75896		Anas cyanoptera cyanoptera	75840	subspecies
75897		Anas flavirostris flavirostris	75845	subspecies
75898		Anas flavirostris oxyptera	75845	subspecies
75899		Anas georgica spinicauda	75847	subspecies
75901		Anas rhynchotis rhynchotis	45633	subspecies
75902		Anas superciliosa rogersi	45632	subspecies
75907		Anas cyanoptera septentrionalium	75840	subspecies
75940		Guttera plumifera	8993	species
75967		Dendrocolaptidae	9126	family
75968		Xiphorhynchus	75967	genus
75969		Xiphorhynchus obsoletus	75968	species
75970		Lepidocolaptes	75967	genus
75971	lineated woodcreeper	Lepidocolaptes albolineatus	75970	species
75972		Sittasomus	75967	genus
75973		Sittasomus griseicapillus	75972	species
75974	narrow-billed woodcreeper	Lepidocolaptes angustirostris	75970	species
75976	Montane woodcreeper	Lepidocolaptes lacrymiger	75970	species
75977	streak-headed woodcreeper	Lepidocolaptes souleyetii	75970	species
75978	scaled woodcreeper	Lepidocolaptes squamatus	75970	species
75979	Wagler's woodcreeper	Lepidocolaptes wagleri	75970	species
75980		Xiphorhynchus spixii	75968	species
76058	Common eider	Somateria mollissima	50366	species
76075		Melospiza georgiana nigrescens	44398	subspecies
76076		Melospiza georgiana georgiana	44398	subspecies
76260		Schetba	461249	genus
76261		Schetba rufa	76260	species
78196		Chrysococcyx osculans	55666	species
78197	lesser cuckoo	Cuculus poliocephalus	33592	species
78198	red-crested malkoha	Dasylophus superciliosus	1454920	species
78199		Tauraco persa	56303	species
78200		Cercococcyx	8941	genus
78201		Cercococcyx montanus	78200	species
78202		Clamator	8941	genus
78203	Great spotted cuckoo	Clamator glandarius	78202	species
78204		Neomorphidae	8940	family
78205		Dromococcyx	78204	genus
78206		Dromococcyx phasianellus	78205	species
78207		Neomorphus	78204	genus
78208		Neomorphus geoffroyi	78207	species
78209		Surniculus	8941	genus
78210		Surniculus lugubris	78209	species
78211		Tapera	78204	genus
78212		Tapera naevia	78211	species
78213		Clamator jacobinus	78202	species
78216		Glaucidium	30459	genus
78217	Ferruginous pygmy-owl	Glaucidium brasilianum	78216	species
78222		Cepphus columba adianta	28696	subspecies
78223		Cepphus columba eureka	28696	subspecies
78224		Cepphus grylle arcticus	28697	subspecies
78225		Cepphus grylle grylle	28697	subspecies
78226		Cepphus grylle islandicus	28697	subspecies
78227		Cepphus grylle mandtii	28697	subspecies
78228		Cepphus grylle ultimus	28697	subspecies
79238	Barking owl	Ninox connivens	56288	species
79239	Moluccan hawk-owl	Ninox squamipila	56288	species
79240		Ninox squamipila hypogramma	79239	subspecies
79241		Ninox squamipila squamipila	79239	subspecies
79242	Christmas boobook	Ninox natalis	56288	species
79622	Streaked shearwater	Calonectris leucomelas	52121	species
79623		Diomedea antipodensis	37068	species
79624		Diomedea chionoptera	37068	species
79625		Diomedea gibsoni	37068	species
79626	Western rockhopper penguin	Eudyptes chrysocome	9235	species
79627	Macaroni penguin	Eudyptes chrysolophus	9235	species
79628	White-bellied storm-petrel	Fregetta grallaria	37072	species
79629	Southern fulmar	Fulmarus glacialoides	30454	species
79630	Hall's giant petrel	Macronectes halli	37056	species
79631	Fork-tailed storm-petrel	Oceanodroma furcata	52123	species
79632	Black storm-petrel	Oceanodroma melania	52123	species
79633	Wedge-rumped storm-petrel	Oceanodroma tethys	52123	species
79634	Tristram's storm-petrel	Oceanodroma tristrami	52123	species
79635		Pachyptila desolata	37058	species
79636	Salvin's prion	Pachyptila salvini	37058	species
79637	Peruvian diving petrel	Pelecanoides garnotii	37077	species
79638	Magellanic diving petrel	Pelecanoides magellani	37077	species
79639	Black petrel	Procellaria parkinsoni	37061	species
79640	Bonin petrel	Pterodroma hypoleuca	37063	species
79642	Black-vented shearwater	Puffinus opisthomelas	30453	species
79643	Chinstrap penguin	Pygoscelis antarcticus	9237	species
79644	Indian yellow-nosed albatross	Thalassarche carteri	329933	species
79645	Chatham albatross	Thalassarche eremita	329933	species
79646	Albatross	Thalassarche impavida	329933	species
79647		Thalassarche salvini	329933	species
79648		Garrodia	85545	genus
79649	Grey-backed storm-petrel	Garrodia nereis	79648	species
79650		Hydrobates	85545	genus
79651	European storm-petrel	Hydrobates pelagicus	79650	species
79652		Oceanites	85545	genus
79653	Wilson's storm petrel	Oceanites oceanicus	79652	species
79654		Halobaena	30451	genus
79655	Blue petrel	Halobaena caerulea	79654	species
79656		Halocyptena	85545	genus
79657	Least storm petrel	Oceanodroma microsoma	52123	species
79658		Thalassoica	30451	genus
79659	Antarctic petrel	Thalassoica antarctica	79658	species
80367	Red-necked grebe	Podiceps grisegena	37049	species
81522	White-backed woodpecker	Dendrocopos leucotos	51357	species
81620	Cassin's vireo	Vireo cassinii	28732	species
81621	Yellow-throated vireo	Vireo flavifrons	28732	species
81622		Vireo leucophrys	28732	species
81623		Cyclarhis gujanensis ochrocephala	34943	subspecies
81624		Vireolanius leucotis leucotis	34960	subspecies
81625		Vireo leucophrys leucophrys	81622	subspecies
81821		Vireo cassinii cassinii	81620	subspecies
81822		Vireo solitarius alticola	34950	subspecies
81823	Plumbeous vireo	Vireo plumbeus	28732	species
81849		Vireo plumbeus plumbeus	81823	subspecies
81878	Coppery-tailed coucal	Centropus cupreicaudus	57401	species
81879	Guianan cock-of-the-rock	Rupicola rupicola	81893	species
81880		Dendrocolaptes	75967	genus
81881		Dendrocolaptes picumnus	81880	species
81882		Formicariidae	9126	family
81883		Formicarius	81882	genus
81884		Formicarius colma	81883	species
81885		Furnarius	9136	genus
81886		Furnarius rufus	81885	species
81887		Thamnophilidae	9126	family
81888		Thamnophilus	81887	genus
81889	barred antshrike	Thamnophilus doliatus	81888	species
81890		Cisticolidae	2116661	family
81891		Prinia	81890	genus
81893		Rupicola	9127	genus
81903	American coot	Fulica americana	9120	species
81904	Melanesian scrubfowl	Megapodius eremita	8978	species
81905	Eastern screech-owl	Megascops asio	349401	species
81906		Alectura	8977	genus
81907	Australian brush turkey	Alectura lathami	81906	species
81908		Elminia	528170	genus
81909		Elminia longicauda	81908	species
81910		Tockus	57380	genus
81911	Red-billed hornbill	Tockus erythrorhynchus	81910	species
81927	Village indigobird	Vidua chalybeata	37613	species
81928		Eurylaimidae	9126	family
81929		Smithornis	81928	genus
81930		Smithornis sharpei	81929	species
83282		Crax	8982	genus
83284		Ithaginis	9072	genus
83285		Ithaginis cruentus	83284	species
83287	Sharp-tailed grouse	Tympanuchus phasianellus	9003	species
83297	Ash-breasted tit-tyrant	Anairetes alpinus	74356	species
83298		Anairetes fernandezianus	74356	species
83299		Anairetes nigrocristatus	74356	species
83300	Tufted tit-tyrant	Anairetes parulus	74356	species
83301		Anairetes reguloides	74356	species
83303		Stigmatura	28728	genus
83304		Stigmatura napensis	83303	species
83305		Uromyias	28728	genus
83376		Nothoprocta ornata	8806	species
84773	Tawny-shouldered blackbird	Agelaius humeralis	9190	species
84777	Yellow-shouldered blackbird	Agelaius xanthomus	9190	species
84778	Pale-eyed blackbird	Agelasticus xanthophthalmus	9190	species
84779		Quiscalus lugubris	64277	species
84780	Boat-tailed grackle	Quiscalus major	64277	species
84781		Quiscalus niger	64277	species
84782	Common grackle	Quiscalus quiscula	64277	species
84783	Grayish saltator	Saltator coerulescens	58204	species
84784	Peruvian meadowlark	Leistes bellicosus	56328	species
84785	Western meadowlark	Sturnella neglecta	56328	species
84787		Cacicus	164646	genus
84788	Yellow-rumped cacique	Cacicus cela	84787	species
84790		Amblycercus	164646	genus
84791	Yellow-billed cacique	Amblycercus holosericeus	84790	species
84794		Curaeus	164646	genus
84795	Austral blackbird	Curaeus curaeus	84794	species
84796		Dives	164646	genus
84798		Dolichonyx	164646	genus
84799	Bobolink	Dolichonyx oryzivorus	84798	species
84800		Euphagus	164646	genus
84801	Rusty blackbird	Euphagus carolinus	84800	species
84802		Gnorimopsar	164646	genus
84803	Chopi blackbird	Gnorimopsar chopi	84802	species
84804		Icterus	164646	genus
84805	Epaulet oriole	Icterus cayanensis	84804	species
84806		Lampropsar	164646	genus
84807	Velvet-fronted grackle	Lampropsar tanagrinus	84806	species
84808		Leistes	164646	genus
84811		Amblyramphus	164646	genus
84812	Scarlet-headed blackbird	Amblyramphus holosericeus	84811	species
84813		Cacicus leucoramphus	84787	species
84814	Solitary black cacique	Cacicus solitarius	84787	species
84815	Subtropical cacique	Cacicus uropygialis	84787	species
84816		Dives warczewiczi	84796	species
84817	Brewer's blackbird	Euphagus cyanocephalus	84800	species
84818		Gymnomystax	164646	genus
84819	Oriole blackbird	Gymnomystax mexicanus	84818	species
84822	Bullock's oriole	Icterus bullockii	84804	species
84824	Venezuelan troupial	Icterus icterus	84804	species
84825	Jamaican oriole	Icterus leucopteryx	84804	species
84826	Yellow-tailed oriole	Icterus mesomelas	84804	species
84827	Yellow oriole	Icterus nigrogularis	84804	species
84828	Scott's oriole	Icterus parisorum	84804	species
84829	Orchard oriole	Icterus spurius	84804	species
84830		Macroagelaius	164646	genus
84831	Tepui Mountain grackle	Macroagelaius imthurni	84830	species
84832		Molothrus	164646	genus
84833	Bronzed cowbird	Molothrus aeneus	84832	species
84834	Brown-headed cowbird	Molothrus ater	84832	species
84835	Bay-winged cowbird	Agelaioides badius	2820824	species
84836	Shiny cowbird	Molothrus bonariensis	84832	species
84837	Screaming cowbird	Molothrus rufoaxillaris	84832	species
84838		Nesopsar	164646	genus
84839	Jamaican blackbird	Nesopsar nigerrimus	84838	species
84840		Oreopsar	164646	genus
84841	Bolivian blackbird	Oreopsar bolivianus	84840	species
84842		Passerina	2969676	genus
84843	Indigo bunting	Passerina cyanea	84842	species
84844		Psarocolius	164646	genus
84845	russet-backed oropendola	Psarocolius angustifrons	84844	species
84846	Dusky-green oropendola	Psarocolius atrovirens	84844	species
84847	Crested oropendola	Psarocolius decumanus	84844	species
84848		Pseudoleistes	164646	genus
84849	Yellow-rumped marshbird	Pseudoleistes guirahuro	84848	species
84850	Brown-and-yellow marshbird	Pseudoleistes virescens	84848	species
84851		Scaphidura	164646	genus
84852	Giant cowbird	Molothrus oryzivorus	84851	species
84853		Spiza	2969676	genus
84854	Dickcissel	Spiza americana	84853	species
84855		Xanthocephalus	164646	genus
84856	Yellow-headed blackbird	Xanthocephalus xanthocephalus	84855	species
84984	Blue-billed curassow	Crax alberti	83282	species
84985		Crax alector	83282	species
84986		Crax daubentoni	83282	species
84987		Crax estudilloi	83282	species
84988	Bare-faced curassow	Crax fasciolata	83282	species
84989		Crax globulosa	83282	species
84990	Great curassow	Crax rubra	83282	species
84991		Crax viridirostris	83282	species
85066	American crow	Corvus brachyrhynchos	30420	species
85067		Malaconotidae	192204	family
85068		Dryoscopus	85067	genus
85069		Dryoscopus gambensis	85068	species
85070		Lamprotornis	9170	genus
85071		Lamprotornis caudatus	85070	species
85095	Malachite kingfisher	Corythornis cristatus	1977157	species
85096		Cathartes melambrotus	33611	species
85097	Pacific loon	Gavia pacifica	37038	species
85098	Elegant parrot	Neophema elegans	35536	species
85099	Black-necked grebe	Podiceps nigricollis	37049	species
85100		Urocolius	57385	genus
85101	Blue-naped mousebird	Urocolius macrourus	85100	species
85103		Burhinidae	8906	family
85104		Burhinus	85103	genus
85105	Eurasian thick-knee	Burhinus oedicnemus	85104	species
85150		Loxia scotica	64794	species
85406		Cranioleuca	9136	genus
85407		Cranioleuca curtata	85406	species
85518		Basileuterus	400782	genus
85519		Basileuterus basilicus	85518	species
85520	Grey-throated warbler	Myiothlypis cinereicollis	1851188	species
85521		Myiothlypis cinereicollis pallidula	85520	subspecies
85523		Myiothlypis coronata regulus	1851190	subspecies
85526	Golden-crowned warbler	Basileuterus culicivorus	85518	species
85527		Basileuterus culicivorus austerus	85526	subspecies
85528		Basileuterus flaveolus	85518	species
85530		Basileuterus luteoviridis	85518	species
85531		Basileuterus rufifrons	85518	species
85532		Basileuterus rufifrons mesocrysus	85531	subspecies
85533		Basileuterus signatus	85518	species
85535		Basileuterus tristriatus auricularis	182906	subspecies
85537		Hemispingus frontalis	62202	species
85538		Hemispingus frontalis flavidorsalis	85537	subspecies
85539		Hemispingus melanotis	62202	species
85540		Hemispingus verticalis	62202	species
85545		Hydrobatidae	30449	subfamily
85546		Procellariinae	30451	subfamily
86266		Cranioleuca albicapilla	85406	species
86267		Cranioleuca antisiensis	85406	species
86268		Cranioleuca albiceps	85406	species
86269		Cranioleuca baroni	85406	species
86270		Cranioleuca demissa	85406	species
86271		Cranioleuca erythrops	85406	species
86272	Bolivian spinetail	Cranioleuca henricae	85406	species
86273		Cranioleuca marcapatae	85406	species
86274		Cranioleuca obsoleta	85406	species
86275		Cranioleuca pyrrhophia	85406	species
86276		Cranioleuca vulpina	85406	species
86278		Hellmayrea	9136	genus
86279		Hellmayrea gularis	86278	species
87173	Sharp-beaked ground-finch	Geospiza difficilis	48881	species
87174		Camarhynchus	400783	genus
87175	Small tree-finch	Geospiza parvula	87174	species
87176		Coereba	400783	genus
87177	Bananaquit	Coereba flaveola	87176	species
87178		Camarhynchus psittacula	87174	species
87646		Parus major major	9157	subspecies
88110	Bank swallow	Riparia riparia	72879	species
88111		Alauda	72205	genus
88112	Eurasian skylark	Alauda arvensis	88111	species
88113		Baeolophus	9153	genus
88114	Tufted titmouse	Baeolophus bicolor	88113	species
88115		Delichon	43148	genus
88116	Common house martin	Delichon urbicum	88115	species
88117		Notiochelidon	43148	genus
88119		Psaltriparus	73325	genus
88120	Bushtit	Psaltriparus minimus	88119	species
88121		Pseudhirundo	43148	genus
88122		Pseudhirundo griseopyga	88121	species
88168		Drymophila	81887	genus
88169		Drymophila caudata	88168	species
88170		Formicivora	81887	genus
88171	white-fringed antwren	Formicivora grisea	88170	species
88172		Herpsilochmus	81887	genus
88173		Herpsilochmus rufimarginatus	88172	species
88174		Hypocnemis	81887	genus
88175	Guianan warbling antbird	Hypocnemis cantator	88174	species
88176		Myrmotherula	81887	genus
88177	Plain-throated antwren	Isleria hauxwelli	2821867	species
88178		Pipra	114313	genus
88179		Pipra pipra	88178	species
88180		Synallaxis	9136	genus
88181	pale-breasted spinetail	Synallaxis albescens	88180	species
88182		Terenura	81887	genus
88183		Terenura humeralis	88182	species
88184		Drymophila devillei	88168	species
88185	rusty-backed antwren	Formicivora rufa	88170	species
88186	yellow-browed antbird	Hypocnemis hypoxantha	88174	species
88187	White-eyed antwren	Myrmotherula leucophthalma	88176	species
88188	Long-winged antwren	Myrmotherula longipennis	88176	species
88554		Diomedea sp.	2630897	species
89383		Spinus tristis salicamans	54773	subspecies
89384		Eupodotis	54375	genus
89385	White-bellied bustard	Eupodotis senegalensis	89384	species
89386		Ardeotis kori	54376	species
89387		Fulica cristata	9120	species
89548		Perdix perdix perdix	9052	subspecies
89549	Eastern grey partridge	Perdix perdix lucida	9052	subspecies
90657		Seicercus	1607688	genus
90658		Phylloscopus burkii	9181	species
90703	White-headed duck	Oxyura leucocephala	8883	species
90704		Oxyura maccoa	8883	species
90705		Nomonyx	2068716	genus
90711		Spinus pinus pinus	2201931	subspecies
90714		Spinus yarrellii	1647189	species
90715		Spinus spinescens spinescens	54776	subspecies
90716		Spinus notatus notatus	54772	subspecies
90717	twite	Linaria flavirostris	1930290	species
90718		Linaria flavirostris flavirostris	90717	subspecies
90719	Arctic redpoll	Acanthis hornemanni	37604	species
90720		Acanthis hornemanni hornemanni	90719	subspecies
90721		Chloris ambigua ambigua	54557	subspecies
90722		Spinus magellanicus magellanicus	54768	subspecies
90754		Dendragapus	466585	genus
90755	Dusky grouse	Dendragapus obscurus	90754	species
91748		Aulacorhynchus derbianus	57398	species
91760		Andigena	57381	genus
91761	grey-breasted mountain-toucan	Andigena hypoglauca	91760	species
91762		Baillonius	57381	genus
91763		Baillonius bailloni	91762	species
91764		Capito	57381	genus
91765		Capito dayi	91764	species
91766		Eubucco	57381	genus
91767	red-headed barbet	Eubucco bourcierii	91766	species
91768		Lybiidae	9219	family
91769		Lybius	91768	genus
91770		Lybius bidentatus	91769	species
91771		Megalaimidae	9219	family
91772		Megalaima	91771	genus
91773		Megalaima mystacophanos	91772	species
91774		Pogoniulus	91768	genus
91775	Yellow-rumped Tinkerbird	Pogoniulus bilineatus	91774	species
91776		Psilopogon	91771	genus
91777		Psilopogon pyrolophus	91776	species
91778		Pteroglossus	57381	genus
91779	chestnut-eared aracari	Pteroglossus castanotis	91778	species
91780		Ramphastos	57381	genus
91781	Cuvier's toucan	Ramphastos cuvieri	91780	species
91782		Selenidera	57381	genus
91783		Selenidera gouldii	91782	species
91784		Semnornis	57381	genus
91785		Semnornis ramphastinus	91784	species
91786		Trachyphonus	91768	genus
91787	D'Arnaud's barbet	Trachyphonus darnaudii	91786	species
91788		Andigena laminirostris	91760	species
91789		Capito niger	91764	species
91790		Eubucco bourcierii tucinkae	91767	subspecies
91791		Eubucco richardsoni	91766	species
91792		Pteroglossus inscriptus	91778	species
91793		Ramphastos vitellinus	91780	species
91795		Selenidera spectabilis	91782	species
91796		Semnornis frantzii	91784	species
91951	Russet-backed thrush	Catharus ustulatus	9184	species
92120	Prairie warbler	Setophaga discolor	182948	species
92121	Magnolia warbler	Setophaga magnolia	182948	species
92122	Chestnut-sided warbler	Setophaga pensylvanica	182948	species
92123	Cape may warbler	Setophaga tigrina	182948	species
92124	Black-throated green warbler	Setophaga virens	182948	species
92683	African penguin	Spheniscus demersus	9239	species
92688	Erect-crested penguin	Eudyptes sclateri	9235	species
93066	Medium tree-finch	Geospiza pauper	87174	species
93067		Tiaris	400783	genus
93069		Pinaroloxias	400783	genus
93070	Cocos finch	Pinaroloxias inornata	93069	species
93382	White-winged dove	Zenaida asiatica	47244	species
93933		Coturnix coturnix coturnix	9091	subspecies
93934	Japanese quail	Coturnix japonica	9090	species
94611		Stiphrornis	9183	genus
94612	Western forest robin	Stiphrornis erythrothorax	94611	species
94613		Sheppardia cyornithopsis	74354	species
94618		Stiphrornis gabonensis	94611	species
94619		Stiphrornis sanghensis	94611	species
94620		Stiphrornis xanthogaster	94611	species
94622		Pinguinus	8910	genus
94623	Great auk	Pinguinus impennis	94622	species
94827	White-throated tinamou	Tinamus guttatus	30467	species
94828	Hottentot buttonquail	Turnix hottentottus	9247	species
95650	Spotted towhee	Pipilo maculatus	40200	species
95651		Pipilo ocai	40200	species
95652		Arremonops	1729112	genus
95653	Olive sparrow	Arremonops rufivirgatus	95652	species
95654		Melozone	1729112	genus
95655		Melozone kieneri	95654	species
95722		Pteroglossus beauharnaesii	91778	species
95723	Toco toucan	Ramphastos toco	91780	species
95724		Selenidera maculirostris	91782	species
96539	White-winged crossbill	Loxia leucoptera	64794	species
96785		Antigone canadensis pulla	1977160	subspecies
97097	White-tailed tropicbird	Phaethon lepturus	37044	species
98115	yellow flycatcher-warbler	Iduna natalensis	659170	species
98116		Cisticola cherina	52621	species
98117	Common fiscal	Lanius collaris	28712	species
98118	Red-faced woodland-warbler	Phylloscopus laetus	9181	species
98120		Camaroptera	81890	genus
98121		Camaroptera brevicaudata	98120	species
98122		Cryptosylvicola	1743362	genus
98123		Cryptosylvicola randrianasoloi	98122	species
98124		Eminia	81890	genus
98125		Eminia lepida	98124	species
98126		Garrulax	1673678	genus
98127	White-crested laughingthrush	Garrulax leucolophus	98126	species
98128		Hypergerus	81890	genus
98129		Hypergerus atriceps	98128	species
98130		Illadopsis	9173	genus
98131		Illadopsis pyrrhoptera	98130	species
98132		Mystacornis	9173	genus
98133		Mystacornis crossleyi	98132	species
98134		Neomixis	9173	genus
98136		Neomixis striatigula	98134	species
98137		Neomixis tenella	98134	species
98138		Neomixis viridis	98134	species
98139		Oriolus	28725	genus
98140	Dark-throated oriole	Oriolus xanthonotus	98139	species
98142		Orthotomus sutorius	546339	species
98143		Oxylabes	9173	genus
98144	white-throated Oxylabes	Oxylabes madagascariensis	98143	species
98145		Pellorneum	1743389	genus
98146		Pellorneum ruficeps	98145	species
98147		Pomatorhinus	9173	genus
98148		Pomatorhinus ochraceiceps	98147	species
98149		Stachyris	9173	genus
98150		Stachyris whiteheadi	98149	species
98151		Terpsiphone	461250	genus
98152	African paradise-flycatcher	Terpsiphone viridis	98151	species
98153		Thamnornis	1743362	genus
98154		Thamnornis chloropetoides	98153	species
98155		Yuhina	9173	genus
98156		Yuhina gularis	98155	species
98224		Cisticola brachypterus	52621	species
98225		Illadopsis puveli	98130	species
98964	Northern cardinal	Cardinalis cardinalis	56326	species
99180		Plocepasser	9158	genus
99181		Plocepasser mahali	99180	species
99872		Oreoscoptes	9170	genus
99873	Sage thrasher	Oreoscoptes montanus	99872	species
99876	Bendire's thrasher	Toxostoma bendirei	55418	species
99877		Toxostoma cinereum	55418	species
99878	Curve-billed thrasher	Toxostoma curvirostre	55418	species
99879	Cozumel thrasher	Toxostoma guttatum	55418	species
99880	Long-billed thrasher	Toxostoma longirostre	55418	species
99881		Toxostoma ocellatum	55418	species
99882	California thrasher	Toxostoma redivivum	55418	species
100457		Emberiza cirlus	30424	species
100458		Miliaria	400781	genus
100784	East African grey crowned-crane	Balearica regulorum gibbericeps	925459	subspecies
100819	Common kestrel	Falco tinnunculus	8952	species
100820		Geronticus	33574	genus
100821	Southern bald ibis	Geronticus calvus	100820	species
100822	Northern bald ibis	Geronticus eremita	100820	species
100824		Picus	9220	genus
100825	Eurasian green woodpecker	Picus viridis	100824	species
100826		Scolopax rusticola	56298	species
100827		Tachybaptus	30448	genus
100828	Little grebe	Tachybaptus ruficollis	100827	species
100829		Tetrao	466585	genus
100830	western capercaillie	Tetrao urogallus	100829	species
100857		Threskiornis	33574	genus
100858	Sacred ibis	Threskiornis aethiopicus	100857	species
100859	Northern lapwing	Vanellus vanellus	50403	species
101514	Campbell island teal	Anas nesiotis	8835	species
101515		Anas chlorotis peculiaris	75837	subspecies
103047		Limnothlypis	400782	genus
103048	Swainson's warbler	Limnothlypis swainsonii	103047	species
103375	Boreal owl	Aegolius funereus	56264	species
103945		Cacomantis pyrrhophanus	55664	species
103947	Smooth-billed ani	Crotophaga ani	33597	species
103948		Piaya melanogaster	33600	species
103951		Chalcites	8941	genus
103952		Chrysococcyx lucidus	55666	species
103953		Corythaeola	56302	genus
103954	Great blue turaco	Corythaeola cristata	103953	species
103955		Corythaixoides	56302	genus
103956	Grey go-away-bird	Corythaixoides concolor	103955	species
103958		Musophaga	56302	genus
103959	Violet turaco	Musophaga violacea	103958	species
104118	Cave swallow	Petrochelidon fulva	72883	species
104119		Petrochelidon rufocollaris	72883	species
105508	Orange oriole	Icterus auratus	84804	species
105509		Icterus bonana	84804	species
105510		Icterus chrysater	84804	species
105511	Hooded oriole	Icterus cucullatus	84804	species
105512	Hispaniolan oriole	Icterus dominicensis	84804	species
105513	Baltimore oriole	Icterus galbula	84804	species
105514	Audubon's oriole	Icterus graduacauda	84804	species
105515	Altamira oriole	Icterus gularis	84804	species
105516	campo troupial	Icterus jamacaii	84804	species
105517		Icterus laudabilis	84804	species
105518		Icterus maculialatus	84804	species
105519	Montserrat oriole	Icterus oberi	84804	species
105520	Spot-breasted oriole	Icterus pectoralis	84804	species
105521	Streak-backed oriole	Icterus pustulatus	84804	species
105522		Icterus wagleri	84804	species
105523		Icterus bullockii parvus	84822	subspecies
105525		Icterus pyrrhopterus	84805	subspecies
105526		Icterus chrysater chrysater	105510	subspecies
105527		Icterus chrysater hondae	105510	subspecies
105528		Icterus cucullatus igneus	105511	subspecies
105529		Icterus cucullatus nelsoni	105511	subspecies
105530		Icterus dominicensis dominicensis	105512	subspecies
105531		Icterus dominicensis melanopsis	105512	subspecies
105533		Icterus dominicensis portoricensis	105512	subspecies
105535		Icterus graduacauda audubonii	105514	subspecies
105536		Icterus graduacauda graduacauda	105514	subspecies
105537		Icterus gularis gularis	105515	subspecies
105538		Icterus gularis tamaulipensis	105515	subspecies
105539		Icterus gularis yucatanensis	105515	subspecies
105540		Icterus icterus ridgewayi	84824	subspecies
105541		Icterus jamacaii strictifrons	105516	subspecies
105542		Icterus mesomelas mesomelas	84826	subspecies
105543		Icterus mesomelas salvinii	84826	subspecies
105544		Icterus nigrogularis trinitatis	84827	subspecies
105545		Icterus pustulatus formosus	105521	subspecies
105546		Icterus pustulatus sclateri	105521	subspecies
105548		Icterus wagleri wagleri	105522	subspecies
105582		Icterus galbula galbula	105513	subspecies
105596	Black-backed oriole	Icterus abeillei	84804	species
105597		Icterus auricapillus	84804	species
105682		Icterus chrysocephalus	84804	species
107021	Emperor goose	Anser canagicus	8842	species
107022	Common goldeneye	Bucephala clangula	40832	species
107024		Tadorna variegata	8888	species
107025		Mergellus	2068716	genus
107026	Smew	Mergellus albellus	107025	species
107027		Ptaiochen	2068716	genus
107028		Ptaiochen pau	107027	species
107029		Thambetochen	2068716	genus
107030		Thambetochen chauliodous	107029	species
107034		Thambetochen cf. chauliodous	107029	species
107201		Terpsiphone paradisi	98151	species
107202		Culicicapa	528170	genus
107203		Culicicapa ceylonensis	107202	species
107204		Dicrurus	175027	genus
107205	greater racket-tailed drongo	Dicrurus paradiseus	107204	species
107206		Culicicapa helianthea	107202	species
107207		Erythrocercus	175027	genus
107208		Erythrocercus mccallii	107207	species
107209		Hypothymis	461250	genus
107210	black-naped monarch	Hypothymis azurea	107209	species
107220		Hypothymis helenae	107209	species
107221		Malaconotus	85067	genus
107222		Malaconotus sulfureopectus	107221	species
107223		Myiagra	461250	genus
107224	Melanesian flycatcher	Myiagra caledonica	107223	species
107225		Platysteira	461255	genus
107226	brown-throated wattle-eye	Platysteira cyanea	107225	species
107227		Rhipidura	1730093	genus
107228		Rhipidura albicollis	107227	species
107229		Trochocercus	461250	genus
107231		Myiagra cyanoleuca	107223	species
107232	blue-headed fantail	Rhipidura cyaniceps	107227	species
107233		Trochocercus cyanomelas	107229	species
107234	dusky crested-flycatcher	Elminia nigromitrata	81908	species
107235		Trochocercus nitens	107229	species
107325		Thambetochen cf. chaulioides	107029	species
107376		Gallinago	8917	genus
107377	Common snipe	Gallinago gallinago	107376	species
107378		Lymnocryptes	8917	genus
107379		Lymnocryptes minimus	107378	species
108405	Common tern	Sterna hirundo	70608	species
108820		Acanthiza	626425	genus
108821	yellow-rumped thornbill	Acanthiza chrysorrhoa	108820	species
108822		Cnemophilus	28725	genus
108823	Crested bird-of-paradise	Cnemophilus macgregorii	108822	species
108824		Coracina	880551	genus
108825	Lesser cuckooshrike	Coracina fimbriata	108824	species
108826	Australian raven	Corvus coronoides	30420	species
108827		Loboparadisea	28725	genus
108828	Wattle-billed bird of paradise	Loboparadisea sericea	108827	species
108829		Macgregoria	9146	genus
108830	MacGregor's honeyeater	Macgregoria pulchra	108829	species
108831		Meliphaga	9146	genus
108833		Melipotes	9146	genus
108834	Smoky honeyeater	Melipotes fumigatus	108833	species
108835		Melithreptus	9146	genus
108836	White-naped honeyeater	Melithreptus lunatus	108835	species
108837		Myzomela	9146	genus
108838		Myzomela eques	108837	species
108839		Pardalotus	27580	genus
108840	Striated pardalote	Pardalotus striatus	108839	species
108843		Philemon	9146	genus
108844	Noisy friarbird	Philemon corniculatus	108843	species
108845		Phonygammus	9149	genus
108846	trumpet manucode	Phonygammus keraudrenii	108845	species
108847	white-browed scrubwren	Sericornis frontalis	27581	species
109039	caucasian grouse	Lyrurus mlokosiewiczi	1233215	species
109041		Tetrao urogalloides	100829	species
109042	Lesser prairie-chicken	Tympanuchus pallidicinctus	9003	species
109043		Tetraogallus	466544	genus
109044	Himalayan snowcock	Tetraogallus himalayensis	109043	species
109388	Mountain grackle	Macroagelaius subalaris	84830	species
109389		Xanthopsar	164646	genus
109390	Saffron-cowled blackbird	Xanthopsar flavus	109389	species
109446	Pinyon jay	Gymnorhinus cyanocephalus	54574	species
109447		Troglodytes brunneicollis	36277	species
109448	Tropical wren	Troglodytes musculus	36277	species
109449	ochraceous wren	Troglodytes ochraceus	36277	species
109450	rufous-browed wren	Troglodytes rufociliatus	36277	species
109451		Troglodytes rufulus	36277	species
109452		Troglodytes solstitialis	36277	species
109453		Henicorhina	69501	genus
109454		Henicorhina leucosticta	109453	species
109455		Thryorchilus	69501	genus
109456		Thryorchilus browni	109455	species
109672	black-billed capercaillie	Tetrao parvirostris	100829	species
109673		Falcipennis	466585	genus
109674	Spruce grouse	Falcipennis canadensis	109673	species
109675		Falcipennis falcipennis	109673	species
109972		Meleagris gallopavo intermedia	9103	subspecies
109973		Meleagris gallopavo merriami	9103	subspecies
109974		Meleagris gallopavo silvestris	9103	subspecies
110620	Great white egret	Ardea alba	30389	species
110660	brown bitterns	Botaurus	8899	genus
110661	American bittern	Botaurus lentiginosus	110660	species
110667	cattle egrets	Bubulcus	8899	genus
110668	Cattle egret	Bubulcus ibis	110667	species
110670	green-backed herons	Butorides	8899	genus
110671	Green heron	Butorides virescens	110670	species
110675		Cochlearius	8899	genus
110676	Boat-billed heron	Cochlearius cochlearius	110675	species
110681	Snowy egret	Egretta thula	56073	species
110682	Little blue heron	Egretta caerulea	56073	species
110683	Tricolored heron	Egretta tricolor	56073	species
110684	least bitterns	Ixobrychus	8899	genus
110685	Least bittern	Ixobrychus exilis	110684	species
110686		Syrigma	8899	genus
110687		Syrigma sibilatrix	110686	species
110693		Tigrisoma	8899	genus
110694		Tigrisoma lineatum	110693	species
110695		Zebrilus	8899	genus
110696		Zebrilus undulatus	110695	species
110915	Canvasback	Aythya valisineria	30384	species
110926	Tundra swan	Cygnus columbianus	8867	species
111810	Long-eared owl	Asio otus	56266	species
111811	Eurasian nightjar	Caprimulgus europaeus	48284	species
111812	Mountain pygmy-owl	Glaucidium gnoma	78216	species
111813		Lophostrix	30459	genus
111814	Crested owl	Lophostrix cristata	111813	species
111815	Flammulated owl	Psiloscops flammeolus	507969	species
111816	Western screech-owl	Megascops kennicottii	349401	species
111817		Phodilus	30462	genus
111818	oriental bay-owl	Phodilus badius	111817	species
111819		Pulsatrix	30459	genus
111820	Spectacled owl	Pulsatrix perspicillata	111819	species
111821	Tawny owl	Strix aluco	36304	species
111822	Omani owl	Strix butleri	36304	species
111824	African wood-owl	Strix woodfordii	36304	species
111826		Uropsalis	48286	genus
111827	swallow-tailed nightjar	Uropsalis segmentata	111826	species
111828		Ciccaba	30459	genus
111829	Mottled owl	Strix virgata	36304	species
111864		Loxigilla	400783	genus
111865	Lesser Antillean bullfinch	Loxigilla noctis	111864	species
111973		Columbina	8930	genus
111974	Common ground-dove	Columbina passerina	111973	species
111975	Yellow-rumped warbler	Setophaga coronata	182948	species
111976	Black-throated gray warbler	Setophaga nigrescens	182948	species
111977	Hermit warbler	Setophaga occidentalis	182948	species
111978	Townsend's warbler	Setophaga townsendi	182948	species
111979	grey trembler	Cinclocerthia gutturalis	58196	species
111980		Dumetella	55417	genus
111981	Grey catbird	Dumetella carolinensis	111980	species
111982		Elaenia	28728	genus
111983	Caribbean elaenia	Elaenia martinica	111982	species
111984		Margarops	55417	genus
111985	pearly-eyed thrasher	Margarops fuscatus	111984	species
111986	scaly-breasted thrasher	Allenia fusca	2820826	species
111987		Orthorhyncus	9242	genus
111988	Antillean crested hummingbird	Orthorhyncus cristatus	111987	species
111989		Melanoptila	55417	genus
111990	black catbird	Melanoptila glabrirostris	111989	species
111991	black-faced grassquit	Melanospiza bicolor	138932	species
111992		Melanotis	9170	genus
111993	blue mockingbird	Melanotis caerulescens	111992	species
111994		Ramphocinclus	55417	genus
111995	White-breasted thrasher	Ramphocinclus brachyurus	111994	species
111997	Bahama mockingbird	Mimus gundlachii	58200	species
111998	tropical mockingbird	Mimus gilvus	58200	species
112104		Pteroptochos	9167	genus
112105	chestnut-throated huet-huet	Pteroptochos castaneus	112104	species
112106	moustached turca	Pteroptochos megapodius	112104	species
112107	black-throated huet-huet	Pteroptochos tarnii	112104	species
112108		Scelorchilus	9167	genus
112109	chucao tapaculo	Scelorchilus rubecula	112108	species
113098		Phoeniculidae	57389	family
113099		Phoeniculus	113098	genus
113100		Phoeniculus damarensis	113099	species
113101	violet woodhoopoe	Phoeniculus damarensis damarensis	113100	subspecies
113113		Rhinopomastidae	57389	family
113114		Rhinopomastus	113113	genus
113115	Common scimitarbill	Rhinopomastus cyanomelas	113114	species
113189	Green woodhoopoe	Phoeniculus purpureus	113099	species
113190		Phoeniculus purpureus purpureus	113189	subspecies
113191		Phoeniculus purpureus marwitzi	113189	subspecies
113193		Phoeniculus purpureus angolensis	113189	subspecies
114082	black-throated magpie-jay	Calocitta colliei	54580	species
114083	Steller's jay	Cyanocitta stelleri	28726	species
114084	bushy-crested jay	Cyanocorax melanocyaneus	54578	species
114085	Green jay	Cyanocorax yncas	54578	species
114086	white-throated jay	Cyanolyca mirabilis	54576	species
114087	Yellow-billed magpie	Pica nuttalli	34923	species
114088		Psilorhinus	28725	genus
114089	Brown jay	Psilorhinus morio	114088	species
114270		Ampelioides	9127	genus
114271	scaled fruiteater	Ampelioides tschudii	114270	species
114273		Carpodectes	9127	genus
114274	black-tipped cotinga	Carpodectes hopkei	114273	species
114275		Cephalopterus	9127	genus
114276	Amazonian umbrellabird	Cephalopterus ornatus	114275	species
114290		Conioptilon	9127	genus
114291	black-faced cotinga	Conioptilon mcilhennyi	114290	species
114293		Cotinga	9127	genus
114294	spangled cotinga	Cotinga cayana	114293	species
114296		Doliornis	9127	genus
114297	bay-vented cotinga	Doliornis sclateri	114296	species
114298		Gymnoderus	9127	genus
114303	bare-necked fruitcrow	Gymnoderus foetidus	114298	species
114304		Haematoderus	9127	genus
114305	crimson fruitcrow	Haematoderus militaris	114304	species
114306		Iodopleura	9127	genus
114307	whitebrowed purpletuft	Iodopleura isabellae	114306	species
114308		Laniisoma	9127	genus
114309	Elegant mourner	Laniisoma elegans	114308	species
114310		Lipaugus	9127	genus
114311	dusky piha	Lipaugus fuscocinereus	114310	species
114312	rufous piha	Lipaugus unirufus	114310	species
114313		Pipridae	9126	family
114315		Machaeropterus	114313	genus
114316	fiery-capped manakin	Machaeropterus pyrocephalus	114315	species
114328		Neopelma	114313	genus
114329	saffron-crested tyrant-manakin	Neopelma chrysocephalum	114328	species
114330		Oxyruncus	9127	genus
114331	sharpbill	Oxyruncus cristatus	114330	species
114332		Pachyramphus	28728	genus
114333	black-capped becard	Pachyramphus marginatus	114332	species
114334	barred becard	Pachyramphus versicolor	114332	species
114335		Perissocephalus	9127	genus
114336	Capuchin bird	Perissocephalus tricolor	114335	species
114337		Phoenicircus	9127	genus
114338	black-necked red-cotinga	Phoenicircus nigricollis	114337	species
114356	Band-tailed manakin	Pipra fasciicauda	88178	species
114365		Pipreola	9127	genus
114366	Barred fruiteater	Pipreola arcuata	114365	species
114367	Fiery-throated fruiteater	Pipreola chlorolepidota	114365	species
114368		Piprites	114313	genus
114369	Wing-barred manakin	Piprites chloris	114368	species
114370		Porphyrolaema	9127	genus
114371	Purple-throated cotinga	Porphyrolaema porphyrolaema	114370	species
114372		Procnias	9127	genus
114373	White bellbird	Procnias albus	114372	species
114374		Pyroderus	9127	genus
114375	Red-ruffed fruitcrow	Pyroderus scutatus	114374	species
114377		Querula	9127	genus
114379	purple-throated fruitcrow	Querula purpurata	114377	species
114383	Andean cock-of-the-rock	Rupicola peruvianus	81893	species
114384		Schiffornis	114313	genus
114385	greater schiffornis	Schiffornis major	114384	species
114386		Tityra	28728	genus
114387	black-tailed tityra	Tityra cayana	114386	species
114388	black-crowned tityra	Tityra inquisitor	114386	species
114389		Xenopipo	114313	genus
114390	black manakin	Xenopipo atronitens	114389	species
114391		Xipholena	9127	genus
114392	pompadour cotinga	Xipholena punicea	114391	species
114405	timberline sparrow	Spizella taverneri	40206	species
114431		Cyanoramphus	9224	genus
114432	Yellow-fronted parakeet	Cyanoramphus auriceps	114431	species
114433	Forbes' parakeet	Cyanoramphus forbesi	114431	species
114434	Malherbe's parakeet	Cyanoramphus malherbi	114431	species
114435		Cyanoramphus novaezelandiae	114431	species
114437	Chatham Island red-crowned parakeet	Cyanoramphus novaezelandiae chathamensis	114435	subspecies
114438	New Zealand red-crowned parakeet	Cyanoramphus novaezelandiae novaezelandiae	114435	subspecies
114440	Antipodes green parakeet	Cyanoramphus unicolor	114431	species
114734	great snipe	Gallinago media	107376	species
114915	crested bobwhite	Colinus cristatus	9013	species
114918	grey-headed chachalaca	Ortalis cinereiceps	8983	species
114919	Daurian partridge	Perdix dauurica	9051	species
115121	Attwater's prairie chicken	Tympanuchus cupido attwateri	9004	subspecies
115122	Upland buzzard	Buteo hemilasius	30396	species
115134		Buteo rufinus	30396	species
115151	common buzzard	Buteo buteo buteo	30397	subspecies
115157	common buzzard	Buteo buteo harterti	30397	subspecies
115158	common buzzard	Buteo buteo insularum	30397	subspecies
115159	Japanese buzzard	Buteo japonicus japonicus	224669	subspecies
115161	eastern steppe-buzzard	Buteo buteo menetriesi	30397	subspecies
115228	western steppe-buzzard	Buteo buteo vulpinus	30397	subspecies
115229	Rough-legged hawk	Buteo lagopus	30396	species
115230		Buteo oreophilus	30396	species
115231		Buteo rufinus cirtensis	115134	subspecies
115589		Claravis	8930	genus
115590	blue ground-dove	Claravis pretiosa	115589	species
115599	ruddy pigeon	Columba subvinacea	8931	species
115616	Inca dove	Columbina inca	111973	species
115617	Plain-breasted ground-dove	Columbina minuta	111973	species
115618	Picui ground-dove	Columbina picui	111973	species
115625		Ducula	8930	genus
115645	pied imperial-pigeon	Ducula bicolor	115625	species
115646		Geopelia	8930	genus
115648	diamond dove	Geopelia cuneata	115646	species
115649		Geotrygon	8930	genus
115651	Ruddy quail-dove	Geotrygon montana	115649	species
115653		Goura	8930	genus
115654	Western crowned-pigeon	Goura cristata	115653	species
115655		Leptotila	8930	genus
115656	white-faced dove	Leptotila megalura	115655	species
115657	Grey-fronted dove	Leptotila rufaxilla	115655	species
115672		Leucosarcia	8930	genus
115673	Wonga pigeon	Leucosarcia melanoleuca	115672	species
115674		Macropygia	8930	genus
115675	brown cuckoo-dove	Macropygia phasianella	115674	species
115676		Metriopelia	8930	genus
115677	bare-faced ground-dove	Metriopelia ceciliae	115676	species
115678		Oena	8930	genus
115679	Namaqua dove	Oena capensis	115678	species
115681		Phapitreron	8930	genus
115694		Phaps	8930	genus
115695	Common bronzewing	Phaps chalcoptera	115694	species
115696		Ptilinopus	8930	genus
115697	black-chinned fruit-dove	Ptilinopus leclancheri	115696	species
115698		Scardafella	8930	genus
115699	Scaled dove	Columbina squammata	111973	species
115700	Eastern spotted dove	Spilopelia chinensis	2823198	species
115701		Treron	8930	genus
115702	Pink-necked green pigeon	Treron vernans	115701	species
115703	eared dove	Zenaida auriculata	47244	species
115704	zenaida dove	Zenaida aurita	47244	species
115708	Galapagos dove	Zenaida galapagoensis	47244	species
115709	Socorro dove	Zenaida graysoni	47244	species
115710	pacific dove	Zenaida meloda	47244	species
116580	rough-legged buzzard	Buteo lagopus lagopus	115229	subspecies
116582	rough-legged buzzard	Buteo lagopus pallidus	115229	subspecies
116583	mountain buzzard	Buteo oreophilus oreophilus	115230	subspecies
116584	forest buzzard	Buteo trizonatus	115230	subspecies
116585	long-legged buzzard	Buteo rufinus rufinus	115134	subspecies
116586		Buteo buteo pojana	30397	subspecies
116989	stubble quail	Coturnix pectoralis	9090	species
116990	brown quail	Coturnix australis	9090	species
116991		Gracula	9170	genus
116992	hill myna	Gracula religiosa	116991	species
116993		Paroaria	1619329	genus
116994	red-cowled cardinal	Paroaria dominicana	116993	species
116995		Penelopina	8982	genus
116996		Penelopina nigra	116995	species
116997		Tetrao parvirostris kamtschaticus	109672	subspecies
117000	Chilean flamingo	Phoenicopterus chilensis	9216	species
117002	striped manakin	Machaeropterus regulus	114315	species
117003		Machaeropterus regulus regulus	117002	subspecies
117143	Kopetdagh Chiffchaff	Phylloscopus collybita menzbieri	48150	subspecies
117144		Grallaria	81882	genus
117145	chestnut antpitta	Grallaria blakei	117144	species
117146	ochre-striped antpitta	Grallaria dignissima	117144	species
117147	scaled antpitta	Grallaria guatimalensis	117144	species
117148	white-bellied antpitta	Grallaria hypoleuca	117144	species
117149	chestnut-naped antpitta	Grallaria nuchalis	117144	species
117150	chestnut-crowned antpitta	Grallaria ruficapilla	117144	species
117151	rufous antpitta	Grallaria rufula	117144	species
117164	undulated antpitta	Grallaria squamigera	117144	species
117165	variegated antpitta	Grallaria varia	117144	species
117168	scrub antpitta	Grallaria watkinsi	117144	species
117175		Grallaricula	81882	genus
117176	crescent-faced antpitta	Grallaricula lineifrons	117175	species
117177		Hylopezus	81882	genus
117178	White-lored antpitta	Hylopezus fulviventris	117177	species
117180		Myrmothera	81882	genus
117181	thrush-like antpitta	Myrmothera campanisona	117180	species
117182		Scotocerca	81890	genus
117183	streaked scrub-warbler	Scotocerca inquieta	117182	species
117185	broad-tailed thornbill	Acanthiza apicalis	108820	species
117186	Tasmanian thornbill	Acanthiza ewingii	108820	species
117188	western thornbill	Acanthiza inornata	108820	species
117189	slender-billed thornbill	Acanthiza iredalei	108820	species
117190	Mountain thornbill	Acanthiza katherina	108820	species
117191	striated thornbill	Acanthiza lineata	108820	species
117192	yellow thornbill	Acanthiza nana	108820	species
117193	brown thornbill	Acanthiza pusilla	108820	species
117195	buff-rumped thornbill	Acanthiza reguloides	108820	species
117197	slaty-backed thornbill	Acanthiza robustirostris	108820	species
117199	chestnut-rumped thornbill	Acanthiza uropygialis	108820	species
117200		Aphelocephala	626425	genus
117201	southern whiteface	Aphelocephala leucopsis	117200	species
117202		Gerygone	626425	genus
117203	western gerygone	Gerygone fusca	117202	species
117205		Smicrornis	626425	genus
117206	Weebill	Smicrornis brevirostris	117205	species
117491	Jocotoco antpitta	Grallaria ridgelyi	117144	species
117493	papuan thornbill	Acanthiza murina	108820	species
117495	brown gerygone	Gerygone mouki	117202	species
117496	white-throated gerygone	Gerygone olivacea	117202	species
118179		Anthracothorax	9242	genus
118180	Black-throated mango	Anthracothorax nigricollis	118179	species
118181	little swift	Apus affinis	8894	species
118183	Lesser nighthawk	Chordeiles acutipennis	48288	species
118184	jacamars	Galbuliformes	8825	order
118185		Galbulidae	118184	family
118186		Galbula	118185	genus
118187	coppery-chested jacamar	Galbula pastazae	118186	species
118194	Iceland gull	Larus glaucoides	8911	species
118197	speckled chachalaca	Ortalis guttata	8983	species
118200	Downy woodpecker	Dryobates pubescens	1517830	species
118205	African grey hornbill	Tockus nasutus	81910	species
118782		Actophilornis	54504	genus
118783	African jacana	Actophilornis africanus	118782	species
118784		Hydrophasianus	54504	genus
118785	Pheasant-tailed jacana	Hydrophasianus chirurgus	118784	species
118786	Northern jacana	Jacana spinosa	54507	species
118787		Metopidius	54504	genus
118788	Bronze-winged jacana	Metopidius indicus	118787	species
118789		Microparra	54504	genus
118790	lesser jacana	Microparra capensis	118789	species
118791		Rostratulidae	8906	family
118792		Rostratula	118791	genus
118793	greater painted-snipe	Rostratula benghalensis	118792	species
119402		Eunymphicus	9224	genus
119403	Horned parakeet	Eunymphicus cornutus	119402	species
119404	Uvea parakeet	Eunymphicus uvaeensis	119402	species
119405	bare-faced go-away-bird	Corythaixoides personatus	103955	species
119406	black-faced go-away-bird	Corythaixoides personatus leopoldi	119405	subspecies
119407		Crinifer	56302	genus
119408	western grey plantain-eater	Crinifer piscator	119407	species
119409	eastern grey plantain-eater	Crinifer zonurus	119407	species
119410		Gallirex	56302	genus
119411	purple-crested turaco	Gallirex porphyreolophus	119410	species
119412	Ross's turaco	Musophaga rossae	103958	species
119413	Knysna turaco	Tauraco corythaix	56303	species
119414	Fischer's turaco	Tauraco fischeri	56303	species
119415	White-crested turaco	Tauraco leucolophus	56303	species
119416	White-cheeked turaco	Tauraco leucotis	56303	species
119417	Livingston's turaco	Tauraco livingstonii	56303	species
119418	yellow-billed turaco	Tauraco macrorhynchus	56303	species
119419	Schalow's turaco	Tauraco schalowi	56303	species
119606	Glaucous-winged gull	Larus glaucescens	8911	species
119607	Slaty-backed gull	Larus schistisagus	8911	species
119608	Vega gull	Larus vegae	8911	species
119609	Caspian gull	Larus cachinnans	8911	species
119627	yellow-legged gull	Larus michahellis	8911	species
119635	armenian gull	Larus armenicus	8911	species
119637	Glaucous gull	Larus hyperboreus	8911	species
119960		Larus fuscus graellsii	8915	subspecies
119961		Larus michahellis michahellis	119627	subspecies
119962		Larus michahellis atlantis	119627	subspecies
119966	eastern Caspian gull	Larus cachinnans cachinnans	119609	subspecies
119967	Mongolian gull	Larus mongolicus	8911	species
119968		Larus mongolicus mongolicus	119967	subspecies
120794	Gyrfalcon	Falco rusticolus	8952	species
121134		Colaptes atricollis	9221	species
121135		Dryocopus lineatus	51358	species
121136	Crimson-mantled woodpecker	Colaptes rivolii	9221	species
121385	Plaintive cuckoo	Cacomantis merulinus	55664	species
121386		Cacomantis variolosus	55664	species
121387		Centropus phasianinus	57401	species
121388	Philippine coucal	Centropus viridis	57401	species
121390		Coccyzus melacoryphus	33602	species
121391		Coua	8941	genus
121392		Coua caerulea	121391	species
121393	Crested coua	Coua cristata	121391	species
121394		Coua cursor	121391	species
121395		Coua reynaudii	121391	species
121396		Coua ruficeps	121391	species
121397		Coua serriana	121391	species
121398		Cuculus vagans	33592	species
121399		Piaya minuta	33600	species
121400	Ruwenzori turaco	Gallirex johnstoni	119410	species
121422		Phoenicurus	36291	genus
121423	Common redstart	Phoenicurus phoenicurus	121422	species
121424		Pomarea	461250	genus
121425	Iphis monarch	Pomarea iphis	121424	species
121426	Sardinian warbler	Curruca melanocephala	1930205	species
121427	Tropical kingbird	Tyrannus melancholicus	43164	species
121525		Criniferoides	56302	genus
121526	White-bellied go-away bird	Corythaixoides leucogaster	103955	species
121527		Ruwenzorornis	56302	genus
121529		Gallirex johnstoni kivuensis	121400	subspecies
121530	Red-crested turaco	Tauraco erythrolophus	56303	species
121531	Black-billed turaco	Tauraco schuettii	56303	species
121532	Ruwenzori black-billed lourie	Tauraco schuettii emini	121531	subspecies
121533	Buffon's turaco	Tauraco persa buffoni	78199	subspecies
121534	Guinea turaco	Tauraco persa zenkeri	78199	subspecies
121724	Eurasian pygmy-owl	Glaucidium passerinum	78216	species
123372		Conopophagidae	9126	family
123373		Conopophaga	123372	genus
123374	ash-throated gnateater	Conopophaga peruviana	123373	species
123376	yellow-bellied elaenia	Elaenia flavogaster	111982	species
123377	black-faced antthrush	Formicarius analis	81883	species
123378		Mionectes	28728	genus
123379	ochre-bellied flycatcher	Mionectes oleagineus	123378	species
123380		Myadestes	9183	genus
123381	rufous-throated solitaire	Myadestes genibarbis	123380	species
123382	White-flanked antwren	Myrmotherula axillaris	88176	species
123383	Puerto rican vireo	Vireo latimeri	28732	species
123631	Yellow warbler	Setophaga petechia	182948	species
123632		Setophaga petechia aestiva	123631	subspecies
123633		Setophaga petechia erithachorides	123631	subspecies
123634		Setophaga petechia petechia	123631	subspecies
123639		Agriornis	28728	genus
123640		Agriornis montanus	123639	species
123642		Lessonia	28728	genus
123643		Lessonia rufa	123642	species
123644		Muscigralla	28728	genus
123645		Muscigralla brevicauda	123644	species
123646		Xolmis	28728	genus
123647		Xolmis pyrope	123646	species
123654		Muscisaxicola	28728	genus
123655		Muscisaxicola albifrons	123654	species
123656		Muscisaxicola albilora	123654	species
123657		Muscisaxicola alpinus	123654	species
123658		Muscisaxicola alpinus alpinus	123657	subspecies
123659	Taczanowski's ground-tyrant	Muscisaxicola griseus	123654	species
123660		Muscisaxicola capistratus	123654	species
123661		Muscisaxicola cinereus	123654	species
123662		Muscisaxicola cinereus cinereus	123661	subspecies
123663		Muscisaxicola flavinucha	123654	species
123664		Muscisaxicola fluviatilis	123654	species
123665		Muscisaxicola frontalis	123654	species
123666		Muscisaxicola juninensis	123654	species
123667		Muscisaxicola maclovianus	123654	species
123668		Muscisaxicola maculirostris	123654	species
123669		Muscisaxicola rufivertex	123654	species
123670		Muscisaxicola rufivertex occipitalis	123669	subspecies
123671		Muscisaxicola rufivertex pallidiceps	123669	subspecies
123672		Muscisaxicola cinereus argentina	123661	subspecies
125058		Aburria aburri	8988	species
125059		Chamaepetes	8982	genus
125060		Chamaepetes goudotii	125059	species
125061	Red-billed curassow	Crax blumenbachii	83282	species
125062		Mitu	8982	genus
125063		Mitu tuberosum	125062	species
125064		Nothocrax	8982	genus
125065		Nothocrax urumutum	125064	species
125066		Oreophasis	8982	genus
125067	Horned guan	Oreophasis derbianus	125066	species
125068		Ortalis canicollis	8983	species
125069		Pauxi	8982	genus
125070	Helmeted curassow	Pauxi pauxi	125069	species
125071		Penelope obscura	8985	species
125072		Pipile	8982	genus
125073	Black-fronted piping-guan	Pipile jacutinga	125072	species
125074	Orange-footed scrubfowl	Megapodius reinwardt	8978	species
125240		Ramphastos tucanus	91780	species
125271		Cyanolanius	461249	genus
125272	Madagascar blue vanga	Cyanolanius madagascarinus	125271	species
125273		Oriolia	461249	genus
125274		Oriolia bernieri	125273	species
125280		Laniarius ferrugineus	9194	species
125281		Hypsipetes madagascariensis	36295	species
125282		Pycnonotus	36294	genus
125283		Pycnonotus sinensis	125282	species
125284		Lanius bucephalus	28712	species
125285		Cyanoptila	36291	genus
125286	Blue-and-white flycatcher	Cyanoptila cyanomelana	125285	species
125289		Newtonia	461249	genus
125290		Newtonia brunneicauda	125289	species
125291	Eastern crowned-warbler	Phylloscopus coronatus	9181	species
125292		Motacilla grandis	45806	species
125294		Emberiza spodocephala	30424	species
125295		Bombycillidae	9126	family
125296		Bombycilla	125295	genus
125297	Bohemian waxwing	Bombycilla garrulus	125296	species
125298		Leptopterus	461249	genus
125299		Leptopterus chabert	125298	species
125300		Vanga	461249	genus
125301		Vanga curvirostris	125300	species
125302		Euryceros	461249	genus
125303	Helmet vanga	Euryceros prevostii	125302	species
125304		Hypositta	461249	genus
125305		Hypositta corallirostris	125304	species
125308		Falculea	461249	genus
125309		Falculea palliata	125308	species
125310		Tylas	461249	genus
125311		Tylas eduardi	125310	species
125312		Artamella	461249	genus
125313		Artamella viridis	125312	species
125314		Xenopirostris	461249	genus
125315	Van Dam's vanga	Xenopirostris damii	125314	species
125862		Copsychus	36291	genus
125863		Copsychus albospecularis	125862	species
125946		Parula	400782	genus
125947	Northern parula	Setophaga americana	182948	species
125948	Flame-throated warbler	Oreothlypis gutturalis	1329383	species
125949		Setophaga pitiayumi	182948	species
125950	Crescent-chested warbler	Oreothlypis superciliosa	1329383	species
125952	Nashville warbler	Leiothlypis ruficapilla	1610823	species
126356		Columba rupestris	8931	species
126679	Laughing gull	Leucophaeus atricilla	328018	species
126681	California gull	Larus californicus	8911	species
126683	Ring-billed gull	Larus delawarensis	8911	species
126702		Ichthyaetus ichthyaetus	1288289	species
126703	Yellow-footed gull	Larus livens	8911	species
126710		Ficedula speculigera	36292	species
126711	Red-breasted flycatcher	Ficedula parva	36292	species
126713	Western gull	Larus occidentalis	8911	species
126714	Bonaparte's gull	Larus philadelphia	8911	species
126716		Chroicocephalus scopulinus	1129741	species
126717		Larus serranus	8911	species
126718	Thayer's gull	Larus thayeri	8911	species
126720		Pagophila	8910	genus
126721	Ivory gull	Pagophila eburnea	126720	species
126723	Sandwich tern	Thalasseus sandvicensis	555355	species
126785		Athene	30459	genus
126786	Spotted owlet	Athene brama	126785	species
126797	Little owl	Athene noctua	126785	species
126801	Spotted eagle-owl	Bubo africanus	30460	species
126802	Pharaoh eagle-owl	Bubo ascalaphus	30460	species
126803	Rock eagle-owl	Bubo bengalensis	30460	species
126804	Verreaux's eagle-owl	Bubo lacteus	30460	species
126805	African barred owlet	Glaucidium capense	78216	species
126806	Northern pygmy-owl	Glaucidium californicum	78216	species
126808	Andean pygmy-owl	Glaucidium jardinii	78216	species
126811		Ketupa	30459	genus
126813	Brown fish owl	Ketupa zeylonensis	126811	species
126814	Pallid scops-owl	Otus brucei	56271	species
126821	Guatemalan screech-owl	Megascops guatemalae	349401	species
126826	Cinnamon screech-owl	Otus petersoni	56271	species
126827	Eurasian scops owl	Otus scops	56271	species
126829	Southern tawny-bellied screech-owl	Otus usta	56271	species
126834	Tawny-browed owl	Pulsatrix koeniswaldiana	111819	species
126835	Brown wood owl	Strix leptogrammica	36304	species
126836	Great gray owl	Strix nebulosa	36304	species
126849	Ashy-faced owl	Tyto glaucops	56312	species
126850	Buff-fronted owl	Aegolius harrisii	56264	species
126852	Spot-bellied eagle-owl	Bubo nipalensis	30460	species
126855	Central American pygmy-owl	Glaucidium griseiceps	78216	species
126856	Red-chested owlet	Glaucidium tephronotum	78216	species
126857	Brown hawk-owl	Ninox scutulata	56288	species
126859	Indian scops owl	Otus bakkamoena	56271	species
126860	Sunda scops-owl	Otus lempiji	56271	species
126861	West Peruvian screech-owl	Megascops roboratus	56271	species
126862	Long-tufted screech-owl	Otus sanctaecatarinae	56271	species
126863	Rufous-legged owl	Strix rufipes	36304	species
126864		Gelochelidon	8910	genus
126865	Gull-billed tern	Gelochelidon nilotica	126864	species
126866	Ashy storm-petrel	Oceanodroma homochroa	52123	species
126867		Phalacrocorax aristotelis	9207	species
126871	Band-rumped storm-petrel	Oceanodroma castro	52123	species
126873	Cape Verde swamp-warbler	Acrocephalus brevipennis	39620	species
126874		Acrocephalus concinens	39620	species
126875		Acrocephalus rufescens	39620	species
126876		Acrocephalus vaughani	39620	species
126877	Pallas's grasshopper-warbler	Locustella certhiola	68487	species
126878		Locustella pleskei	68487	species
126879	Yungas pygmy-owl	Glaucidium bolivianum	78216	species
126880	Peruvian pygmy-owl	Glaucidium peruanum	78216	species
126881	Magellan horned owl	Bubo magellanicus	30460	species
126882	Chaco pygmy owl	Glaucidium tucumanum	78216	species
126883	Amazonian pygmy-owl	Glaucidium hardyi	78216	species
126884		Tyto alba pratincola	56313	subspecies
126885		Calonectris diomedea diomedea	52122	subspecies
126887	mangrove reed-warbler	Acrocephalus avicenniae	39620	species
126888		Acrocephalus fuscus	39620	species
126889		Acrocephalus scirpaceus scirpaceus	48156	subspecies
126890		Acrocephalus stentoreus brunnescens	68485	subspecies
126891		Acrocephalus melanopogon melanopogon	68470	subspecies
126894		Acrocephalus melanopogon mimicus	68470	subspecies
126912	Iberian chiffchaff	Phylloscopus ibericus	9181	species
127872	Japanese waxwing	Bombycilla japonica	125296	species
127873		Cinclidae	9126	family
127874		Cinclus	127873	genus
127875	White-throated dipper	Cinclus cinclus	127874	species
127912		Cyornis	36291	genus
127913		Cyornis banyumas	127912	species
127917		Entomodestes	9183	genus
127918		Entomodestes leucotis	127917	species
127928		Leucopsar	9170	genus
127929	Bali myna	Leucopsar rothschildi	127928	species
127930		Myadestes ralloides	123380	species
127933		Neocossyphus	9183	genus
127934		Neocossyphus poensis	127933	species
127935		Neocossyphus rufus	127933	species
127942		Stizorhina	9183	genus
127943		Stizorhina finschi	127942	species
127944		Stizorhina fraseri	127942	species
127946	Song thrush	Turdus philomelos	9186	species
127974		Loxia pytyopsittacus	64794	species
127975		Loxia curvirostra curvirostra	64802	subspecies
127976		Loxia curvirostra japonica	64802	subspecies
128005		Loxia curvirostra minor	64802	subspecies
128006		Loxia curvirostra pusilla	64802	subspecies
128007		Loxia curvirostra stricklandi	64802	subspecies
128008		Loxia leucoptera megaplaga	96539	subspecies
128009		Loxia leucoptera leucoptera	96539	subspecies
128011		Loxia curvirostra himalayensis	64802	subspecies
128012		Loxia leucoptera bifasciata	96539	subspecies
128047		Creagrus	8910	genus
128048		Creagrus furcatus	128047	species
128049		Xema	8910	genus
128050	Sabine's gull	Xema sabini	128049	species
128135		Sterna sp. Heidrich-1866	2640654	species
128140		Acrocephalus agricola agricola	68476	subspecies
128141		Acrocephalus agricola septimus	68476	subspecies
128172		Tragopan melanocephalus	9069	species
128389		Nipponia	33574	genus
128390	Crested ibis	Nipponia nippon	128389	species
128946	Grey ground-thrush	Zoothera princei	36287	species
129787		Saltator striatipectus	58204	species
130816		Loxia curvirostra luzonensis	64802	subspecies
131085		Coturnix sp. ERO-1993	2509466	species
131086		Coturnix sp. IF-1995	2509466	species
131087		Coturnix sp. DFP-1995	2509466	species
131100		Coturnix sp. SP-1993	2509466	species
131101		Coturnix sp. MF-1993	2509466	species
131343	Red-breasted sapsucker	Sphyrapicus ruber	56078	species
132585	Pink-footed goose	Anser brachyrhynchus	8842	species
132586	Lesser white-fronted goose	Anser erythropus	8842	species
132587	Bean goose	Anser fabalis	8842	species
132589	European white-fronted goose	Anser albifrons albifrons	50365	subspecies
132590	Greenland white-fronted goose	Anser albifrons flavirostris	50365	subspecies
132591	eastern greylag goose	Anser anser rubrirostris	8843	subspecies
134756		Numida meleagris galeata	8996	subspecies
134757		Numida meleagris coronata	8996	subspecies
134902	Hawaiian crow	Corvus hawaiiensis	30420	species
134906	Chihuahuan raven	Corvus cryptoleucus	30420	species
135161		Baryphthengus	57387	genus
135162	Rufous-capped motmot	Baryphthengus ruficapillus	135161	species
135163		Brachypteraciidae	8936	family
135164		Brachypteracias	135163	genus
135165	short-legged ground-roller	Brachypteracias leptosomus	135164	species
135166		Bucconidae	118184	family
135167		Bucco	135166	genus
135168	collared puffbird	Bucco capensis	135167	species
135170	bluish-fronted jacamar	Galbula cyanescens	118186	species
135171		Heliomaster	9242	genus
135172	Blue-tufted starthroat	Heliomaster furcifer	135171	species
135173	grey-rumped treeswift	Hemiprocne longipennis	46509	species
135174		Hylocharis	9242	genus
135175	Gilded sapphire	Hylocharis chrysura	135174	species
135176	Blue-throated bee-eater	Merops viridis	57420	species
135177		Nystalus	135166	genus
135178	spot-backed puffbird	Nystalus maculatus	135177	species
135179	Planalto hermit	Phaethornis pretrei	46512	species
135180		Podager	48287	genus
135181	nacunda nighthawk	Podager nacunda	135180	species
135182		Stactolaema	91768	genus
135183	green barbet	Stactolaema olivacea	135182	species
135184	Puerto Rican tody	Todus mexicanus	57435	species
135185	Usambiro barbet	Trachyphonus usambiro	91786	species
135192	brazilian tinamou	Crypturellus strigulosus	48395	species
135422	Grasshopper sparrow	Ammodramus savannarum	69261	species
135423		Calcarius	400781	genus
135424	Lapland longspur	Calcarius lapponicus	135423	species
135425		Nectariniidae	175121	family
135426		Dicaeum	667167	genus
135427	Orange-bellied flowerpecker	Dicaeum trigonostigma	135426	species
135428	greater flowerpiercer	Diglossa major	62192	species
135429		Eremophila	72205	genus
135430	Horned lark	Eremophila alpestris	135429	species
135431	Finsch's euphonia	Euphonia finschi	62198	species
135432		Geothlypis	400782	genus
135433	Common yellowthroat	Geothlypis trichas	135432	species
135434		Haplospiza	400783	genus
135435		Haplospiza unicolor	135434	species
135436		Icteria	400782	genus
135437	Yellow-breasted chat	Icteria virens	135436	species
135438	black-and-white munia	Spermestes bicolor	2715631	species
135439		Peucedraminae	9133	subfamily
135440		Peucedramus	135439	genus
135441	Olive warbler	Peucedramus taeniatus	135440	species
135443		Pheucticus	2969676	genus
135444	Rose-breasted grosbeak	Pheucticus ludovicianus	135443	species
135446		Ploceinae	1002748	subfamily
135447		Ploceus	135446	genus
135448	village weaver	Ploceus cucullatus	135447	species
135449		Sporophila	400783	genus
135450	slate-colored seedeater	Sporophila schistacea	135449	species
135451		Volatinia	400783	genus
135452	blue-black grassquit	Volatinia jacarina	135451	species
135627	speckled pigeon	Columba guinea	8931	species
135629	Caribbean dove	Leptotila jamaicensis	115655	species
135630	grey-headed dove	Leptotila plumbeiceps	115655	species
135631	White-tipped dove	Leptotila verreauxi	115655	species
135632	White-eared brown-dove	Phapitreron leucotis	115681	species
135633	Yellow-breasted fruit dove	Ramphiculus occipitalis	115696	species
135634	Ring-necked dove	Streptopelia capicola	36242	species
135635	laughing dove	Spilopelia senegalensis	2823198	species
135971		Calyptomena	81928	genus
135972	Lesser green broadbill	Calyptomena viridis	135971	species
135973		Glyphorynchus	9136	genus
135974	wedge-billed woodcreeper	Glyphorynchus spirurus	135973	species
135975	Micronesian myzomela	Myzomela rubratra	108837	species
135976	rufous fantail	Rhipidura rufifrons	107227	species
135977	grey-headed babbler	Stachyris poliocephala	98149	species
135978		Trichastoma	1743389	genus
135979	ferruginous babbler	Trichastoma bicolor	135978	species
135980	bridled white-eye	Zosterops conspicillatus	36298	species
135981	Chestnut-flanked white-eye	Zosterops erythropleurus	36298	species
135982	plain white-eye	Zosterops hypolais	36298	species
135983	Kikuyu white-eye	Zosterops kikuyuensis	36298	species
135984	Mountain white-eye	Zosterops montanus	36298	species
135985	yellowish white-eye	Zosterops nigrorum	36298	species
135986	Oriental white-eye	Zosterops palpebrosus	36298	species
135988	Caroline white-eye	Zosterops semperi	36298	species
135989	African yellow white-eye	Zosterops senegalensis	36298	species
135990		Zosterops oleagineus	36298	species
135991		Zosterops conspicillatus conspicillatus	135980	subspecies
135992	Rota bridled white-eye	Zosterops rotensis	36298	species
135993		Zosterops conspicillatus saypani	135980	subspecies
135994	Heuglin's white-eye	Zosterops poliogastrus poliogastrus	452104	subspecies
136245		Leptotila verreauxi angelica	135631	subspecies
136246		Leptotila verreauxi fulviventris	135631	subspecies
136503	Mitred parakeet	Psittacara mitratus	1664462	species
136504	Salmon-crested cockatoo	Cacatua moluccensis	12981	species
136968		Poospiza	400783	genus
136969	Plain-tailed warbling-finch	Microspingus alticola	2692229	species
136970	Tucuman mountain-finch	Poospiza baeri	136968	species
136971	Bolivian warbling-finch	Poospiza boliviana	136968	species
136972	chestnut-breasted mountain-finch	Poospiza caesar	136968	species
136974	Cochabamba mountain-finch	Poospiza garleppi	136968	species
136975	collared warbling-finch	Poospiza hispaniolensis	136968	species
136976	rufous-sided warbling finch	Poospiza hypochondria	136968	species
136977	black-capped warbling finch	Microspingus melanoleucus	2692229	species
136978	cinnamon warbling-finch	Poospiza ornata	136968	species
136979	ringed warbling-finch	Microspingus torquatus	2692229	species
136980	black-and-chestnut warbling-finch	Poospiza nigrorufa	136968	species
137210		Saltatricula	400783	genus
137211	many-colored chaco-finch	Saltatricula multicolor	137210	species
137212		Phrygilus	400783	genus
137213	band-tailed sierra-finch	Phrygilus alaudinus	137212	species
137214		Melopyrrha	62155	genus
137215	Cuban bullfinch	Melopyrrha nigra	137214	species
137230		Embernagra	62155	genus
137231	great pampa-finch	Embernagra platensis	137230	species
137236		Coryphospingus	400783	genus
137237	Red-crested finch	Coryphospingus cucullatus	137236	species
137253		Geophaps	8930	genus
137255	black-faced cormorant	Phalacrocorax fuscescens	9207	species
137516		Campephaga	880551	genus
137517	Black cuckoo-shrike	Campephaga flava	137516	species
137518	rufous gnateater	Conopophaga lineata	123373	species
137523	Great spotted woodpecker	Dendrocopos major	51357	species
137524	crested hornero	Furnarius cristatus	81885	species
137525		Gubernetes	28728	genus
137526	steamer-tailed tyrant	Gubernetes yetapa	137525	species
137529		Philepittidae	9126	family
137531		Philepitta	137529	genus
137532	velvet asity	Philepitta castanea	137531	species
137533		Phytotoma	9127	genus
137534	white-tipped plantcutter	Phytotoma rutila	137533	species
137535	white-barred piculet	Picumnus cirratus	56080	species
137536	African pitta	Pitta angolensis	9162	species
137537	Blue-headed pitta	Hydrornis baudii	1316416	species
137538		Rhinocrypta	9167	genus
137539	crested gallito	Rhinocrypta lanceolata	137538	species
137540	variable antshrike	Thamnophilus caerulescens	81888	species
137541	Fork-tailed flycatcher	Tyrannus savana	43164	species
137542	Norfolk Island parakeet	Cyanoramphus cookii	114431	species
137762	rufous-sided broadbill	Smithornis rufolateralis	81929	species
137990		Cyphorhinus	69501	genus
137991		Cyphorhinus phaeocephalus	137990	species
138929		Pheucticus aureoventris	135443	species
138930	yellow-bellied seedeater	Sporophila nigricollis	135449	species
138931	Cuban grassquit	Tiaris canora	93067	species
138932		Melanospiza	400783	genus
138933	St Lucia black finch	Melanospiza richardsoni	138932	species
138934		Oryzoborus	400783	genus
138956	black flowerpiercer	Diglossa humeralis	62192	species
138957		Dives bonariensis	84796	species
138958		Chlorophonia musica	62166	species
138959	White-edged oriole	Icterus graceannae	84804	species
138961	Wing-barred seedeater	Sporophila americana	135449	species
138962	chestnut-bellied seedeater	Sporophila castaneiventris	135449	species
138963		Catamenia	400783	genus
138964		Catamenia inornata	138963	species
138965		Cyanocompsa	2969676	genus
138966	Blue bunting	Cyanocompsa parellina	138965	species
140039		Monticola solitarius philippensis	36286	subspecies
140041	Forest rock-thrush	Monticola sharpei	36285	species
140053	Blue-capped rock-thrush	Monticola cinclorhyncha	36285	species
140054		Monticola erythronotus	36285	species
140055		Monticola imerinus	36285	species
140443	Crestless fireback pheasant	Lophura erythrophthalma	9041	species
140444	Edwards's pheasant	Lophura hatinhensis	9041	species
140445	Kalij pheasant	Lophura leucomelanos	9041	species
140446	Swinhoe's pheasant	Lophura swinhoii	9041	species
140447		Lophura inornata	9041	species
141271	Yellow-crested cockatoo	Cacatua sulphurea	12981	species
141274	Sulfur-crested cockatoo	Cacatua galerita	12981	species
141282	Eastern rosella	Platycercus eximius	35541	species
141834	Solomons cockatoo	Cacatua ducorpsii	12981	species
141835	Blue-eyed cockatoo	Cacatua ophthalmica	12981	species
141836	White cockatoo	Cacatua alba	12981	species
141837	Philippine cockatoo	Cacatua haematuropygia	12981	species
141838		Probosciger	35549	genus
141839	Palm cockatoo	Probosciger aterrimus	141838	species
141840		Cacatua galerita triton	141274	subspecies
141853	Cactus wren	Campylorhynchus brunneicapillus	69502	species
141888		Sheppardia aequatorialis	74354	species
141889	Iringa akalat	Sheppardia lowei	74354	species
141890	Usambara akalat	Sheppardia montana	74354	species
141891		Sheppardia sharpei	74354	species
142466	Western scrub-jay	Aphelocoma californica	39616	species
142467	Oak titmouse	Baeolophus inornatus	88113	species
142468	Purple finch	Haemorhous purpureus	1523891	species
142470	American dusky flycatcher	Empidonax oberholseri	28729	species
142471	Lazuli bunting	Passerina amoena	84842	species
142472	Hutton's vireo	Vireo huttoni	28732	species
142473		Oporornis	400782	genus
142474	MacGillivray's warbler	Geothlypis tolmiei	135432	species
142475		Poecile	9153	genus
142476	Chestnut-backed chickadee	Poecile rufescens	142475	species
142478	Wilson's warbler	Cardellina pusilla	182911	species
142657		Polyplectron chalcurum	9058	species
142658	Germain's peacock-pheasant	Polyplectron germaini	9058	species
142659		Polyplectron inopinatum	9058	species
142660	Malayan peacock-pheasant	Polyplectron malacense	9058	species
142857		Polioptilinae	66704	subfamily
142858		Auriparus	142857	genus
142859	Verdin	Auriparus flaviceps	142858	species
144757		Phylloscopus trochiloides ludlowi	48154	subspecies
144759		Phylloscopus trochiloides obscuratus	48154	subspecies
144761		Phylloscopus trochiloides trochiloides	48154	subspecies
144762		Phylloscopus trochiloides viridanus	48154	subspecies
145371		Nectarinia	135425	genus
146612	Brandt's cormorant	Phalacrocorax penicillatus	9207	species
146613	Campbell Island shag	Leucocarbo campbelli	1523025	species
146614	Cape cormorant	Phalacrocorax capensis	9207	species
146615	Chatham island shag	Leucocarbo onslowi	1523025	species
146616	Guanay cormorant	Leucocarbo bougainvillii	1523025	species
146617	Japanese cormorant	Phalacrocorax capillatus	9207	species
146618	Little pied cormorant	Microcarbo melanoleucos	1517964	species
146619	Macquarie Island shag	Leucocarbo purpurascens	1523025	species
146620	Rock shag	Phalacrocorax magellanicus	9207	species
146621	pied cormorant	Phalacrocorax varius	9207	species
146622		Phalacrocorax featherstoni	9207	species
146623	red-legged cormorant	Phalacrocorax gaimardi	9207	species
146624	spotted shag	Phalacrocorax punctatus	9207	species
146625	Stewart Island shag	Leucocarbo chalconotus	1523025	species
147048		Illadopsis albipectus	98130	species
147051		Phyllastrephus debilis	59967	species
147052		Phyllastrephus icterinus	59967	species
147054		Phyllastrephus scandens	59967	species
147056		Alophoixus	36294	genus
147059		Tricholestes	36294	genus
147060	hairy-backed bulbul	Tricholestes criniger	147059	species
147061		Turdoides	1673678	genus
147062		Argya rubiginosa	2183803	species
147063		Crossleyia	1743362	genus
147064		Crossleyia xanthophrys	147063	species
147068		Bernieria madagascariensis madagascariensis	374660	subspecies
147069		Xanthomixis zosterops andapae	374665	subspecies
147464	Giant moa	Dinornis giganteus	8817	species
147465		Emeus	8809	genus
147466	eastern moa	Emeus crassus	147465	species
147492		Aepyornithidae	8798	family
147493		Mullerornis	147492	genus
147494		Mullerornis agilis	147493	species
148355		Hieraaetus pennatus pennatus	70275	subspecies
148356		Hieraaetus pennatus minisculus	70275	subspecies
148593		Falco cenchroides	8952	species
148594	Lesser kestrel	Falco naumanni	8952	species
148595		Falco newtoni	8952	species
148596		Falco punctatus	8952	species
148597		Falco rupicoloides	8952	species
148598		Falco tinnunculus canariensis	100819	subspecies
148599		Falco tinnunculus dacotiae	100819	subspecies
148600		Falco tinnunculus rufescens	100819	subspecies
148602		Falco tinnunculus tinnunculus	100819	subspecies
150281		Neophron percnopterus majorensis	33608	subspecies
150282		Neophron percnopterus percnopterus	33608	subspecies
150283		Neophron percnopterus ginginianus	33608	subspecies
150905	Unicolored jay	Aphelocoma unicolor	39616	species
150912		Petronia	9158	genus
150913		Petronia petronia	150912	species
150914	Saxaul sparrow	Passer ammodendri	9159	species
150915	Plain-backed sparrow	Passer flaveolus	9159	species
150916	Grey-headed sparrow	Passer griseus	9159	species
150917	Cape sparrow	Passer melanurus	9159	species
150918	Russet sparrow	Passer rutilans	9159	species
150919		Passer simplex	9159	species
151215		Rheinardia	9072	genus
151216	Crested argus	Rheinardia ocellata	151215	species
151708	logrunner	Orthonyx temminckii	38396	species
151709		Orthonyx novaeguineae	38396	species
151758		Amazona amazonica	12929	species
151759	red-lored parrot	Amazona autumnalis	12929	species
151760	Mealy parrot	Amazona farinosa	12929	species
151761	Yellow-crowned parrot	Amazona ochrocephala	12929	species
151762		Amazona ochrocephala auropalliata	151761	subspecies
151764		Amazona ochrocephala ochrocephala	151761	subspecies
151766		Amazona ochrocephala panamensis	151761	subspecies
151767		Amazona ochrocephala tresmariae	151761	subspecies
151768	Bronze-winged parrot	Pionus chalcopterus	13213	species
152276	yellow-headed parrot	Amazona oratrix	12929	species
152277		Amazona auropalliata	12929	species
153632		Eupetomena	9242	genus
153633	Swallow-tailed hummingbird	Eupetomena macroura	153632	species
153637		Tockus erythrorhynchus kempi	81911	subspecies
153639		Tockus erythrorhynchus damarensis	81911	subspecies
153640		Bucorvidae	57379	family
153641		Bucorvus	153640	genus
153643	Northern ground-hornbill	Bucorvus abyssinicus	153641	species
153645	Southern yellow-billed hornbill	Tockus leucomelas	81910	species
153646		Tockus monteiri	81910	species
154043		Coccyzus americanus americanus	33603	subspecies
154044		Coccyzus americanus occidentalis	33603	subspecies
155086	southern ground hornbill	Bucorvus leadbeateri	153641	species
156153		Afrotis	54375	genus
156154		Afrotis afra	156153	species
156155		Neotis	54375	genus
156156		Neotis heuglinii	156155	species
156159		Colluricincla	254526	genus
156160		Colluricincla megarhyncha	156159	species
156161		Melampitta	28725	genus
156162	Greater melampitta	Melampitta gigantea	156161	species
156163	Regent whistler	Pachycephala schlegelii	46903	species
156164	Sclater's whistler	Pachycephala soror	46903	species
156165		Pitohui	254526	genus
156166	Hooded pitohui	Pitohui dichrous	156165	species
156167	Northern variable pitohui	Pitohui kirhocephalus	156165	species
156169		Rhagologus	254526	genus
156170		Rhagologus leucostigma	156169	species
156540	Bridled titmouse	Baeolophus wollweberi	88113	species
156542		Parus monticolus	9154	species
156546		Poecile carolinensis extimus	48892	subspecies
156548	rusty-breasted tit	Poecile davidi	142475	species
156549	Mountain chickadee	Poecile gambeli	142475	species
156550		Poecile gambeli baileyi	156549	subspecies
156551		Poecile gambeli gambeli	156549	subspecies
156552	Boreal chickadee	Poecile hudsonicus	142475	species
156553		Poecile hudsonicus littoralis	156552	subspecies
156554		Poecile lugubris	142475	species
156555		Poecile lugubris lugens	156554	subspecies
156558	Mexican chickadee	Poecile sclateri	142475	species
156559	white-browed tit	Poecile superciliosus	142475	species
156560		Anthoscopus	9153	genus
156561	Southern penduline-tit	Anthoscopus minutus	156560	species
156562		Cyanistes	9153	genus
156563	Eurasian blue tit	Cyanistes caeruleus	156562	species
156564		Lophophanes	9153	genus
156565	Crested tit	Lophophanes cristatus	156564	species
156566		Periparus	9153	genus
156567	Coal tit	Periparus ater	156566	species
156568		Remiz	9153	genus
156569	Eurasian penduline-tit	Remiz pendulinus	156568	species
156570	Azure tit	Cyanistes cyanus	156562	species
156571	Gray-crested tit	Lophophanes dichrous	156564	species
156572		Periparus ater aemodius	156567	subspecies
156573	Elegant tit	Pardaliparus elegans	2185134	species
156574	black-crested tit	Periparus melanolophus	156566	species
156757	Swainson's hawk	Buteo swainsoni	30396	species
156758		Fulica leucoptera	9120	species
156759	Virginia rail	Rallus limicola	54360	species
156760	Galapagos penguin	Spheniscus mendiculus	9239	species
156763		Rostrhamus	8955	genus
156764	Snail kite	Rostrhamus sociabilis	156763	species
156765		Sarothrura	9119	genus
156766	buff-spotted flufftail	Sarothrura elegans	156765	species
157078		Cyanopsitta spixii x Ara maracana	9224	species
158048	Hammond's flycatcher	Empidonax hammondii	28729	species
158049	Great grey shrike	Lanius excubitor	28712	species
158050		Cyclarhis gujanensis gujanensis	34943	subspecies
158051		Vireolanius leucotis bolivianus	34960	subspecies
158052	Black-billed magpie	Pica hudsonia	34923	species
158053		Passer domesticus domesticus	48849	subspecies
158054	Masked yellowthroat	Geothlypis aequinoctialis	135432	species
158055		Leiothlypis celata lutescens	62259	subspecies
158056		Hylophilus	28731	genus
158057		Hylophilus ochraceiceps	158056	species
158058		Hylophilus ochraceiceps ferrugineifrons	158057	subspecies
158059		Hylophilus ochraceiceps viridior	158057	subspecies
158176		Phylloscopus collybita collybita	48150	subspecies
158457		Tangara cucullata	58206	species
158614		Spermestes cucullata	2715631	species
158615		Chondestes	1729112	genus
158616	Lark sparrow	Chondestes grammacus	158615	species
158617		Quelea	135446	genus
158618	cardinal quelea	Quelea cardinalis	158617	species
159313		Centrocercus urophasianus x Tympanuchus phasianellus	2766771	species
159579	Gray-cheeked thrush	Catharus minimus	9184	species
159580	Bicknell's thrush	Catharus bicknelli	9184	species
159581	Veery	Catharus fuscescens	9184	species
160229		Columba oenas	8931	species
160755	black siskin	Spinus atratus	1647189	species
160756	black-chinned siskin	Spinus barbatus	1647189	species
160757	Eurasian linnet	Linaria cannabina	1930290	species
160760	Eurasian siskin	Spinus spinus	1647189	species
160761	yellow-throated bunting	Emberiza elegans	30424	species
161490		Phainoptila	125295	genus
161491		Phainoptila melanoxantha	161490	species
161545	Large-billed reed-warbler	Acrocephalus orinus	39620	species
161623		Passerculus	1729112	genus
161624	Savannah sparrow	Passerculus sandwichensis	161623	species
161625	Eastern towhee	Pipilo erythrophthalmus	40200	species
161626		Plectrophenax	400781	genus
161627	Snow bunting	Plectrophenax nivalis	161626	species
161648	Cedar waxwing	Bombycilla cedrorum	125296	species
161649	American dipper	Cinclus mexicanus	127874	species
161650		Dulus	125295	genus
161651		Dulus dominicus	161650	species
161652		Phainopepla	125295	genus
161653	Phainopepla	Phainopepla nitens	161652	species
161676	Whimbrel	Numenius phaeopus	32638	species
161677		Limnodromus	8917	genus
161678	Long-billed dowitcher	Limnodromus scolopaceus	161677	species
161679		Limosa	8917	genus
161680	Black-tailed godwit	Limosa limosa	161679	species
161681		Tringa	8917	genus
161682	Greater yellowlegs	Tringa melanoleuca	161681	species
161683	Bar-tailed godwit	Limosa lapponica	161679	species
161739	Lesser yellowlegs	Tringa flavipes	161681	species
161740		Thinocoridae	8920	family
161741		Thinocorus	161740	genus
161742		Thinocorus orbignyianus	161741	species
162324	Marbled godwit	Limosa fedoa	161679	species
162325	Hudsonian godwit	Limosa haemastica	161679	species
162951		Lyrurus tetrix tetrix	1233216	subspecies
163842		Cettia fortipes	36271	species
163844		Serinus gularis	9134	species
163845	white-bellied canary	Crithagra dorsostriata	1892169	species
163846		Serinus thibetanus	9134	species
163847	Yellow canary	Crithagra flaviventris	1892169	species
163849	Cape canary	Serinus canicollis	9134	species
163851		Serinus citrinella	9134	species
163852		Serinus pusillus	9134	species
163854		Serinus atrogularis	9134	species
163856		Serinus citrinipectus	9134	species
163858		Rhodopechys	64795	genus
163862	Tytler's leaf-warbler	Phylloscopus tytleri	9181	species
163863	Mountain leaf-warbler	Phylloscopus trivirgatus	9181	species
163864	Sulphur-bellied warbler	Phylloscopus griseolus	9181	species
163865	Lemon-throated leaf-warbler	Phylloscopus cebuensis	9181	species
163866		Sicalis	400783	genus
163867		Sicalis luteola	163866	species
163868		Sicalis flaveola	163866	species
164627		Cyanocompsa brissonii	138965	species
164628	blue-black grosbeak	Cyanoloxia cyanoides	460173	species
164629		Passerina caerulea	84842	species
164630	Painted bunting	Passerina ciris	84842	species
164631		Passerina leclancherii	84842	species
164632		Passerina rositae	84842	species
164633	Varied bunting	Passerina versicolor	84842	species
164645		Cardinalini	2969676	tribe
164646	New World blackbirds, orioles and allies	Icteridae	175121	family
164674	Willow flycatcher	Empidonax traillii	28729	species
164887		Myadestes elisabeth	123380	species
164888		Myadestes obscurus	123380	species
164889	Brown-backed solitaire	Myadestes occidentalis	123380	species
164890	Townsend's solitaire	Myadestes townsendi	123380	species
164891		Myadestes unicolor	123380	species
164898		Cichlopsis	9183	genus
164899		Cichlopsis leucogenys	164898	species
165193		Malurus amabilis	55806	species
165194	chalk-browned mockingbird	Mimus saturninus	58200	species
165260		Meleagris gallopavo mexicana	9103	subspecies
165735		Dendropicos	9220	genus
165736		Dendropicos fuscescens	165735	species
165737		Dendropicos griseocephalus	165735	species
165738	White-headed woodpecker	Leuconotopicus albolarvatus	2821868	species
165739	Black-backed woodpecker	Picoides arcticus	36302	species
165740	Red-cockaded woodpecker	Leuconotopicus borealis	36302	species
165743	Striped woodpecker	Veniliornis lignarius	56075	species
165747	Checkered woodpecker	Veniliornis mixtus	56075	species
165748	Nuttall's woodpecker	Dryobates nuttallii	1517830	species
165749	Ladder-backed woodpecker	Dryobates scalaris	1517830	species
165750	Strickland's woodpecker	Picoides stricklandi	36302	species
165751	Eurasian three-toed woodpecker	Picoides tridactylus	36302	species
166059		Chlorospingus canigularis	62170	species
166060		Chlorospingus flavigularis	62170	species
166061	Common bush-tanager	Chlorospingus ophthalmicus	62170	species
166062		Chlorospingus ophthalmicus bolivianus	166061	subspecies
166063		Chlorospingus ophthalmicus phaeocephalus	166061	subspecies
166064		Chlorospingus ophthalmicus hiaticolus	166061	subspecies
166065		Chlorospingus parvirostris	62170	species
166066		Chlorospingus semifuscus	62170	species
166067	Black-crested warbler	Myiothlypis nigrocristata	1851188	species
166068		Basileuterus luteoviridis luteoviridis	85530	subspecies
166069		Basileuterus luteoviridis striaticeps	85530	subspecies
166070		Basileuterus luteoviridis euophrys	85530	subspecies
166071		Hemispingus auricularis	62202	species
166072		Hemispingus piurae	62202	species
166073		Hemispingus xanthophthalmus	62202	species
166074		Hemispingus rufosuperciliaris	62202	species
166075		Thlypopsis superciliaris	62256	species
166076		Thlypopsis superciliaris nigrifrons	166075	subspecies
166077		Microspingus trifasciatus	2692229	species
166078		Hemispingus calophrys	62202	species
167852		Eudyptes chrysocome moseleyi	79626	subspecies
167853		Eudyptes chrysocome chrysocome	79626	subspecies
170405	Socotra cormorant	Phalacrocorax nigrogularis	9207	species
170862	Collared inca	Coeligena torquata	56649	species
170863		Nectarinia olivacea	145371	species
170865		Halcyon	8937	genus
170866	Blue-breasted kingfisher	Halcyon malimbica	170865	species
170867		Chloropipo	114313	genus
170869		Terenotriccus	28728	genus
170870		Terenotriccus erythrurus	170869	species
170958		Mionectes striaticollis	123378	species
171266		Calidris tenuirostris	8918	species
171267	Lesser sand plover	Charadrius mongolus	50391	species
171268	Far Eastern curlew	Numenius madagascariensis	32638	species
171269	Wood sandpiper	Tringa glareola	161681	species
171270	Common greenshank	Tringa nebularia	161681	species
171271		Tringa totanus	161681	species
171272		Pluvialis	8907	genus
171273	Grey plover	Pluvialis squatarola	171272	species
171274		Recurvirostra	425629	genus
171275	Pied avocet	Recurvirostra avosetta	171274	species
171276		Xenus	8917	genus
171277	Terek sandpiper	Xenus cinereus	171276	species
171406	Purple swamphen	Porphyrio porphyrio	54483	species
172403		Catharus aurantiirostris	9184	species
172404	Spotted nightingale-thrush	Catharus dryas	9184	species
172405	Ruddy-capped nightingale-thrush	Catharus frantzii	9184	species
172406		Catharus fuscater	9184	species
172407		Catharus gracilirostris	9184	species
172408		Catharus mexicanus	9184	species
172409		Catharus occidentalis	9184	species
172412		Sialia	9183	genus
172413	Eastern bluebird	Sialia sialis	172412	species
172415		Ixoreus	9183	genus
172416	Varied thrush	Ixoreus naevius	172415	species
172419		Hylocichla	9183	genus
172420	Wood thrush	Hylocichla mustelina	172419	species
172423		Platycichla	9183	genus
172664		Gracula religiosa intermedia	116992	subspecies
172677		Afrotis afraoides	156153	species
172678		Eupodotis rueppellii	89384	species
172679		Chlamydotis	54375	genus
172680	Houbara bustard	Chlamydotis undulata	172679	species
172681		Lissotis	54375	genus
172682		Lissotis melanogaster	172681	species
172683		Tetrax	54375	genus
172684		Tetrax tetrax	172683	species
172688		Lophotis	54375	genus
172689		Lophotis ruficrista	172688	species
172690		Ardeotis arabs	54376	species
172691		Ardeotis australis	54376	species
172692	Great Indian bustard	Ardeotis nigriceps	54376	species
172718		Otis tarda tarda	73107	subspecies
172732		Otis tarda dybowskii	73107	subspecies
173220	Purple martin	Progne subis	72874	species
173221		Tachycineta stolzmanni	72872	species
173222		Tachycineta albilinea	72872	species
173223		Tachycineta albiventer	72872	species
173224		Tachycineta leucorrhoa	72872	species
173225		Tachycineta meyeni	72872	species
173226	Violet-green swallow	Tachycineta thalassina	72872	species
173227	Bahama swallow	Tachycineta cyaneoviridis	72872	species
173228	Golden swallow	Tachycineta euchrysea	72872	species
173525		Tockus erythrorhynchus damarensis x Tockus rufirostris	81911	subspecies
174677	Siberian gull	Larus heuglini	8911	species
174998		Aegithalos iouschensis	73326	species
174999		Cisticola anonymus	52621	species
175000	brown treecreeper	Climacteris picumnus	47694	species
175001	Barred cuckooshrike	Coracina lineata	108824	species
175002	Yellow-bellied flowerpecker	Dicaeum melanozanthum	135426	species
175003		Dicrurus adsimilis	107204	species
175004		Garrulax milleti	98126	species
175006	red-backed fairy wren	Malurus melanocephalus	55806	species
175007		Meliphaga analoga	108831	species
175008		Mimus patagonicus	58200	species
175009		Muscicapa strophiata	69507	species
175010	Eastern black-headed oriole	Oriolus larvatus	98139	species
175013	garden bulbul	Pycnonotus barbatus	125282	species
175014		Sylvia nana	43162	species
175015		Thamnophilus nigrocinereus	81888	species
175016		Thraupis cyanocephala	58208	species
175020		Aegithina	73325	genus
175021	Common iora	Aegithina tiphia	175020	species
175023		Artamus	28725	genus
175024	White-breasted woodswallow	Artamus leucorynchus	175023	species
175027		Dicruridae	192204	family
175115		Irenidae	192204	family
175116		Chloropsis	175115	genus
175117	Javan leafbird	Chloropsis cochinchinensis	175116	species
175118		Irena	175115	genus
175119	Asian fairy-bluebird	Irena puella	175118	species
175120	Philippine fairy-bluebird	Irena cyanogastra	175118	species
175121		Passeroidea	9126	superfamily
175122		Melanocharitidae	175121	family
175123		Melanocharis	175122	genus
175124	Black berrypecker	Melanocharis nigra	175123	species
175125		Monarcha	461250	genus
175126	Black monarch	Symposiachrus axillaris	1576457	species
175127		Oedistoma	175122	genus
175129		Picathartidae	9126	family
175130		Picathartes	175129	genus
175131	White-necked rockfowl	Picathartes gymnocephalus	175130	species
175132		Prunella	9158	genus
175133	Alpine accentor	Prunella collaris	175132	species
175134		Psarisomus	81928	genus
175135		Psarisomus dalhousiae	175134	species
175136		Toxorhamphus	175122	genus
175137		Toxorhamphus novaeguineae	175136	species
175138		Tregellasia	38563	genus
175139	white-faced robin	Tregellasia leucops	175138	species
175529		Amazona guildingii	12929	species
175815		Pyrrhula erythaca	37606	species
175817	black hornbill	Anthracoceros malayanus	57394	species
175818	crowned hornbill	Tockus alboterminatus	81910	species
175819		Tockus deckeni	81910	species
175821		Tockus fasciatus	81910	species
175822		Tockus fasciatus fasciatus	175821	subspecies
175823		Aceros	57380	genus
175824	Knobbed hornbill	Rhyticeros cassidix	175823	species
175825	Wrinkled hornbill	Rhabdotorrhinus corrugatus	175823	species
175826		Aceros corrugatus rugosus	175825	subspecies
175829		Buceros	57380	genus
175830	Great hornbill	Buceros bicornis	175829	species
175831		Ceratogymna	57380	genus
175832		Ceratogymna atrata	175831	species
175833	tarictic hornbills	Penelopides	57380	genus
175834	Visayan tarictic hornbill	Penelopides panini	175833	species
175835	Rhinoceros hornbill	Buceros rhinoceros	175829	species
175836		Buceros rhinoceros silvestris	175835	subspecies
175839		Penelopides panini panini	175834	subspecies
175840		Berenicornis	57380	genus
175841	White-crowned hornbill	Berenicornis comatus	175840	species
175842		Bycanistes	57380	genus
175843	Silvery-cheeked hornbill	Bycanistes brevis	175842	species
175844	Trumpeter hornbill	Bycanistes bucinator	175842	species
175845		Bycanistes subcylindricus	175842	species
175846		Bycanistes subcylindricus subquadratus	175845	subspecies
175928	black-capped siskin	Spinus atriceps	1647189	species
175929	Antillean siskin	Spinus dominicensis	1647189	species
175930	Common rosefinch	Carpodacus erythrinus	30426	species
175931		Carpodacus erythrinus roseatus	175930	subspecies
175932	Dark-breasted rosefinch	Procarduelis nipalensis	2823184	species
175933	Pallas' rosefinch	Carpodacus roseus	30426	species
175934		Carpodacus rubicilloides	30426	species
175935		Carpodacus trifasciatus	30426	species
175936	Yellow-throated Euphonia	Euphonia hirundinacea	62198	species
175937		Pyrrhula nipalensis	37606	species
175940		Eophona	37599	genus
175941		Eophona migratoria	175940	species
175942		Haematospiza	37599	genus
175943	Scarlet finch	Carpodacus sipahi	175942	species
175944		Mycerobas	37599	genus
175945		Mycerobas affinis	175944	species
175946		Pinicola	37599	genus
175947	Pine grosbeak	Pinicola enucleator	175946	species
175948		Eophona personata	175940	species
175949		Mycerobas carnipes	175944	species
176013	red-and-green macaw	Ara chloropterus	9225	species
176014	Scarlet macaw	Ara macao	9225	species
176015	sun parakeet	Aratinga solstitialis	12945	species
176016		Platycercus adelaidae	35541	species
176017		Brotogeris	9224	genus
176018	Grey-cheeked parakeet	Brotogeris pyrrhoptera	176017	species
176019		Charmosyna	35610	genus
176020		Charmosyna papou	176019	species
176021		Coracopsis	9224	genus
176022	Greater vasa parrot	Coracopsis vasa	176021	species
176023		Eclectus	9224	genus
176024	Eclectus parrot	Eclectus roratus	176023	species
176038		Eolophus	35549	genus
176039	Galah cockatoo	Eolophus roseicapilla	176038	species
176040		Glossopsitta	35610	genus
176041		Glossopsitta concinna	176040	species
176042		Nestor	9224	genus
176043	Kaka	Nestor meridionalis	176042	species
176044		Poicephalus	9224	genus
176045	Senegal parrot	Poicephalus senegalus	176044	species
176046		Psephotus	9224	genus
176047	Red-rumped parrot	Psephotus haematonotus	176046	species
176048		Trichoglossus	35610	genus
176049	coconut lorikeet	Trichoglossus haematodus	176048	species
176050		Vini	35610	genus
176051	Blue-crowned lorikeet	Vini australis	176050	species
176052		Charmosyna papou goliathina	176020	subspecies
176053	red-flanked lorikeet	Charmosyna placentis	176019	species
176054		Charmosyna rubronotata	176019	species
176055		Charmosyna rubronotata rubronotata	176054	subspecies
176056		Eclectus roratus polychloros	176024	subspecies
176057	Kea	Nestor notabilis	176042	species
176058		Poicephalus senegalus senegalus	176045	subspecies
176059		Trichoglossus haematodus rosenbergii	176049	subspecies
176060		Trichoglossus ornatus	176048	species
176061		Chalcopsitta	35610	genus
176062		Pseudeos cardinalis	176071	species
176063		Eos	35610	genus
176064	Black-winged lory	Eos cyanogenia	176063	species
176065		Myiopsitta	9224	genus
176066	Monk parakeet	Myiopsitta monachus	176065	species
176067		Neopsittacus	35610	genus
176068		Neopsittacus pullicauda	176067	species
176069		Oreopsittacus	35610	genus
176070		Oreopsittacus arfaki	176069	species
176071		Pseudeos	35610	genus
176072	dusky lory	Pseudeos fuscata	176071	species
176073		Psitteuteles	35610	genus
176074		Psitteuteles goldiei	176073	species
176075	Blue-streaked lory	Eos reticulata	176063	species
176076		Neopsittacus pullicauda pullicauda	176068	subspecies
176077		Oreopsittacus arfaki arfaki	176070	subspecies
176085		Pyrrhula pyrrhula cineracea	37607	subspecies
176086		Pyrrhula pyrrhula griseiventris	37607	subspecies
176923		Poecile montanus baicalensis	48895	subspecies
176924		Poecile montanus borealis	48895	subspecies
176925		Poecile montanus kamtschatkensis	48895	subspecies
176926		Poecile montanus montanus	48895	subspecies
176927		Poecile montanus restrictus	48895	subspecies
176928		Poecile montanus rhenanus	48895	subspecies
176929		Poecile montanus sachalensis	48895	subspecies
176930		Poecile montanus salicarius	48895	subspecies
176931		Poecile songarus songarus	1069489	subspecies
176932		Poecile montanus uralensis	48895	subspecies
176934	Broad-billed tody	Todus subulatus	57435	species
176935	Cuban tody	Todus multicolor	57435	species
176936	Narrow-billed tody	Todus angustirostris	57435	species
176937		Galbula ruficauda	118186	species
176938	American pygmy kingfisher	Chloroceryle aenea	57405	species
176939		Ceryle	57383	genus
176941		Megaceryle	57383	genus
176942	crested kingfisher	Megaceryle lugubris	176941	species
176943	Rufous motmot	Baryphthengus martii	135161	species
176944		Hylomanes	57387	genus
176945	Tody motmot	Hylomanes momotula	176944	species
177141		Columba arquatrix	8931	species
177143	ashy wood-pigeon	Columba pulchricollis	8931	species
177144		Macropygia mackinlayi	115674	species
177145	Philippine cuckoo-dove	Macropygia tenuirostris	115674	species
177146		Streptopelia bitorquata	36242	species
177147	Eurasian collared dove	Streptopelia decaocto	36242	species
177148		Streptopelia decipiens	36242	species
177149		Streptopelia hypopyrrha	36242	species
177151	Madagascar turtle-dove	Streptopelia picturata	36242	species
177152	African collared-dove	Streptopelia roseogrisea	36242	species
177153		Streptopelia semitorquata	36242	species
177154		Streptopelia tranquebarica	36242	species
177155		Streptopelia turtur	36242	species
177156		Streptopelia vinacea	36242	species
177157		Reinwardtoena	8930	genus
177158	Pied cuckoo-dove	Reinwardtoena browni	177157	species
177165	Philippine scrubfowl	Megapodius cumingii	8978	species
177166	New Guinea scrubfowl	Megapodius decollatus	8978	species
177167	Forsten's scrubfowl	Megapodius forstenii	8978	species
177168	Vanuatu scrubfowl	Megapodius layardi	8978	species
177169	Polynesian scrubfowl	Megapodius pritchardii	8978	species
177170	Tanimbar scrubfowl	Megapodius tenimberensis	8978	species
177171		Megapodius freycinet freycinet	8979	subspecies
177172		Megapodius freycinet quoyii	8979	subspecies
177175		Eulipoa	8977	genus
177176		Eulipoa wallacei	177175	species
177177		Macrocephalon	8977	genus
177178	Maleo	Macrocephalon maleo	177177	species
177179		Talegalla	8977	genus
177180		Talegalla fuscirostris	177179	species
177294		Xiphidiopicus	9220	genus
177295		Xiphidiopicus percussus	177294	species
177296	Gila woodpecker	Melanerpes uropygialis	56082	species
177297		Melanerpes striatus	56082	species
178882	Lear's macaw	Anodorhynchus leari	51899	species
178883	chestnut-fronted macaw	Ara severus	9225	species
178884	cactus parakeet	Eupsittula cactorum	1548947	species
178885	white-eyed parakeet	Psittacara leucophthalmus	1664462	species
178886	White-winged parakeet	Brotogeris versicolurus	176017	species
178887		Diopsittaca	9224	genus
178888		Diopsittaca nobilis	178887	species
178889		Orthopsittaca	9224	genus
178890	Red-bellied macaw	Orthopsittaca manilatus	178889	species
178892	yellow-collared macaw	Primolius auricollis	229695	species
178893	blue-headed macaw	Primolius couloni	229695	species
178894	Blue-winged macaw	Primolius maracana	229695	species
179002		Athene cunicularia cunicularia	194338	subspecies
179003		Athene cunicularia floridana	194338	subspecies
179004		Athene cunicularia hypugaea	194338	subspecies
179005		Athene cunicularia nanodes	194338	subspecies
179006		Athene cunicularia punensis	194338	subspecies
179409	Beautiful rosefinch	Carpodacus pulcherrimus	30426	species
179410		Uragus	37599	genus
179411		Uragus sibiricus	179410	species
179808		Larus crassirostris	8911	species
179809	Scandinavian herring gull	Larus argentatus argentatus	35669	subspecies
179811		Larus glaucoides kumlieni	118194	subspecies
179817	Citrine wagtail	Motacilla citreola	45806	species
180405		Phylloscopus trochilus yakutensis	9182	subspecies
180445	African pied wagtail	Motacilla aguimp	45806	species
180447	Mountain wagtail	Motacilla clara	45806	species
180448	Yellow wagtail	Motacilla flava	45806	species
180449	Black-backed wagtail	Motacilla alba lugens	45806	species
180456		Cyanistes cyanus cyanus	156570	subspecies
180458		Cyanistes cyanus tianschanicus	156570	subspecies
180459		Cyanistes cyanus yenisseensis	156570	subspecies
180462		Poecile montanus cf. montanus	48895	subspecies
180463		Poecile montanus sachalinensis	48895	subspecies
181022		Saurothera	33599	genus
181023	Cuban lizard-cuckoo	Saurothera merlini	181022	species
181024	Hispaniolan lizard-cuckoo	Saurothera longirostris	181022	species
181025	Jamaican lizard-cuckoo	Saurothera vetula	181022	species
181026	Mangrove cuckoo	Coccyzus minor	33602	species
181081	Puerto Rican lizard-cuckoo	Saurothera vielloti	181022	species
181089		Aethopyga	135425	genus
181090	Flaming sunbird	Aethopyga flagrans	181089	species
181091		Chlorocichla	36294	genus
181092	Yellow-bellied greenbul	Chlorocichla flaviventris	181091	species
181096	hooded crow	Corvus cornix	30420	species
181097		Corvus corone corone	30422	subspecies
181098	balicassiao	Dicrurus balicassius	107204	species
181099	Eurasian golden oriole	Oriolus oriolus	98139	species
181100		Panurus	2927229	genus
181101	Bearded tit	Panurus biarmicus	181100	species
181102		Paroaria coronata	116993	species
181103	Southern masked weaver	Ploceus velatus	135447	species
181117	Dunnock	Prunella modularis	175132	species
181118		Pseudopodoces	9153	genus
181119	Tibetan ground jay	Pseudopodoces humilis	181118	species
181626	Black-winged cuckooshrike	Lalage melaschistos	108824	species
181627		Prinia bairdii	81891	species
181628	golden babbler	Cyanoderma chrysaea	2614578	species
181629		Stachyris dennistouni	98149	species
181630		Stachyris nigriceps	98149	species
181631	rufous-capped babbler	Cyanoderma ruficeps	2614578	species
181632		Cyanoderma rufifrons	2614578	species
181633		Stachyris striata	98149	species
181634		Turdoides jardineii	147061	species
181635		Yuhina brunneiceps	98155	species
181636		Yuhina diademata	98155	species
181637		Staphida everetti	2823204	species
181638		Yuhina flavicollis	98155	species
181639		Yuhina nigrimenta	98155	species
181640		Yuhina occipitalis	98155	species
181641		Yuhina zantholeuca	98155	species
181642		Actinodura	1673678	genus
181643		Actinodura souliei	181642	species
181644		Alcippe	9173	genus
181645		Alcippe poioicephala	181644	species
181646		Macronous	9173	genus
181834		Cormobates	47693	genus
181835		Cormobates placens	181834	species
181836	Magnificent riflebird	Ptiloris magnificus	28719	species
181838		Struthidea	9143	genus
181839		Struthidea cinerea	181838	species
182212		Grus sp.	2640093	species
182340		Pitta versicolor	9162	species
182876		Bleda	36294	genus
182878		Criniger	36294	genus
182879	puff-throated bulbul	Alophoixus pallidus	147056	species
182880	Common bristlebill	Bleda syndactylus	182876	species
182881	bearded bulbul	Criniger barbatus	182878	species
182882	scrub bulbul	Alophoixus bres	147056	species
182883	red-tailed bulbul	Criniger calurus	182878	species
182884	white-throated bulbul	Alophoixus flaveolus	147056	species
182885	white-bearded bulbul	Criniger ndussumensis	182878	species
182886	ochraceous bulbul	Alophoixus ochraceus	147056	species
182887	yellow-bearded bulbul	Criniger olivaceus	182878	species
182888	yellow-bellied bulbul	Alophoixus phaeocephalus	147056	species
182890	Asian black bulbul	Hypsipetes leucocephalus	36295	species
182891	Mountain bulbul	Ixos mcclellandii	374646	species
182894		Phyllastrephus albigularis	59967	species
182895	black-headed bulbul	Brachypodius atriceps	1766907	species
182896	stripe-throated bulbul	Pycnonotus finlaysoni	125282	species
182897	Red-whiskered bulbul	Pycnonotus jocosus	125282	species
182898		Pycnonotus xanthorrhous	125282	species
182901		Ixonotus	36294	genus
182902		Ixonotus guttatus	182901	species
182903		Baeopogon	36294	genus
182904		Baeopogon indicator	182903	species
182906		Basileuterus tristriatus	85518	species
182907	Pine warbler	Setophaga pinus	182948	species
182909	Kentucky warbler	Geothlypis formosa	135432	species
182910	Canada warbler	Cardellina canadensis	182911	species
182911		Cardellina	400782	genus
182912	Red-faced warbler	Cardellina rubrifrons	182911	species
182920		Catharopeza	400782	genus
182921	Whistling warbler	Catharopeza bishopi	182920	species
182922		Conirostrum	400783	genus
182923		Conirostrum sitticolor	182922	species
182925	red warbler	Cardellina rubra	182911	species
182926		Euthlypis	400782	genus
182927		Basileuterus lachrymosus	85518	species
182928		Granatellus	2969676	genus
182929		Granatellus pelzelni	182928	species
182930		Conirostrum bicolor	182922	species
182931		Helmitheros	400782	genus
182932	Worm-eating warbler	Helmitheros vermivorum	182931	species
182933		Microligea	400782	genus
182934		Microligea palustris	182933	species
182935		Mniotilta	400782	genus
182936	Black-and-white warbler	Mniotilta varia	182935	species
182937		Myioborus	400782	genus
182938	brown-capped redstart	Myioborus brunniceps	182937	species
182939		Myioborus miniatus	182937	species
182940	Painted redstart	Myioborus pictus	182937	species
182941		Phaeothlypis	62155	genus
182942		Phaeothlypis fulvicauda	182941	species
182943		Protonotaria	400782	genus
182944	Prothonotary warbler	Protonotaria citrea	182943	species
182945		Seiurus	400782	genus
182946	Ovenbird	Seiurus aurocapilla	182945	species
182947	Northern waterthrush	Parkesia noveboracensis	1540935	species
182948		Setophaga	400782	genus
182949	American redstart	Setophaga ruticilla	182948	species
182950		Teretistris	400782	genus
182951		Teretistris fernandinae	182950	species
182952		Xenoligea	400782	genus
182953		Xenoligea montana	182952	species
182954		Zeledonia	400782	genus
182955	Wrenthrush	Zeledonia coronata	182954	species
183153	Cactus canastero	Pseudasthenes cactorum	2823193	species
183154	rufous-capped spinetail	Synallaxis ruficapilla	88180	species
183155	Spillman's tapaculo	Scytalopus spillmanni	9168	species
183156		Formicarius nigricapillus	81883	species
183157		Drymophila squamata	88168	species
183158		Lochmias	9136	genus
183159		Lochmias nematura	183158	species
183160		Upucerthia	9136	genus
183161		Upucerthia jelskii	183160	species
183162		Thripadectes	9136	genus
183163		Thripadectes flammulatus	183162	species
183164		Philydor	9136	genus
183165		Philydor atricapillus	183164	species
183166		Margarornis	9136	genus
183167		Margarornis squamiger	183166	species
183168		Pseudoseisura	9136	genus
183169		Pseudoseisura lophotes	183168	species
183170		Anumbius	9136	genus
183171		Anumbius annumbi	183170	species
183172		Coryphistera	9136	genus
183173		Coryphistera alaudina	183172	species
183174		Drymornis	75967	genus
183175		Drymornis bridgesii	183174	species
183176		Xiphocolaptes	75967	genus
183177	great rufous woodcreeper	Xiphocolaptes major	183176	species
183178		Dendrocincla	75967	genus
183179	plain-brown woodcreeper	Dendrocincla fuliginosa	183178	species
183180		Sclerurus	9136	genus
183181		Sclerurus scansor	183180	species
183182		Chamaeza	81882	genus
183183		Chamaeza meruloides	183182	species
183184		Cercomacra	81882	genus
183185		Cercomacra melanaria	183184	species
183186		Pyriglena	81882	genus
183187		Pyriglena leuconota	183186	species
183188		Pygarrhichas	9136	genus
183189		Pygarrhichas albogularis	183188	species
183329		Corythopis	28728	genus
183330		Corythopis delalandi	183329	species
183520		Contopus	28728	genus
183521	Olive-sided flycatcher	Contopus cooperi	183520	species
183522	Western wood-pewee	Contopus sordidulus	183520	species
183523		Contopus sordidulus veliei	183522	subspecies
183524	Eastern wood-pewee	Contopus virens	183520	species
183525	Pacific-slope flycatcher	Empidonax difficilis	28729	species
183526		Empidonax difficilis difficilis	183525	subspecies
183527		Empidonax flavescens	28729	species
183528		Empidonax flavescens flavescens	183527	subspecies
183529	Yellow-bellied flycatcher	Empidonax flaviventris	28729	species
183530	Black phoebe	Sayornis nigricans	56314	species
183531		Sayornis nigricans semiatra	183530	subspecies
183532	Say's phoebe	Sayornis saya	56314	species
183533		Sayornis saya saya	183532	subspecies
183534		Aphanotriccus	28728	genus
183535	Black-billed flycatcher	Aphanotriccus audax	183534	species
183536		Lathrotriccus	28728	genus
183537		Lathrotriccus euleri	183536	species
183538		Lathrotriccus euleri euleri	183537	subspecies
183539		Cnemotriccus	28728	genus
183540		Cnemotriccus fuscatus	183539	species
183541		Cnemotriccus fuscatus fuscatior	183540	subspecies
183542		Mitrephanes	28728	genus
183543		Mitrephanes olivaceus	183542	species
183544		Sublegatus	28728	genus
183545		Sublegatus modestus	183544	species
183546		Mitrephanes phaeocercus	183542	species
183547		Mitrephanes phaeocercus eminulus	183546	subspecies
184597		Branta hutchinsii minima	371860	subspecies
184598		Branta canadensis occidentalis	8853	subspecies
184599		Branta canadensis maxima	8853	subspecies
184601		Branta hutchinsii taverneri	371860	subspecies
184710		Branta hylobadistes	8852	species
184711	Barnacle goose	Branta leucopsis	8852	species
184712	Brent goose	Branta bernicla	8852	species
184713		Branta bernicla hrota	184712	subspecies
184714		Branta bernicla nigricans	184712	subspecies
184715		Branta ruficollis	8852	species
184919		Anser albifrons frontalis	50365	subspecies
184920	Giant Hawaiian goose	Branta sp. giant Hawaiian goose	2625966	species
185136		Gracula religiosa religiosa	116992	subspecies
185585		Crex	9119	genus
185586	corn crake	Crex crex	185585	species
185689	blackish oystercatcher	Haematopus ater	32635	species
186224		Cacicus melanicterus	84787	species
186228		Ocyalus	164646	genus
186229		Ocyalus latirostris	186228	species
186230		Psarocolius wagleri	84844	species
186231		Psarocolius wagleri ridgwayi	186230	subspecies
186232		Psarocolius wagleri wagleri	186230	subspecies
186233		Amblycercus holosericeus australis	84791	subspecies
186234		Psarocolius bifasciatus neivae	201468	subspecies
186235	Amazonian oropendola	Psarocolius yuracares	84844	species
186236		Psarocolius angustifrons alfredi	84845	subspecies
186237		Psarocolius angustifrons angustifrons	84845	subspecies
186238		Psarocolius angustifrons atrocastaneus	84845	subspecies
186239		Psarocolius decumanus decumanus	84847	subspecies
186240		Psarocolius decumanus insularis	84847	subspecies
186241		Psarocolius decumanus maculosus	84847	subspecies
186242		Psarocolius decumanus melanterus	84847	subspecies
186281		Cacicus oseryi	84787	species
186442		Rhea americana x Pterocnemia pennata	8793	species
186443	American treecreeper	Certhia americana	73329	species
187103		Alectroenas	8930	genus
187104		Alectroenas madagascariensis	187103	species
187105		Caloenas	8930	genus
187106	Nicobar pigeon	Caloenas nicobarica	187105	species
187107		Chalcophaps	8930	genus
187108		Chalcophaps indica	187107	species
187109	Croaking ground-dove	Columbina cruziana	111973	species
187110		Didunculus	8930	genus
187111	Tooth-billed pigeon	Didunculus strigirostris	187110	species
187112		Drepanoptila	8930	genus
187113		Drepanoptila holosericea	187112	species
187114		Ducula aenea	115625	species
187115		Ducula pinon	115625	species
187116		Ducula zoeae	115625	species
187117		Ectopistes	8930	genus
187118	passenger pigeon	Ectopistes migratorius	187117	species
187119		Gallicolumba	8930	genus
187121		Gallicolumba luzonica	187119	species
187122		Gallicolumba tristigmata	187119	species
187123		Geotrygon versicolor	115649	species
187124	Victoria crowned pigeon	Goura victoria	115653	species
187125		Nesoenas	8930	genus
187126	pink pigeon	Nesoenas mayeri	187125	species
187127		Ocyphaps	8930	genus
187128	Crested pigeon	Ocyphaps lophotes	187127	species
187129		Otidiphaps	8930	genus
187130	Green-naped pheasant-pigeon	Otidiphaps nobilis	187129	species
187131		Raphidae	8929	family
187132		Pezophaps	187131	genus
187133		Pezophaps solitaria	187132	species
187134		Raphus	187131	genus
187135	Dodo	Raphus cucullatus	187134	species
187138	black-naped fruit-dove	Ptilinopus melanospilus	115696	species
187139	Eastern superb fruit-dove	Ptilinopus superbus	115696	species
187140		Treron australis	115701	species
187141		Treron waalia	115701	species
187142		Turtur	8930	genus
187143	blue-spotted wood-dove	Turtur afer	187142	species
187382	Macqueen's bustard	Chlamydotis macqueenii	172679	species
187383		Chlamydotis undulata undulata	172680	subspecies
187384		Chlamydotis undulata fuertaventurae	172680	subspecies
187412		Amandava	37611	genus
187413	Gold breast waxbill	Amandava subflava	187412	species
187414		Amblyospiza	1002748	genus
187415	grosbeak weaver	Amblyospiza albifrons	187414	species
187416		Anomalospiza	9158	genus
187417		Anomalospiza imberbis	187416	species
187418		Bubalornis	1002748	genus
187419		Bubalornis albirostris	187418	species
187421		Chloebia	9158	genus
187423		Cisticola fulvicapilla	52621	species
187424		Corvinella	9193	genus
187425	Yellow-billed shrike	Corvinella corvina	187424	species
187426		Estrilda	37611	genus
187427		Estrilda astrild	187426	species
187428		Euplectes	1002748	genus
187430		Eurocephalus	9193	genus
187431		Eurocephalus anguitimens	187430	species
187432		Hypargos	37611	genus
187433		Hypargos niveoguttatus	187432	species
187434		Lagonosticta	37611	genus
187435		Lagonosticta sanguinodorsalis	187434	species
187436	Woodchat shrike	Lanius senator	28712	species
187437	Middendorff's grasshopper-warbler	Locustella ochotensis	68487	species
187438		Ortygospiza	37611	genus
187439		Ortygospiza atricollis	187438	species
187440		Parisoma	552881	genus
187441	Rufous-vented warbler	Curruca subcoerulea	1930205	species
187442	bush Petronia	Gymnoris dentata	1405429	species
187443	spectacled weaver	Ploceus ocularis	135447	species
187444		Prunella montanella	175132	species
187445	red-billed quelea	Quelea quelea	158617	species
187448		Sporopipes	1002748	genus
187449		Sporopipes frontalis	187448	species
187450		Vidua hypocherina	37613	species
187451	Pin-tailed whydah	Vidua macroura	37613	species
187859	black woodpecker	Dryocopus martius	51358	species
187860		Picus awokera	100824	species
187916		Anomalospiza imberbis butleri	187417	subspecies
187917		Anomalospiza imberbis imberbis	187417	subspecies
188334		Atelornis	135163	genus
188335		Atelornis crossleyi	188334	species
188336		Atelornis pittoides	188334	species
188338	European roller	Coracias garrulus	56291	species
188339		Eurystomus	56290	genus
188340	broad-billed roller	Eurystomus glaucurus	188339	species
188341		Eurystomus orientalis	188339	species
188342		Leptosomidae	8936	family
188343		Leptosomus	188342	genus
188344	Madagascar cuckoo roller	Leptosomus discolor	188343	species
188345		Uratelornis	135163	genus
188346		Uratelornis chimaera	188345	species
188373	Purple heron	Ardea purpurea	30389	species
188374		Ardeola	8899	genus
188375	Chinese pond heron	Ardeola bacchus	188374	species
188376	Eurasian bittern	Botaurus stellaris	110660	species
188379	Little egret	Egretta garzetta	56073	species
188380	cinnamon bittern	Ixobrychus cinnamomeus	110684	species
188382		Ixobrychus sinensis	110684	species
188383		Mesophoyx	8899	genus
189453		Lessonia oreas	123642	species
189525		Jynx	9220	genus
189526	Eurasian wryneck	Jynx torquilla	189525	species
189527		Indicatoridae	9219	family
189528		Indicator	189527	genus
189529		Indicator variegatus	189528	species
189532	White-throated crake	Laterallus albigularis	54362	species
189533	Lesser scaup	Aythya affinis	30384	species
189534	Greater scaup	Aythya marila	30384	species
189535	Ring-necked duck	Aythya collaris	30384	species
189536	Western bluebird	Sialia mexicana	172412	species
190022		Myiobius	28728	genus
190023		Myiobius barbatus	190022	species
190152	Cape parrot	Poicephalus robustus	176044	species
190154		Poicephalus robustus suahelicus	190152	subspecies
190282		Dendroplex picus	2821480	species
190283		Xiphorhynchus guttatus	75968	species
190284	ocellated woodcreeper	Xiphorhynchus ocellatus	75968	species
190285		Xiphocolaptes promeropirhynchus	183176	species
190286		Xiphorhynchus flavigaster	75968	species
190287	Cocoa woodcreeper	Xiphorhynchus susurrans	75968	species
190288		Xiphorhynchus lachrymosus	75968	species
190289	Amazonian barred-woodcreeper	Dendrocolaptes certhia	81880	species
190290		Dendroplex kienerii	2821480	species
190291		Xiphorhynchus triangularis	75968	species
190292		Xiphorhynchus erythropygius	75968	species
190293		Xiphorhynchus pardalotus	75968	species
190294		Campylorhamphus	75967	genus
190295		Campylorhamphus procurvoides	190294	species
190296		Nasica	9136	genus
190297		Nasica longirostris	190296	species
190298		Hylexetastes	9136	genus
190299		Hylexetastes perrotii	190298	species
190300		Dendrexetastes	9136	genus
190301	Cinnamon-throated woodcreeper	Dendrexetastes rufigula	190300	species
190302		Campylorhamphus falcularius	190294	species
190303	red-billed scythebill	Campylorhamphus trochilirostris	190294	species
190403	Greater Antillean elaenia	Elaenia fallax	111982	species
190442	Green mango	Anthracothorax viridis	118179	species
190443		Eulampis	9242	genus
190444	Purple-throated carib	Eulampis jugularis	190443	species
190445	Green-throated carib	Eulampis holosericeus	190443	species
190456		Glaucis	9242	genus
190457	Rufous-breasted hermit	Glaucis hirsutus	190456	species
190658		Actitis	8917	genus
190659	Spotted sandpiper	Actitis macularius	190658	species
190660	Clark's grebe	Aechmophorus clarkii	57235	species
190661	Dusky-headed parakeet	Aratinga weddellii	12945	species
190662		Antrostomus sericocaudatus	1854010	species
190663		Halcyon leucopygia	170865	species
190664		Nonnula	135166	genus
190665		Nonnula rubecula	190664	species
190666	Scale-throated hermit	Phaethornis eurynome	46512	species
190669	Black-headed trogon	Trogon melanocephalus	56310	species
190670		Apus pacificus	8894	species
190671	Virginia's warbler	Leiothlypis virginiae	1610823	species
190673		Aeronautes	2607033	genus
190674	White-throated swift	Aeronautes saxatalis	190673	species
190675		Archilochus	9242	genus
190676	Ruby-throated hummingbird	Archilochus colubris	190675	species
190677		Automolus	9136	genus
190678		Automolus leucophthalmus	190677	species
190679		Chamaea	2927229	genus
190680	Wrentit	Chamaea fasciata	190679	species
190681		Deconychura	75967	genus
190682		Deconychura longicauda	190681	species
190683		Discosura	9242	genus
190684	Racket-tailed coquette	Discosura longicaudus	190683	species
190685		Eutoxeres	9242	genus
190686	White-tipped sicklebill	Eutoxeres aquila	190685	species
190687		Heliothryx	9242	genus
190688	Purple-crowned fairy	Heliothryx barroti	190687	species
190689		Hirundapus	2607033	genus
190690		Hirundapus caudacutus	190689	species
190691		Lampornis	9242	genus
190692	White-throated mountain-gem	Lampornis castaneoventris	190691	species
190693		Leucosticte	37599	genus
190694	Black rosy-finch	Leucosticte atrata	190693	species
190695		Myiarchus	28728	genus
190696	Ash-throated flycatcher	Myiarchus cinerascens	190695	species
190699		Tachornis	2607033	genus
190700		Tachornis phoenicobia	190699	species
190701		Thalurania	9242	genus
190702	Fork-tailed woodnymph	Thalurania furcata	190701	species
190829		Xiphorhynchus guttatoides	75968	species
190830		Xiphorhynchus ocellatus brevirostris	190284	subspecies
190831		Dendroplex picus altirostris	190282	subspecies
190833		Xiphorhynchus flavigaster eburneirostris	190286	subspecies
190834		Xiphorhynchus spixii spixii	75980	subspecies
190835		Xiphorhynchus guttatus vicinalis	190283	subspecies
190836		Xiphorhynchus ocellatus ocellatus	190284	subspecies
190838		Xiphorhynchus guttatus guttatus	190283	subspecies
190840		Dendroplex picus picus	190282	subspecies
190841		Xiphorhynchus guttatus polystictus	190283	subspecies
190843		Xiphorhynchus guttatus dorbignyanus	190283	subspecies
190844		Xiphorhynchus ocellatus weddellii	190284	subspecies
190845		Dendroplex picus bahiae	190282	subspecies
190846		Xiphorhynchus obsoletus obsoletus	75969	subspecies
190848		Xiphorhynchus triangularis bangsi	190291	subspecies
190849		Xiphorhynchus triangularis intermedius	190291	subspecies
190850		Xiphorhynchus pardalotus pardalotus	190293	subspecies
190851		Xiphorhynchus erythropygius aequatorialis	190292	subspecies
191441		Aegotheles wallacii	48276	species
191442		Aegotheles archboldi	48276	species
191444	New Caledonian owlet-nightjar	Aegotheles savesi	48276	species
191447	New Zealand owlet-nightjar	Aegotheles novaezealandiae	48276	species
191482		Aegotheles albertisi albertisi	48277	subspecies
191483		Aegotheles albertisi salvadori	48277	subspecies
191484		Aegotheles bennettii affinis	48278	subspecies
191485		Aegotheles bennettii bennettii	48278	subspecies
191486		Aegotheles bennettii plumiferus	48278	subspecies
191487		Aegotheles bennettii terborghi	48278	subspecies
191488		Aegotheles bennettii wiedenfeldi	48278	subspecies
191489		Aegotheles cristatus major	48279	subspecies
191490		Aegotheles cristatus cristatus	48279	subspecies
191491		Aegotheles insignis pulcher	671282	subspecies
192204		Corvoidea	9126	superfamily
192205		Callaeidae	192204	family
192206		Callaeas	192205	genus
192207	Kokako	Callaeas cinereus	192206	species
192208		Callaeas cinereus cinereus	192207	subspecies
192210		Heteralocha	192205	genus
192211	huia	Heteralocha acutirostris	192210	species
192212		Creadion	192205	genus
192213	saddleback	Philesturnus carunculatus	2133942	species
192723	Sharp-tailed sandpiper	Calidris acuminata	8918	species
192872		Elanoides	8955	genus
192873	Swallow-tailed kite	Elanoides forficatus	192872	species
193005	steppe eagle	Aquila nipalensis	8960	species
193058		Cyanopica	28725	genus
193059	azure-winged magpie	Cyanopica cyanus	193058	species
193060		Cyanopica cyanus cyanus	193059	subspecies
193061		Cyanopica cyanus kansuensis	193059	subspecies
193062		Cyanopica cyanus interposita	193059	subspecies
193063		Cyanopica cyanus swinhoei	193059	subspecies
193064		Cyanopica cyanus pallescens	193059	subspecies
193065		Cyanopica cyanus stegmanni	193059	subspecies
193066		Cyanopica cyanus koreensis	193059	subspecies
193067		Cyanopica cyanus japonica	193059	subspecies
193068		Cyanopica cyanus gili	193059	subspecies
194338	Burrowing owl	Athene cunicularia	126785	species
194921	Alagoas curassow	Mitu mitu	125062	species
194922		Mitu mitu x Mitu tuberosa	125062	species
194933		Aimophila	1729112	genus
194935		Conirostrum albifrons	182922	species
194937		Calamospiza	1729112	genus
194938	Lark bunting	Calamospiza melanocorys	194937	species
194939	McCown's longspur	Rhynchophanes mccownii	135423	species
194940		Catamblyrhynchus	400783	genus
194941		Catamblyrhynchus diadema	194940	species
194942	grey-bellied flowerpiercer	Diglossa carbonaria	62192	species
194943		Emberiza flaviventris	30424	species
194944		Erythrura prasina	44315	species
194945		Nectarinia senegalensis	145371	species
194946		Ploceus bicolor	135447	species
194947		Tangara mexicana	58206	species
196026		Chiroxiphia	114313	genus
196027		Chiroxiphia caudata	196026	species
196029		Fluvicola	28728	genus
196030		Fluvicola pica	196029	species
196034		Leptopogon	28728	genus
196035		Leptopogon amaurocephalus	196034	species
196036		Manacus	114313	genus
196037	White-bearded manakin	Manacus manacus	196036	species
196038	Brown-crested flycatcher	Myiarchus tyrannulus	190695	species
196042		Myiopagis	28728	genus
196043		Myiopagis viridicata	196042	species
196045		Pachyramphus polychopterus	114332	species
196047		Schiffornis virescens	114384	species
196048		Todirostrum	28728	genus
196049	Common tody flycatcher	Todirostrum cinereum	196048	species
196401		Aegotheles wallacii wallacii	191441	subspecies
196402		Aegotheles wallacii gigas	191441	subspecies
196523		Chrysococcyx basalis	55666	species
196524		Chrysococcyx minutillus	55666	species
196525		Chrysococcyx russatus	55666	species
196526		Chrysococcyx flavigularis	55666	species
196527		Chrysococcyx lucidus plagosus	103952	subspecies
197520		Alethe	9183	genus
197521	white-tailed alethe	Alethe diademata	197520	species
197870		Thryothorus nigricapillus	74199	species
197871		Thryothorus semibadius	74199	species
197872		Thryothorus rutilus	74199	species
197939		Aythya nyroca	30384	species
197940		Clangula	2068716	genus
197941	Long-tailed duck	Clangula hyemalis	197940	species
198026		Melanitta	2068716	genus
198027	Black scoter	Melanitta nigra	198026	species
198468	Burnished-buff tanager	Tangara cayana	58206	species
198469	plumbeous seedeater	Sporophila plumbea	135449	species
198470	pale-breasted thrush	Turdus leucomelas	9186	species
198471	small-billed tinamou	Crypturellus parvirostris	48395	species
198472	lesser elaenia	Elaenia chiriquensis	111982	species
198596	Tristan albatross	Diomedea dabbenena	37068	species
198805		Philomachus	8917	genus
198806	Ruff	Calidris pugnax	8918	species
198852		Terpsiphone mutata	98151	species
198934	Rufous-crowned sparrow	Aimophila ruficeps	194933	species
198935	Le Conte's sparrow	Ammospiza leconteii	69261	species
198937		Amphispiza	1729112	genus
198938	Sage sparrow	Artemisiospiza belli	2502001	species
198939	Black-throated sparrow	Amphispiza bilineata	198937	species
198940	Chestnut-collared longspur	Calcarius ornatus	135423	species
198941	Yellow-eyed junco	Junco phaeonotus	40213	species
198942		Pooecetes	1729112	genus
198943	Vesper sparrow	Pooecetes gramineus	198942	species
200156		Conirostrum speciosum	182922	species
200157		Melopyrrha portoricensis	137214	species
200158		Loxigilla violacea	111864	species
200159		Oryzoborus crassirostris	138934	species
200160	rusty-collared seedeater	Sporophila collaris	135449	species
200161	dark-throated seedeater	Sporophila ruficollis	135449	species
200162	Paradise tanager	Tangara chilensis	58206	species
200163	Blue-and-yellow tanager	Pipraeidea bonariensis	62235	species
200165		Acanthidops	400783	genus
200166	Peg-billed finch	Acanthidops bairdi	200165	species
200193		Euneornis	400783	genus
200194		Euneornis campestris	200193	species
200195		Loxipasser	400783	genus
200196		Loxipasser anoxanthus	200195	species
200197		Nesospingus	400783	genus
200198		Nesospingus speculiferus	200197	species
200362	Puerto Rican emerald	Chlorostilbon maugaeus	57407	species
200363		Myiarchus nugator	190695	species
200364		Myiarchus oberi	190695	species
200365		Myiarchus antillarum	190695	species
200366	Lesser Antillean pewee	Contopus latirostris	183520	species
200367	Blue-tailed emerald	Chlorostilbon mellisugus	57407	species
200368		Turdus fumigatus	9186	species
200369		Turdus plumbeus	9186	species
200370	Grey kingbird	Tyrannus dominicensis	43164	species
200371	Elfin-woods warbler	Setophaga angelae	182948	species
200372		Cichlherminia	36291	genus
200373	Forest thrush	Turdus lherminieri	9186	species
200374		Cyanophaia	9242	genus
200375	Blue-headed hummingbird	Riccordia bicolor	3018374	species
201297	hoary-throated barwing	Actinodura nipalensis	181642	species
201298	rufous-winged fulvetta	Schoeniparus castaneceps	2485346	species
201299	golden-breasted fulvetta	Lioparus chrysotis	2183876	species
201300	streak-throated fulvetta	Fulvetta cinereiceps	2029310	species
201301		Babax	1673678	genus
201302	Chinese babax	Garrulax lanceolatus	98126	species
201303		Chrysomma	9173	genus
201304	yellow-eyed babbler	Chrysomma sinense	201303	species
201305		Cutia	1673678	genus
201306	cutia	Cutia nipalensis	201305	species
201307		Gampsorhynchus	9173	genus
201308	white-hooded babbler	Gampsorhynchus rufulus	201307	species
201309	white-throated laughingthrush	Garrulax albogularis	98126	species
201310	chestnut-crowned laughingthrush	Trochalopteron erythrocephalum	1673679	species
201311	spotted laughingthrush	Ianthocincla ocellata	2698657	species
201312	white-browed laughingthrush	Garrulax sannio	98126	species
201313	blue-winged laughingthrush	Trochalopteron squamatum	1673679	species
201314	scaly laughingthrush	Trochalopteron subunicolor	1673679	species
201315	variegated laughingthrush	Trochalopteron variegatum	1673679	species
201325		Heterophasia	1673678	genus
201326	rufous sibia	Heterophasia capistrata	201325	species
201327	black-headed sibia	Heterophasia melanoleuca	201325	species
201329	blackcap illadopsis	Illadopsis cleaveri	98130	species
201330	brown illadopsis	Illadopsis fulvescens	98130	species
201331		Jabouilleia	9173	genus
201332	short-tailed scimitar-babbler	Jabouilleia danjoui	201331	species
201333		Kakamega	9173	genus
201334	gray-chested illadopsis	Kakamega poliothorax	201333	species
201335	silver-eared mesia	Leiothrix argentauris	36274	species
201337		Liocichla	1673678	genus
201338	red-faced liocichla	Liocichla phoenicea	201337	species
201339	Steere's liocichla	Liocichla steerii	201337	species
201340		Malacocincla	9173	genus
201341	Abbott's babbler	Malacocincla abbotti	201340	species
201342		Malacopteron	9173	genus
201343	scaly-crowned babbler	Malacopteron cinereum	201342	species
201344		Kenopia	9173	genus
201345	striped wren-babbler	Kenopia striata	201344	species
201346		Minla	1673678	genus
201347	blue-winged minla	Actinodura cyanouroptera	181642	species
201348	red-tailed minla	Minla ignotincta	201346	species
201349	chestnut-tailed minla	Chrysominla strigula	2183874	species
201355		Napothera	9173	genus
201357	mountain wren-babbler	Napothera crassa	201355	species
201358	eyebrowed wren-babbler	Napothera epilepidota	201355	species
201359	white-browed scimitar-babbler	Pomatorhinus schisticeps	98147	species
201360	buff-breatsed babbler	Pellorneum tickelli	98145	species
201361		Pteruthius	9173	genus
201362	black-headed shrike-babbler	Pteruthius rufiventer	201361	species
201363	green shrike-babbler	Pteruthius xanthochlorus	201361	species
201366		Timalia	9173	genus
201367	chestnut-capped babbler	Timalia pileata	201366	species
201368		Xiphirhynchus	9173	genus
201369	slender-billed scimitar-babbler	Pomatorhinus superciliaris	98147	species
201370		Paradoxornis	36291	genus
201371	David's parrotbill	Paradoxornis davidianus	201370	species
201373	spot-breasted parrotbill	Paradoxornis guttaticollis	201370	species
201375		Pseudoalcippe	9173	genus
201467		Psarocolius viridis	84844	species
201468		Psarocolius bifasciatus	84844	species
201470		Cacicus cela cela	84788	subspecies
201471		Cacicus cela vitellinus	84788	subspecies
201472		Cacicus haemorrhous	84787	species
201473		Cacicus uropygialis pacificus	84815	subspecies
201474		Cacicus uropygialis uropygialis	84815	subspecies
201475		Cacicus uropygialis microrhynchus	84815	subspecies
201476		Cacicus chrysopterus	84787	species
201477		Cacicus chrysonotus	84787	species
201479		Cacicus chrysonotus peruvianus	201477	subspecies
201480		Cacicus chrysonotus chrysonotus	201477	subspecies
201481		Cacicus sclateri	84787	species
201483		Amblycercus holosericeus holosericeus	84791	subspecies
201991	Spotted owl	Strix occidentalis	36304	species
201992	Mexican spotted owl	Strix occidentalis lucida	201991	subspecies
201993	California spotted owl	Strix occidentalis occidentalis	201991	subspecies
202234		Spelaeornis	9173	genus
202235	long-tailed wren-babbler	Spelaeornis chocolatinus	202234	species
202271		Cacicus haemorrhous haemorrhous	201472	subspecies
202279		Harpia	8955	genus
202280	harpy eagle	Harpia harpyja	202279	species
202946		Apteryx mantelli mantelli	2696672	subspecies
203439	King eider	Somateria spectabilis	50366	species
203558	Clay-colored robin	Turdus grayi	9186	species
203785		Terpsiphone cinnamomea	98151	species
203786		Bradypterus	2116660	genus
203787	Cinnamon bracken-warbler	Bradypterus cinnamomeus	203786	species
204054		Myiarchus barbirostris	190695	species
204055		Myiarchus cephalotes	190695	species
204056		Myiarchus ferox	190695	species
204057		Myiarchus panamensis	190695	species
204058		Myiarchus phaeocephalus	190695	species
204059		Myiarchus swainsoni	190695	species
204060	Dusky-capped flycatcher	Myiarchus tuberculifer	190695	species
204061		Rhytipterna	28728	genus
204062		Rhytipterna immunda	204061	species
204063	Loggerhead kingbird	Tyrannus caudifasciatus	43164	species
204787		Alcippe brunnea	181644	species
204788		Alcippe brunneicauda	181644	species
204789		Alcippe cinerea	181644	species
204790		Alcippe dubia	181644	species
204791		Alcippe morrisonia	181644	species
204792		Alcippe peracensis	181644	species
204793		Fulvetta ruficapilla	2029310	species
204794		Schoeniparus rufogularis	2485346	species
204795		Alcippe striaticollis	181644	species
204796		Fulvetta vinipectus	2029310	species
204875		Schoeniparus castaneceps castaneceps	201298	subspecies
204876		Schoeniparus castaneceps exul	201298	subspecies
204877		Lioparus chrysotis forresti	201299	subspecies
204879		Fulvetta manipurensis manipurensis	2886379	subspecies
204880		Fulvetta manipurensis tonkinensis	2886379	subspecies
204881		Alcippe dubia genestieri	204790	subspecies
204882		Alcippe morrisonia schaefferi	204791	subspecies
204883		Alcippe morrisonia morrisonia	204791	subspecies
204884	black-browed fulvetta	Alcippe grotei	181644	species
204885		Alcippe peracensis annamensis	204792	subspecies
204886		Alcippe poioicephala alearis	181645	subspecies
204887		Fulvetta ruficapilla sordidior	204793	subspecies
204888		Schoeniparus rufogularis kelleyi	204794	subspecies
204889		Fulvetta vinipectus bieti	204796	subspecies
204937		Crossoptilon drouyni	9095	species
204939		Chrysolophus pictus infuscatus	9089	subspecies
204940		Chrysolophus pictus obscurus	9089	subspecies
205796		Platylophus	28725	genus
205797	crested jay	Platylophus galericulatus	205796	species
206547		Pica pica pica	34924	subspecies
207698		Aerodramus maximus lowi	46481	subspecies
207699	Volcano swiftlet	Aerodramus vulcanorum	46474	species
207701		Collocalia linchi dedii	46495	subspecies
207702		Collocalia linchi linchi	46495	subspecies
207703		Collocalia esculenta cyanoptila	46490	subspecies
207704		Raphidura	2607033	genus
207705	silver-rumped spinetail	Raphidura leucopygialis	207704	species
207748	Chestnut-mandibled toucan	Ramphastos swainsonii	91780	species
207912	Taymyr gull	Larus heuglini taimyrensis	174677	subspecies
207913		Larus cachinnans barabensis	119609	subspecies
208053		Antilophia	114313	genus
208054	Helmeted manakin	Antilophia galeata	208053	species
208055		Ilicura	114313	genus
208056	pin-tailed manakin	Ilicura militaris	208055	species
208057	Mouse-colored penduline-tit	Anthoscopus musculus	156560	species
208058		Pholidornis	9153	genus
208059	tit-hylia	Pholidornis rushiae	208058	species
208060	Petit's sawwing	Psalidoprocne petiti	72881	species
208061	singing cisticola	Cisticola cantans	52621	species
208062	tawny-flanked prinia	Prinia subflava	81891	species
208063		Schistolais	81890	genus
208064	Sierra Leone prinia	Schistolais leontica	208063	species
208065	white-chinned prinia	Schistolais leucopogon	208063	species
208066		Apalis	81890	genus
208067	yellow-breasted apalis	Apalis flavida	208066	species
208068		Sylvietta	330750	genus
208069	Green crombec	Sylvietta virens	208068	species
208070	brown babbler	Turdoides plebejus	147061	species
208071	Eastern subalpine warbler	Curruca cantillans	1930205	species
208072		Hylia	330750	genus
208073	green hylia	Hylia prasina	208072	species
208074		Anthreptes	135425	genus
208075	collared sunbird	Anthreptes collaris	208074	species
208076	variable sunbird	Cinnyris venustus	570433	species
208077		Nigrita	37611	genus
208078	grey-headed negrofinch	Nigrita canicapilla	208077	species
208081		Parmoptila	37611	genus
208082		Parmoptila jamesoni	208081	species
208083	African golden oriole	Oriolus auratus	98139	species
208220		Cyanistes caeruleus obscurus	156563	subspecies
208221		Parus major newtoni	9157	subspecies
208450		Spilornis	8955	genus
208451	crested serpent eagle	Spilornis cheela	208450	species
208453	Mountain scops owl	Otus spilocephalus	56271	species
208483	European herring gull	Larus argentatus argenteus	35669	subspecies
208484		Larus argentatus omissus	35669	subspecies
208485		Larus fuscus fuscus	8915	subspecies
208524		Gallus gallus spadiceus	9031	subspecies
208525		Gallus gallus bankiva	9031	subspecies
208526		Gallus gallus gallus	9031	subspecies
209070	Collared scops owl	Otus lettia	56271	species
209615		Empidonax affinis	28729	species
209616		Empidonax albigularis	28729	species
209617		Empidonax albigularis australis	209616	subspecies
209618	Alder flycatcher	Empidonax alnorum	28729	species
209621		Empidonax atriceps	28729	species
209622		Empidonax flavescens salvinii	183527	subspecies
209623	Buff-breasted flycatcher	Empidonax fulvifrons	28729	species
209624		Empidonax fulvifrons rubicundus	209623	subspecies
209625		Empidonax difficilis insulicola	183525	subspecies
209626	Cordilleran flycatcher	Empidonax occidentalis	28729	species
209627		Empidonax occidentalis hellmayri	209626	subspecies
209628	Acadian flycatcher	Empidonax virescens	28729	species
209629	American grey flycatcher	Empidonax wrightii	28729	species
209630		Empidonax affinis pulverius	209615	subspecies
209779		Phylloscopus trochilus acredula	9182	subspecies
209781		Phylloscopus trochilus trochilus	9182	subspecies
210762	Salvin's curassow	Mitu salvini	125062	species
210763	Horned curassow	Pauxi unicornis	125069	species
210844	crested goshawk	Accipiter trivirgatus	8956	species
211418	African pipit	Anthus cinnamomeus	36257	species
211419	short-tailed pipit	Anthus brachyurus	36257	species
211420	Cape wagtail	Motacilla capensis	45806	species
211421	Madagascar wagtail	Motacilla flaviventris	45806	species
211422	White-browed wagtail	Motacilla maderaspatensis	45806	species
211510	Blue-crowned parakeet	Thectocercus acuticaudatus	2823206	species
211511	maroon-bellied parakeet	Pyrrhura frontalis	51909	species
211598	Eurasian sparrowhawk	Accipiter nisus	8956	species
211599	Eurasian dotterel	Charadrius morinellus	50391	species
211600	Acorn woodpecker	Melanerpes formicivorus	56082	species
211674	Chestnut-bellied guan	Penelope ochrogaster	8985	species
211675	crested guan	Penelope purpurascens	8985	species
211677	red-throated piping guan	Pipile cujubi	125072	species
211678	blue-throated piping guan	Pipile cumanensis	125072	species
211679	Trinidad piping guan	Pipile pipile	125072	species
211876		Bolborhynchus	9224	genus
211877	Barred parakeet	Bolborhynchus lineola	211876	species
211879	Galapagos hawk	Buteo galapagoensis	30396	species
211915	Franklin's grouse	Falcipennis canadensis franklinii	109674	subspecies
211916		Tympanuchus cupido pinnatus	9004	subspecies
211964	rufous-winged Illadopsis	Illadopsis rufescens	98130	species
211967	Gunnison sage-grouse	Centrocercus minimus	9001	species
212792	greater sooty-owl	Tyto tenebricosa	56312	species
212793	Lesser sooty-owl	Tyto multipunctata	56312	species
212794	African grass-owl	Tyto capensis	56312	species
212819		Orthonyx novaeguineae victoriana	151709	subspecies
212820		Tyto tenebricosa arfaki	212792	subspecies
212821		Tyto tenebricosa tenebricosa	212792	subspecies
213159	bengal weaver	Ploceus benghalensis	135447	species
213171		Orthonyx spaldingii melasmenus	38397	subspecies
213582		Orthonyx spaldingii spaldingii	38397	subspecies
213889		Parus major corsus	9157	subspecies
213890		Parus minor	9154	species
213891		Parus major ferghanensis	9157	subspecies
213892		Parus major nipalensis	9157	subspecies
213893		Parus major excelsus	9157	subspecies
214015		Parus major kapustini	9157	subspecies
214346		Regulus ignicapilla balearicus	73322	subspecies
214353		Regulus regulus azoricus	68468	subspecies
214354		Regulus regulus himalayensis	68468	subspecies
214357		Regulus regulus inermis	68468	subspecies
214358		Regulus regulus japonensis	68468	subspecies
214359		Regulus regulus regulus	68468	subspecies
214360		Regulus regulus sanctae-mariae	68468	subspecies
214361		Regulus regulus tristis	68468	subspecies
214436	eastern marsh-harrier	Circus spilonotus	8963	species
214437		Spizaetus	8955	genus
214438	mountain hawk-eagle	Nisaetus nipalensis	433377	species
214660		Androdon	9242	genus
214661	tooth-billed hummingbird	Androdon aequatorialis	214660	species
214662		Colibri	9242	genus
214663	Sparkling violet-ear	Colibri coruscans	214662	species
214664		Doryfera	9242	genus
214665	Green-fronted lancebill	Doryfera ludovicae	214664	species
214667	white-whiskered hermit	Phaethornis yaruqui	46512	species
214668		Ramphodon	9242	genus
214669	saw-billed hermit	Ramphodon naevius	214668	species
214670		Threnetes	9242	genus
214671	band-tailed barbthroat	Threnetes ruckeri	214670	species
214672	green-breasted mango	Anthracothorax prevostii	118179	species
214889		Centrocercus urophasianus urophasianus	9002	subspecies
215279		Alaemon	72205	genus
215280	greater hoopoe-lark	Alaemon alaudipes	215279	species
215302	black-crowned sparrow-lark	Eremopterix nigriceps	72218	species
215303		Ammomanes	72205	genus
215304	bar-tailed lark	Ammomanes cinctura	215303	species
215305		Galerida	72205	genus
215306	crested lark	Galerida cristata	215305	species
215307	rufous-tailed lark	Ammomanes phoenicurus	215303	species
215309		Calandrella	72205	genus
215310	lesser short-toed lark	Calandrella rufescens	215309	species
215311		Mirafra	72205	genus
215312	Australian lark	Mirafra javanica	215311	species
215313	Temminck's lark	Eremophila bilopha	135429	species
215314		Lullula	72205	genus
215315	wood lark	Lullula arborea	215314	species
215316		Spizocorys	72205	genus
215317	pink-billed lark	Spizocorys conirostris	215316	species
215318		Eremalauda	72205	genus
215319	Stark's lark	Spizocorys starki	215316	species
215320	monotonous lark	Mirafra passerina	215311	species
215321	spike-heeled lark	Chersomanes albofasciata	552894	species
215323	Gray's lark	Ammomanopsis grayi	2820827	species
215324	large-billed lark	Galerida magnirostris	215305	species
215325	Sclater's lark	Spizocorys sclateri	215316	species
215326	Sabota lark	Calendulauda sabota	1364976	species
215731	blue-headed wood-dove	Turtur brehmeri	187142	species
216193	greater whitethroat	Sylvia communis	43162	species
216196	Yemen warbler	Sylvia buryi	43162	species
216198	banded warbler	Sylvia boehmi	43162	species
216213	Layard's warbler	Sylvia layardi	43162	species
216215	red sea warbler	Sylvia leucomelaena	43162	species
216216	Dartford warbler	Sylvia undata	43162	species
216217	Menetrie's warbler	Sylvia mystacea	43162	species
216218	cyprus warbler	Sylvia melanothorax	43162	species
216219	Rueppell's warbler	Curruca ruppeli	1930205	species
216220	barred warbler	Sylvia nisoria	43162	species
216224	brown warbler	Sylvia lugens	43162	species
216225	orphean warbler	Sylvia hortensis	43162	species
216226	eastern orphean warbler	Sylvia crassirostris	43162	species
216227	Spectacled warbler	Curruca conspicillata	1930205	species
216228	Tristram's warbler	Sylvia deserticola	43162	species
216229	balearic Warbler	Sylvia balearica	43162	species
216230	Marmora's warbler	Sylvia sarda	43162	species
216269		Lanius excubitor excubitor	158049	subspecies
216574		Aquila chrysaetos canadensis	8962	subspecies
216575		Aquila heliaca heliaca	52410	subspecies
216576		Clanga pomarina pomarina	2675520	subspecies
216577		Haliaeetus leucocephalus alascanus	52644	subspecies
216578		Phylloscopus sindianus lorenzii	52912	subspecies
216579		Phylloscopus collybita abietinus	48150	subspecies
216580		Phylloscopus collybita brevirostris	48150	subspecies
216581		Phylloscopus collybita caucasicus	48150	subspecies
216582		Phylloscopus collybita tristis	48150	subspecies
216583		Phylloscopus borealis borealis	36273	subspecies
216584		Phylloscopus bonelli bonelli	48149	subspecies
216585		Phylloscopus humei humei	48151	subspecies
216587		Sylvia atricapilla atricapilla	48155	subspecies
216825	Namaqua sandgrouse	Pterocles namaqua	56296	species
216881		Milvus migrans migrans	52810	subspecies
217132	Rock sandpiper	Calidris ptilocnemis	8918	species
217133	Curlew sandpiper	Calidris ferruginea	8918	species
217134	Gray-crowned rosy-finch	Leucosticte tephrocotis	190693	species
218145		Ammodramus savannarum floridanus	135422	subspecies
218146		Ammodramus savannarum savannarum	135422	subspecies
218194	grassland sparrow	Ammodramus humeralis	69261	species
218195	yellow-browed sparrow	Ammodramus aurifrons	69261	species
218281	Broad-winged hawk	Buteo platypterus	30396	species
218701	Nazca booby	Sula granti	32641	species
219214	Chinese grey shrike	Lanius sphenocercus	28712	species
219215	Southern grey shrike	Lanius meridionalis	28712	species
219216		Lanius meridionalis meridionalis	219215	subspecies
219217		Lanius meridionalis koenigi	219215	subspecies
219518	great barbet	Megalaima virens	91772	species
219522	lesser honeyguide	Indicator minor	189528	species
219525	forrest kingfisher	Todiramphus macleayii	325346	species
219593	common pochard	Aythya ferina	30384	species
219594	Tufted duck	Aythya fuligula	30384	species
219595	Whooper swan	Cygnus cygnus	8867	species
221581		Strix uralensis hondoensis	36305	subspecies
221964	fasciated wren	Campylorhynchus fasciatus	69502	species
221965		Chaetops	175129	genus
221966	Rufous rock-jumper	Chaetops frenatus	221965	species
221967		Cryptospiza	37611	genus
221968	red-faced crimson-wing	Cryptospiza reichenovii	221967	species
221969	red-striped flowerpecker	Dicaeum australe	135426	species
221970		Emberizoides	400783	genus
221971	wedge-tailed grass-finch	Emberizoides herbicola	221970	species
221972	purple-throated Euphonia	Euphonia chlorotica	62198	species
221973	long-tailed widowbird	Euplectes progne	187428	species
221975		Montifringilla	9158	genus
221976	rufous-necked snowfinch	Pyrgilauda ruficollis	667179	species
221977	masked gnatcatcher	Polioptila dumicola	66705	species
221978	black-throated Saltator	Saltator atricollis	58204	species
221979	Green-headed tanager	Tangara seledon	58206	species
222595	splendid fairywren	Malurus splendens	55806	species
223163		Icterus spurius spurius	84829	subspecies
223164	Black-cowled oriole	Icterus prosthemelas	84804	species
223437	jackal buzzard	Buteo rufofuscus	30396	species
223438	red-necked buzzard	Buteo auguralis	30396	species
223440		Buteo lagopus kamtschatkensis	115229	subspecies
223441	Ferruginous hawk	Buteo regalis	30396	species
223442		Buteo jamaicensis borealis	56263	subspecies
223443	rufous-tailed hawk	Buteo ventralis	30396	species
223445	White-throated hawk	Buteo albigula	30396	species
223473	Zone-tailed hawk	Buteo albonotatus	30396	species
223475	Red-shouldered hawk	Buteo lineatus	30396	species
223476		Buteo lineatus alleni	223475	subspecies
223477		Buteo lineatus elegans	223475	subspecies
223478		Buteo lineatus lineatus	223475	subspecies
223480		Buteo albonotatus albonotatus	223473	subspecies
223481		Buteo platypterus platypterus	218281	subspecies
223482	red-backed hawk	Buteo polyosoma	30396	species
223483		Buteo polyosoma polyosoma	223482	subspecies
223485	White-tailed hawk	Geranoaetus albicaudatus	223772	species
223486		Geranoaetus albicaudatus colonus	223485	subspecies
223487		Geranoaetus albicaudatus hypospodius	223485	subspecies
223489		Rupornis magnirostris saturatus	2709556	subspecies
223490	white-rumped hawk	Parabuteo leucorrhous	223491	species
223491		Parabuteo	8955	genus
223492	Harris's hawk	Parabuteo unicinctus	223491	species
223493		Parabuteo unicinctus harrisi	223492	subspecies
223494		Parabuteo unicinctus unicinctus	223492	subspecies
223495		Buteogallus	8955	genus
223496	savanna hawk	Buteogallus meridionalis	223495	species
223497	great black-hawk	Buteogallus urubitinga	223495	species
223498		Buteogallus urubitinga urubitinga	223497	subspecies
223503	augur buzzard	Buteo augur	30396	species
223770	Madagascar buzzard	Buteo brachypterus	30396	species
223771	Himalayan buzzard	Buteo refectus	30396	species
223772		Geranoaetus	8955	genus
223773	black-chested buzzard-eagle	Geranoaetus melanoleucus	223772	species
223774		Geranoaetus melanoleucus australis	223773	subspecies
223775		Geranoaetus melanoleucus melanoleucus	223773	subspecies
223776		Busarellus	8955	genus
223777	black-collared hawk	Busarellus nigricollis	223776	species
223778		Busarellus nigricollis leucocephalus	223777	subspecies
223779		Kaupifalco	56259	genus
223780	lizard buzzard	Kaupifalco monogrammicus	223779	species
223781		Aquila chrysaetos chrysaetos	8962	subspecies
223782		Accipiter nisus nisus	211598	subspecies
223849		Buteo polyosoma exsul	223482	subspecies
223850	Ridgway's hawk	Buteo ridgwayi	30396	species
223853	Short-tailed hawk	Buteo brachyurus	30396	species
223854		Buteo brachyurus brachyurus	223853	subspecies
223855	Hawaiian hawk	Buteo solitarius	30396	species
223857	Archer's buzzard	Buteo archeri	30396	species
224010	Parodi's Hemispingus	Hemispingus parodii	62202	species
224313		Odontophoridae	8976	family
224314		Odontophorus	224313	genus
224315	black-breasted wood quail	Odontophorus leucolaemus	224314	species
224657		Buteo buteo arrigonii	30397	subspecies
224658		Buteo jamaicensis jamaicensis	56263	subspecies
224659		Buteo jamaicensis harlani	56263	subspecies
224660		Buteo jamaicensis calurus	56263	subspecies
224661		Buteo jamaicensis costaricensis	56263	subspecies
224663		Rupornis magnirostris magniplumis	2709556	subspecies
224664		Buteo lagopus sanctijohannis	115229	subspecies
224665		Buteo albonotatus abbreviatus	223473	subspecies
224666		Rupornis magnirostris griseocauda	2709556	subspecies
224668	rufous crab-hawk	Buteogallus aequinoctialis	223495	species
224669		Buteo japonicus	30396	species
224670		Buteo japonicus toyoshimai	224669	subspecies
225396	Little ringed plover	Charadrius dubius	50391	species
225397		Himantopus	425629	genus
225398	Black-winged stilt	Himantopus himantopus	225397	species
225977		Buteo buteo socotrae	30397	subspecies
227169	black-bellied sandgrouse	Pterocles orientalis	56296	species
227171		Burhinus superciliaris	85104	species
227172	water thick-knee	Burhinus vermiculatus	85104	species
227173	Red knot	Calidris canutus	8918	species
227174		Phalaropus	8917	genus
227175	Wilson's phalarope	Phalaropus tricolor	227174	species
227176		Cursorius	43314	genus
227177	Temminck's courser	Cursorius temminckii	227176	species
227178		Phegornis	8907	genus
227179	Diademed sandpiper-plover	Phegornis mitchellii	227178	species
227180		Chionididae	8906	family
227181		Chionis	227180	genus
227182	Black-faced sheathbill	Chionis minor	227181	species
227183		Rynchops	8910	genus
227184	Black skimmer	Rynchops niger	227183	species
227186	South American tern	Sterna hirundinacea	70608	species
227190		Pedionomidae	8906	family
227191		Pedionomus	227190	genus
227192	Plains-wanderer	Pedionomus torquatus	227191	species
227225		Nycticryphes	118791	genus
227226		Nycticryphes semicollaris	227225	species
227227		Pluvianellus	8907	genus
227228	Magellanic plover	Pluvianellus socialis	227227	species
227231	Black-necked stilt	Himantopus mexicanus	225397	species
227232		Attagis	161740	genus
227233	rufous-bellied seedsnipe	Attagis gayi	227232	species
227234	spotted thick-knee	Burhinus capensis	85104	species
227235	Rock pratincole	Glareola nuchalis	43315	species
227236	American avocet	Recurvirostra americana	171274	species
227522		Stercorarius sp. Scilly	1380739	species
227523		Stercorarius sp. Glamorgan	1380739	species
227875	rufous-crested tanager	Creurgops verticalis	62182	species
227876	short-billed honeycreeper	Cyanerpes nitidus	62184	species
227877	yellow-collared tanager	Tangara pulcherrima	58206	species
228248	Chinese monal	Lophophorus lhuysii	9039	species
228249	Sclater's monal	Lophophorus sclateri	9039	species
228278		Macronyx	36256	genus
228279	yellow-throated longclaw	Macronyx croceus	228278	species
228280		Motacilla citreola calcarata	179817	subspecies
228281		Motacilla citreola citreola	179817	subspecies
228282		Motacilla flava beema	180448	subspecies
228283		Motacilla flava cinereocapilla	180448	subspecies
228284		Motacilla flava feldegg	180448	subspecies
228285		Motacilla flava flava	180448	subspecies
228286		Motacilla flava flavissima	180448	subspecies
228287		Motacilla flava iberiae	180448	subspecies
228288		Motacilla flava lutea	180448	subspecies
228289		Motacilla flava macronyx	180448	subspecies
228290		Motacilla flava pygmaea	180448	subspecies
228291		Motacilla flava taivana	180448	subspecies
228292		Motacilla flava thunbergi	180448	subspecies
228294		Motacilla cinerea cinerea	56325	subspecies
228295	sooty flycatcher	Muscicapa infuscata	69507	species
228303	ashy alseonax	Muscicapa caerulescens	69507	species
228304		Cercotrichas	36291	genus
228306	siberian blue robbin	Larvivora cyane	2013023	species
228307	blue-fronted redstart	Phoenicurus frontalis	121422	species
228308	Brown-chested alethe	Alethe poliocephala	197520	species
228309	fire-crested alethe	Alethe castanea	197520	species
228311	Thyolo alethe	Chamaetylas choloensis	197520	species
228312	red-throated alethe	Alethe poliophrys	197520	species
228313		Cossypha	36291	genus
228314	Archer's robin-chat	Cossypha archeri	228313	species
228315	blue-shouldered robin-chat	Cossypha cyanocampter	228313	species
228316	snowy-crowned robin-chat	Cossypha niveicapilla	228313	species
228317	cape robin-chat	Cossypha caffra	228313	species
228318	chorister robin-chat	Cossypha dichroa	228313	species
228319	grey-winged robin-chat	Cossypha polioptera	228313	species
228320		Pogonocichla	36291	genus
228321	white-starred robin	Pogonocichla stellata	228320	species
228322	white-winged redstart	Phoenicurus erythrogastrus	121422	species
228323		Swynnertonia	36291	genus
228324	Swynnerton's robin	Swynnertonia swynnertoni	228323	species
228326	white-winged fairy-wren	Malurus leucopterus	55806	species
228327		Malurus leucopterus edouardi	228326	subspecies
228328		Malurus leucopterus leucopterus	228326	subspecies
228329		Malurus leucopterus leuconotus	228326	subspecies
228331	red-backed scrub-robbin	Cercotrichas leucophrys	228304	species
228332	gabelia akalat	Sheppardia gabela	74354	species
228333		Cossyphicula	36291	genus
228334	white-bellied robin-chat	Cossyphicula roberti	228333	species
228337	Bocage's akalat	Sheppardia bocagei	74354	species
228338	olive-flanked robin-chat	Cossypha anomala	228313	species
228339	mountain robin-chat	Cossypha isabellae	228313	species
228352	variegated fairywren	Malurus lamberti	55806	species
228417	Senegal thick-knee	Burhinus senegalensis	85104	species
228418	white-bellied green-pigeon	Treron sieboldii	115701	species
228563		Petroica	38563	genus
228564	Black robin	Petroica traversi	228563	species
229097	yellow-crowned bishop	Euplectes afer	187428	species
229098	red bishop	Euplectes orix	187428	species
229100	Siberian rubythroat	Calliope calliope	1874025	species
229469	little brown bustard	Eupodotis humilis	89384	species
229550		Amazona ochrocephala nattereri	151761	subspecies
229551		Amazona ochrocephala xantholaema	151761	subspecies
229552	red-crowned parrot	Amazona viridigenalis	12929	species
229553	yellow-shouldered parrot	Amazona barbadensis	12929	species
229695		Primolius	9224	genus
230655	Fuerteventura stonechat	Saxicola dacotiae	69509	species
230656	Common stonechat	Saxicola torquatus	69509	species
230657	Siberian stonechat	Saxicola maurus	69509	species
230659	European stonechat	Saxicola rubicola	69509	species
230836		Nycticorax nycticorax hoactli	8901	subspecies
230979		Euryapteryx	8809	genus
230980	little coastal moa	Euryapteryx curtus	230979	species
231027	Jandaya parakeet	Aratinga jandaya	12945	species
231559	Lucy's warbler	Leiothlypis luciae	1610823	species
231560	Colima warbler	Leiothlypis crissalis	1610823	species
231561	Golden-winged warbler	Vermivora chrysoptera	62258	species
231563	white-fronted redstart	Myioborus albifrons	182937	species
231565	vitelline warbler	Setophaga vitellina	182948	species
231566	Black-throated blue warbler	Setophaga caerulescens	182948	species
231567	Palm warbler	Setophaga palmarum	182948	species
231568	Bay-breasted warbler	Setophaga castanea	182948	species
231569	Black-polled yellowthroat	Geothlypis speciosa	135432	species
231570	Connecticut warbler	Oporornis agilis	142473	species
231571	Louisiana waterthrush	Parkesia motacilla	1540935	species
231573	white-faced redstart	Myioborus albifacies	182937	species
232339		Puffinus tunneyi	30453	species
232340		Puffinus kermadecensis	30453	species
232341		Puffinus elegans	30453	species
232342		Puffinus boydi	30453	species
232343	Rapa shearwater	Puffinus myrtae	30453	species
232344		Puffinus loyemilleri	30453	species
232366		Puffinus dichrous	30453	species
232368		Puffinus polynesiae	30453	species
232369		Puffinus nicolae	30453	species
232370		Puffinus colstoni	30453	species
232371	tropical shearwater	Puffinus bailloni	30453	species
232372		Puffinus persicus	30453	species
232373		Puffinus subalaris	30453	species
232374	Newell's shearwater	Puffinus newelli	30453	species
232375		Puffinus temptator	30453	species
232583		Pygoscelis papua ellsworthii	30457	subspecies
232585		Pygoscelis papua papua	30457	subspecies
232615		Eclectus roratus roratus	176024	subspecies
232620	slaty-headed parakeet	Psittacula himalayana	9227	species
232633	long-tailed parakeet	Psittacula longicauda	9227	species
232635	red-breasted parakeet	Psittacula alexandri	9227	species
232641	Blossom-headed parakeet	Psittacula roseata	9227	species
232642	Malabar parakeet	Psittacula columboides	9227	species
232645	Plum-headed parakeet	Psittacula cyanocephala	9227	species
232646		Psittacula krameri manillensis	9228	subspecies
232648		Psittacula krameri krameri	9228	subspecies
232650		Psittacula krameri borealis	9228	subspecies
232653	Mauritius parakeet	Psittacula echo	9227	species
232655	Alexandrine parakeet	Psittacula eupatria	9227	species
233253		Buteo buteo hispaniae	30397	subspecies
233254	Cape Verde buzzard	Buteo bannermani	30396	species
233255		Buteo buteo rothschildi	30397	subspecies
233256		Buteo buteo trizonatus	30397	subspecies
233785	apo sunbird	Aethopyga boltoni	181089	species
233786	scarlet-tufted sunbird	Anthreptes fraseri	208074	species
233787	plain-throated sunbird	Anthreptes malacensis	208074	species
233788	Kenya violet-backed sunbird	Anthreptes orientalis	208074	species
233789	buff-throated sunbird	Nectarinia adelberti	145371	species
233790	blue-headed sunbird	Nectarinia alinae	145371	species
233792	red-chested sunbird	Nectarinia erythrocerca	145371	species
233794	olive-backed sunbird	Cinnyris jugularis	570433	species
233796	white-breasted sunbird	Nectarinia talatala	145371	species
233797	tiny sunbird	Nectarinia minulla	145371	species
233798	bronze sunbird	Nectarinia kilimensis	145371	species
234074		Poicephalus robustus robustus	190152	subspecies
234075		Poicephalus cryptoxanthus	176044	species
234084		Cinnyris sovimanga	570433	species
234085		Cinnyris abbotti buchenorum	1071974	subspecies
234086		Cinnyris sovimanga aldabrensis	234084	subspecies
234087		Cinnyris sovimanga sovimanga	234084	subspecies
234090		Cinnyris coquerellii	570433	species
234091		Nectarinia dussumieri	145371	species
234092		Nectarinia humbloti	145371	species
234093		Nectarinia humbloti humbloti	234092	subspecies
234094		Nectarinia humbloti mohelica	234092	subspecies
234095	Madagascar sunbird	Cinnyris notatus	570433	species
234096		Cinnyris notatus voeltzkowi	234095	subspecies
234097		Cinnyris notatus moebii	234095	subspecies
234098		Cinnyris notatus notatus	234095	subspecies
234099		Nectarinia balfouri	145371	species
234622		Polysticta	2068716	genus
234623	Steller's eider	Polysticta stelleri	234622	species
235326	Pale-rumped warbler	Phylloscopus chloronotus	9181	species
235496		Nyctidromus	48286	genus
235497	Common pauraque	Nyctidromus albicollis	235496	species
236053	Olive thrush	Turdus olivaceus	9186	species
236055	Northern olive thrush	Turdus abyssinicus	9186	species
236056	karoo thrush	Turdus smithi	9186	species
237414		Arachnothera	135425	genus
237415	little spiderhunter	Arachnothera longirostra	237414	species
237416		Cettia brunnifrons	36271	species
237417		Cincloramphus	2116660	genus
237418		Cincloramphus mathewsi	237417	species
237419		Donacobius	55417	genus
237420		Donacobius atricapilla	237419	species
237421		Eremopterix australis	72218	species
237424		Macronous striaticeps	181646	species
237425		Macrosphenus	330750	genus
237426		Macrosphenus flavicans	237425	species
237427		Megalurus palustris	69941	species
237429		Melanochlora	9153	genus
237430		Melanochlora sultanea	237429	species
237431		Nicator	36294	genus
237433		Nicator chloris	237431	species
237436		Rhabdornithidae	9126	family
237437		Rhabdornis	237436	genus
237438		Rhabdornis inornatus	237437	species
237439	Northern rough-winged swallow	Stelgidopteryx serripennis	72877	species
237440	Lemon-bellied crombec	Sylvietta denti	208068	species
237441		Tichodroma	50247	genus
237442		Tichodroma muraria	237441	species
237443		Malurus splendens melanotus	222595	subspecies
237657		Conopophaga aurita	123373	species
237965	slender bush moa	Dinornis struthoides	8817	species
237966		Pomarea iphis fluxa	121425	subspecies
237970		Pomarea iphis iphis	121425	subspecies
237971	Marquesan monarch	Pomarea mendozae	121424	species
237972	Rarotonga monarch	Pomarea dimidiata	121424	species
237973		Pomarea mendozae mendozae	237971	subspecies
237974		Pomarea mendozae mira	237971	subspecies
237975		Pomarea mendozae motanensis	237971	subspecies
237976		Pomarea mendozae nukuhivae	237971	subspecies
237977	Fatuhiva monarch	Pomarea whitneyi	121424	species
237978	Tahiti flycatcher	Pomarea nigra	121424	species
238855	Chinese hwamei	Garrulax canorus	98126	species
238856		Garrulax canorus canorus	238855	subspecies
238857		Garrulax canorus owstoni	238855	subspecies
238859	rusty laughingthrush	Garrulax poecilorhynchus	98126	species
238861		Garrulax poecilorhynchus poecilorhynchus	238859	subspecies
238862		Garrulax poecilorhynchus berthemyi	238859	subspecies
238863	blackthroated laughingthrush	Garrulax chinensis	98126	species
238984	rufous flycatcher	Myiarchus semirufus	190695	species
238985	Yucatan flycatcher	Myiarchus yucatanensis	190695	species
238986	Venezuelan flycatcher	Myiarchus venezuelensis	190695	species
238987	Great crested flycatcher	Myiarchus crinitus	190695	species
238988	stolid flycatcher	Myiarchus stolidus	190695	species
238989	La Sagra's flycatcher	Myiarchus sagrae	190695	species
238990	rufous-tailed flycatcher	Myiarchus validus	190695	species
239369		Sapayoa	28728	genus
239371	broad-billed sapayoa	Sapayoa aenigma	239369	species
239372		Cymbirhynchus	81928	genus
239374	black-and-red broadbill	Cymbirhynchus macrorhynchos	239372	species
239375		Eurylaimus	81928	genus
239378	black-and-yellow broadbill	Eurylaimus ochromalus	239375	species
239383		Serilophus	81928	genus
239386	silver-breasted broadbill	Serilophus lunatus	239383	species
239969	crested moa	Pachyornis australis	8814	species
239970	Mappin's moa	Pachyornis mappini	8814	species
240201		Burhinus bistriatus	85104	species
240202	Pectoral sandpiper	Calidris melanotos	8918	species
240203	Snowy sheathbill	Chionis albus	227181	species
240204	Red-necked phalarope	Phalaropus lobatus	227174	species
240205	American golden plover	Pluvialis dominica	171272	species
240206	yellow-throated sandgrouse	Pterocles gutturalis	56296	species
240208		Rhinoptilus	43314	genus
240209	Double-banded courser	Smutsornis africanus	240208	species
240210		Stercorarius sp. NRM 896303	1380739	species
240232		Certhidea fusca	48879	species
240589	neotropical river warbler	Basileuterus rivularis	85518	species
240590	white-browed warbler	Basileuterus leucoblepharus	85518	species
240591	Blackburnian warbler	Setophaga fusca	182948	species
240700	green-throated mountain-gem	Lampornis viridipallens	190691	species
240701	plain-capped startthroat	Heliomaster constantii	135171	species
240702		Atthis	9242	genus
240703	bumblebee hummingbird	Atthis heloisa	240702	species
240704	Broad-tailed hummingbird	Selasphorus platycercus	29059	species
240705		Calothorax	9242	genus
240707	beautiful hummingbird	Calothorax pulcher	240705	species
240711		Caloramphus	91771	genus
240712	brown barbet	Caloramphus fuliginosus	240711	species
240713	golden-throated barbet	Megalaima franklinii	91772	species
240714	black-browed barbet	Psilopogon oorti	91776	species
240715	lineated barbet	Megalaima lineata	91772	species
240716	coppersmith barbet	Megalaima haemacephala	91772	species
240717	mountain barbet	Megalaima monticola	91772	species
240718		Gymnobucco	91768	genus
240719	naked-faced barbet	Gymnobucco calvus	240718	species
240720	white-eared barbet	Stactolaema leucotis	135182	species
240721	Whyte's barbet	Stactolaema whytii	135182	species
240722	Yellow-fronted tinkerbird	Pogoniulus chrysoconus	91774	species
240723	Speckled tinkerbird	Pogoniulus scolopaceus	91774	species
240724	Red-rumped tinkerbird	Pogoniulus atroflavus	91774	species
240725	Western green-tinkerbird	Pogoniulus coryphaeus	91774	species
240726		Tricholaema	91768	genus
240727	Red-fronted barbet	Tricholaema diademata	240726	species
240728	hairy-breasted barbet	Tricholaema hirsuta	240726	species
240729	pied barbet	Tricholaema leucomelas	240726	species
240730	spot-flanked barbet	Tricholaema lachrymosa	240726	species
240731		Buccanodon	91768	genus
240733	yellow-spotted barbet	Buccanodon duchaillui	240731	species
240734	Bearded barbet	Lybius dubius	91769	species
240735	Brown-breasted barbet	Lybius melanopterus	91769	species
240736	Vieillot's barbet	Lybius vieilloti	91769	species
240737	Black-collared barbet	Lybius torquatus	91769	species
240738	yellow-billed barbet	Trachyphonus purpuratus	91786	species
240740	red-and-yellow barbet	Trachyphonus erythrocephalus	91786	species
240741	Ariel toucan	Ramphastos ariel	91780	species
240742	hooded mountain-toucan	Andigena cucullata	91760	species
240743	golden-collared toucanet	Selenidera reinwardtii	91782	species
241527	grey-barred wren	Campylorhynchus megalopterus	69502	species
241528		Catherpes	69501	genus
241529	Canyon wren	Catherpes mexicanus	241528	species
241530		Cistothorus	69501	genus
241531	Marsh wren	Cistothorus palustris	241530	species
241532		Cinnycerthia	69501	genus
241533	Peruvian wren	Cinnycerthia peruana	241532	species
241534	Sedge wren	Cistothorus platensis	241530	species
241535		Thryomanes	69501	genus
241536	Bewick's wren	Thryomanes bewickii	241535	species
241538	fawn-breasted wren	Thryothorus guarayanus	74199	species
241539	buff-breasted wren	Cantorchilus leucotis	1740306	species
241540	spot-breasted wren	Thryothorus maculipectus	74199	species
241542	slender-billed wren	Hylorchilus sumichrasti	2821866	species
241543		Microcerculus	69501	genus
241545	southern nightingale-wren	Microcerculus marginatus	241543	species
241546		Odontorchilus	69501	genus
241547	tooth-billed wren	Odontorchilus cinereus	241546	species
241548		Salpinctes	69501	genus
241549	Rock wren	Salpinctes obsoletus	241548	species
241551	musician wren	Cyphorhinus arada	137990	species
241562	cuban parrot	Amazona leucocephala	12929	species
241563	red-necked parrot	Amazona arausiaca	12929	species
241564		Amazona leucocephala palmarum	241562	subspecies
241567		Amazona leucocephala caymanensis	241562	subspecies
241568		Amazona leucocephala leucocephala	241562	subspecies
241569	white-fronted parrot	Amazona albifrons	12929	species
241570	blue-cheeked parrot	Amazona dufresniana	12929	species
241577	imperial parrot	Amazona imperialis	12929	species
241578	lilac-crowned parrot	Amazona finschi	12929	species
241584	St. Lucia parrot	Amazona versicolor	12929	species
241585	Puerto Rican parrot	Amazona vittata	12929	species
241586	black-billed parrot	Amazona agilis	12929	species
241587	yellow-billed parrot	Amazona collaria	12929	species
241588	Red-fronted parrot	Poicephalus gulielmi	176044	species
241589		Amazona leucocephala bahamensis	241562	subspecies
241738		Cosmopsarus	9170	genus
241739	golden-breasted starling	Cosmopsarus regius	241738	species
241740		Cosmopsarus regius magnificus	241739	subspecies
241742		Pogonocichla stellata orientalis	228321	subspecies
241743		Garrulax sannio oblectans	201312	subspecies
241744		Scissirostrum	9170	genus
241745	finch-billed myna	Scissirostrum dubium	241744	species
241746		Spizixos	36294	genus
241747	collared finchbill	Spizixos semitorques	241746	species
241748		Spizixos semitorques semitorques	241747	subspecies
241749		Arremon	1729112	genus
241750	orange-billed sparrow	Arremon aurantiirostris	241749	species
241751		Arremon aurantiirostris rufidorsalis	241750	subspecies
241760		Actinodura cyanouroptera cyanouroptera	201347	subspecies
241761		Pyrrhula erythaca erythaca	175815	subspecies
241762		Dinemellia	135446	genus
241763	white-headed buffalo-weaver	Dinemellia dinemelli	241762	species
241764		Dinemellia dinemelli dinemelli	241763	subspecies
241765		Passer melanurus melanurus	150917	subspecies
241766	black-capped bulbul	Pycnonotus melanicterus	125282	species
241768		Pycnonotus melanicterus dispar	241766	subspecies
241769		Dacnis cayana ultramarina	62189	subspecies
241771	Baglafecht weaver	Ploceus baglafecht	135447	species
241772		Ploceus baglafecht reichenowi	241771	subspecies
241773		Tangara mexicana mexicana	194947	subspecies
241774	Iris glossy-starling	Lamprotornis iris	85070	species
241775		Creatophora	9170	genus
241776	wattled starling	Creatophora cinerea	241775	species
242120	Red-capped robin	Petroica goodenovii	228563	species
242522	Tibetan eared-pheasant	Crossoptilon harmani	9095	species
243055	citreoline trogon	Trogon citreolus	56310	species
243057	graceful honeyeater	Meliphaga gracilis	108831	species
243058		Dasyornis	1931078	genus
243059	rufous bristle-bird	Dasyornis broadbenti	243058	species
243218	variable indigobird	Vidua funerea	37613	species
243220	dusky indigobird	Vidua purpurascens	37613	species
243221	Jambandu indigobird	Vidua raricola	37613	species
243222	pale-winged indigobird	Vidua wilsoni	37613	species
243223	straw-tailed whydah	Vidua fischeri	37613	species
243224	queen whydah	Vidua regia	37613	species
243225	twinspot Indigobird	Vidua codringtoni	37613	species
243226	Cameroon indigobird	Vidua camerunensis	37613	species
243227	Jos plateau indigobird	Vidua maryae	37613	species
243228	quailfinch indigobird	Vidua nigeriae	37613	species
243229	Baka indigobird	Vidua larvaticola	37613	species
243314		Hemiprocne comata	46509	species
243317		Aerodramus vanikorensis	46474	species
243318		Aerodramus mearnsi	46474	species
243319		Aerodramus whiteheadi	46474	species
243321		Cypsiurus parvus	46497	species
243322		Chaetura chapmani	8896	species
243323		Neafrapus	2607033	genus
243324		Neafrapus cassini	243323	species
243325		Cypseloides phelpsi	46499	species
243888	American herring gull	Larus smithsonianus	8911	species
244060		Amazona aestiva aestiva	12930	subspecies
244061		Amazona aestiva xanthopteryx	12930	subspecies
244062		Amazona albifrons albifrons	241569	subspecies
244063		Amazona albifrons nana	241569	subspecies
244064		Amazona albifrons saltuensis	241569	subspecies
244065		Amazona auropalliata auropalliata	152277	subspecies
244066		Amazona auropalliata parvipes	152277	subspecies
244067		Amazona autumnalis autumnalis	151759	subspecies
244068		Amazona autumnalis lilacine	151759	subspecies
244070	red-tailed parrot	Amazona brasiliensis	12929	species
244071		Amazona farinosa farinosa	151760	subspecies
244072		Amazona farinosa guatemalae	151760	subspecies
244073		Amazona farinosa inornata	151760	subspecies
244074		Amazona farinosa virenticeps	151760	subspecies
244075	festive parrot	Amazona festiva	12929	species
244076		Amazona festiva bodini	244075	subspecies
244077	Kawall's parrot	Amazona kawalli	12929	species
244078		Amazona oratrix belizensis	152276	subspecies
244079		Amazona oratrix hondurensis	152276	subspecies
244080		Amazona oratrix oratrix	152276	subspecies
244081	red-spectacled parrot	Amazona pretrei	12929	species
244082	red-browed parrot	Amazona rhodocorytha	12929	species
244083	Tucuman parrot	Amazona tucumana	12929	species
244084	vinaceous parrot	Amazona vinacea	12929	species
244086		Graydidascalus	9224	genus
244087	short-tailed parrot	Graydidascalus brachyurus	244086	species
244444	Christmas Island frigatebird	Fregata andrewsi	37041	species
244445	Ascension frigatebird	Fregata aquila	37041	species
244446	lesser frigatebird	Fregata ariel	37041	species
244699	grey-breasted wood-wren	Henicorhina leucophrys	109453	species
244700	wing-banded wren	Microcerculus bambla	241543	species
244702	bar-winged wood-wren	Henicorhina leucoptera	109453	species
245037		Acridotheres	9170	genus
245038	jungle myna	Acridotheres fuscus	245037	species
245039		Mino	9170	genus
245040	golden myna	Mino anais	245039	species
245041	splendid glossy-starling	Lamprotornis splendidus	85070	species
245042		Lamprotornis superbus	85070	species
245043		Ampeliceps	9170	genus
245044	golden-crested myna	Ampeliceps coronatus	245043	species
245045		Aplonis	9170	genus
245046	Asian glossy starling	Aplonis panayensis	245045	species
245047		Buphagus	9170	genus
245048	red-billed oxpecker	Buphagus erythrorhynchus	245047	species
245049	brown dipper	Cinclus pallasii	127874	species
245050		Cinnyricinclus	9170	genus
245051	Sharpe's starling	Poeoptera sharpii	245061	species
245053	white-gorgeted flycatcher	Anthipes monileger	2744972	species
245055		Melaenornis	36291	genus
245056		Melaenornis pallidus	245055	species
245059		Oenanthe	36291	genus
245060	Desert wheatear	Oenanthe deserti	245059	species
245061		Poeoptera	9170	genus
245062		Poeoptera lugubris	245061	species
245064		Rhinomyias	36291	genus
245065	slaty-backed jungle-flycatcher	Rhinomyias goodfellowi	245064	species
245066		Sarcops	9170	genus
245067	coleto	Sarcops calvus	245066	species
245564	Mourning warbler	Geothlypis philadelphia	135432	species
245565		Leiothlypis ruficapilla ridgwayi	125952	subspecies
245566		Sittiparus castaneoventris	1356396	species
245567		Sittiparus varius varius	1118842	subspecies
245569		Pardaliparus elegans mindanensis	156573	subspecies
245570		Melaniparus niger niger	1356385	subspecies
245582		Melaniparus fasciiventer fasciiventer	1356371	subspecies
245589		Sylviparus	9153	genus
245590	yellow-browed tit	Sylviparus modestus	245589	species
245591		Sylviparus modestus modestus	245590	subspecies
245683	elegant scops-owl	Otus elegans	56271	species
245844		Mimus triurus	58200	species
245845	Chilean mocking-bird	Mimus thenca	58200	species
245846		Nesomimus	55417	genus
245847	Floreana mockingbird	Mimus trifasciatus	58200	species
245849	Galapagos mockingbird	Mimus parvulus	58200	species
245850	Hood mockingbird	Mimus macdonaldi	58200	species
245851	San Cristobal mockingbird	Mimus melanotis	58200	species
245877	Cayenne tern	Thalasseus eurygnatha	555355	species
247512	black-bellied firefinch	Lagonosticta rara	187434	species
247513	black-throated firefinch	Lagonosticta larvata	187434	species
247514	African firefinch	Lagonosticta rubricata	187434	species
247515	Jameson's firefinch	Lagonosticta rhodopareia	187434	species
247516	Mali firefinch	Lagonosticta virata	187434	species
247521		Lagonosticta senegala	187434	species
247522	bar-breasted firefinch	Lagonosticta rufopicta	187434	species
247524	brown firefinch	Lagonosticta nitidula	187434	species
247525		Clytospiza	37611	genus
247526	brown twinspot	Clytospiza monteiri	247525	species
247527		Pytilia	37611	genus
247528	green-winged Pytilia	Pytilia melba	247527	species
247529	red-faced Pytilia	Pytilia hypogrammica	247527	species
247530	red-winged Pytilia	Pytilia phoenicoptera	247527	species
247531	lineated Pytilia	Pytilia lineata	247527	species
247532	orange-winged Pytilia	Pytilia afra	247527	species
247533	pink-throated twinspot	Hypargos margaritatus	187432	species
247534		Euschistospiza	37611	genus
247535	Dybowski's twinspot	Euschistospiza dybowskii	247534	species
247536		Uraeginthus	37611	genus
247537	purple grenadier	Granatina ianthinogaster	2715641	species
247538	Violet-eared waxbill	Granatina granatina	2715641	species
247539	fawn-breasted waxbill	Estrilda paludicola	187426	species
247541	black-rumped waxbill	Estrilda troglodytes	187426	species
247542	orange-cheeked waxbill	Estrilda melpoda	187426	species
247543	crimson-rumped waxbill	Estrilda rhodopyga	187426	species
247544	black-cheeked waxbill	Brunhilda erythronotos	2821131	species
247660	yellow-bellied waxbill	Coccopygia quartinia	2821306	species
247661	swee waxbill	Coccopygia melanotis	2821306	species
247662	long-tailed paradise-whydah	Vidua interjecta	37613	species
247663	broad-tailed paradise-whydah	Vidua obtusa	37613	species
247664	Northern paradise-whydah	Vidua orientalis	37613	species
247665		Philetairus	9158	genus
247666	sociable weaver	Philetairus socius	247665	species
247667	red-collared widowbird	Euplectes ardens	187428	species
247668	black-winged bishop	Euplectes hordeaceus	187428	species
247669	Reichenow's firefinch	Lagonosticta umbrinodorsalis	187434	species
247670	dusky twinspot	Euschistospiza cinereovinacea	247534	species
247671	blue-capped cordonbleu	Uraeginthus cyanocephalus	247536	species
247672	blue-breasted cordonbleu	Uraeginthus angolensis	247536	species
247673	red-cheeked cordonbleu	Uraeginthus bengalus	247536	species
247674		Spermophaga	37611	genus
247675	Western bluebill	Spermophaga haematina	247674	species
247711		Pyrenestes	37611	genus
247712	black-bellied seedcracker	Pyrenestes ostrinus	247711	species
247713	black-crowned waxbill	Estrilda nonnula	187426	species
247714	black-headed waxbill	Estrilda atricapilla	187426	species
247715	lavender waxbill	Glaucestrilda caerulescens	2821652	species
247716	black-tailed waxbill	Glaucestrilda perreini	2821652	species
247717		Mandingoa	37611	genus
247718	green-backed twinspot	Mandingoa nitidula	247717	species
247720	Shelley's crimson-wing	Cryptospiza shelleyi	221967	species
247721	chestnut-breasted negrofinch	Nigrita bicolor	208077	species
247724		Nesocharis	37611	genus
247725	Fernando Po olive-back	Nesocharis shelleyi	247724	species
247726		Amadina	37611	genus
247727	cutthroat	Amadina fasciata	247726	species
247728	red-headed finch	Amadina erythrocephala	247726	species
247729	red avadavat	Amandava amandava	187412	species
247730	green avadavat	Amandava formosa	187412	species
247731	blue-faced parrotfinch	Erythrura trichroa	44315	species
247734		Neochmia	37611	genus
247735	red-browed firetail	Neochmia temporalis	247734	species
247736	crimson finch	Neochmia phaeton	247734	species
247737	star finch	Bathilda ruficauda	2821129	species
247739		Stagonopleura	37611	genus
247740	Diamond firetail	Stagonopleura guttata	247739	species
247741	black-throated finch	Poephila cincta	40586	species
247744		Emblema	37611	genus
247745	painted firetail	Emblema pictum	247744	species
247775	double-barred finch	Stizoptera bichenovii	2823315	species
247805		Spermestes fringilloides	2715631	species
247806	chestnut-breasted munia	Lonchura castaneothorax	40156	species
247807	Grey-headed silverbill	Spermestes griseicapilla	2715631	species
247809		Heteromunia	37611	genus
247810	pictorella munia	Heteromunia pectoralis	247809	species
247811	African silverbill	Euodice cantans	2817152	species
247812	white-throated silverbill	Euodice malabarica	2817152	species
247813		Lemuresthes	37611	genus
247969	Santa Cruz jay	Aphelocoma insularis	39616	species
247970	Sumichrast's scrub-Jay	Aphelocoma sumichrasti	39616	species
247972	Woodhouse's scrub-Jay	Aphelocoma woodhouseii	39616	species
247973		Aphelocoma wollweberi potosina	248078	subspecies
247975	azure-hooded jay	Cyanolyca cucullata	54576	species
247977		Aidemosyne	37611	genus
247978	Plum-headed finch	Aidemosyne modesta	247977	species
247979		Lagonosticta larvata nigricollis	247513	subspecies
247980		Lagonosticta rubricata congica	247514	subspecies
247981		Lagonosticta rubricata rubricata	247514	subspecies
247982		Lagonosticta rhodopareia jamesoni	247515	subspecies
247983		Lagonosticta senegala rendalli	247521	subspecies
247984		Lagonosticta senegala rhodopsis	247521	subspecies
247985		Pytilia melba percivali	247528	subspecies
247986		Pytilia melba grotei	247528	subspecies
247987		Pytilia melba citerior	247528	subspecies
247988		Coccopygia quartinia kilimensis	247660	subspecies
247989		Vidua orientalis aucupum	247664	subspecies
247990		Spermophaga haematina haematina	247675	subspecies
247991		Glaucestrilda perreini perreini	247716	subspecies
247992		Mandingoa nitidula nitidula	247718	subspecies
247993		Spermestes bicolor bicolor	135438	subspecies
248078	Mexican jay	Aphelocoma wollweberi	39616	species
248146		Bradornis	36291	genus
248147	chat flycatcher	Bradornis infuscatus	248146	species
248148	red-billed buffalo-weaver	Bubalornis niger	187418	species
248149		Enicurus	36291	genus
248150	little forktail	Enicurus scouleri	248149	species
248151	red-shouldered glossy-starling	Lamprotornis nitens	85070	species
248152	Mariqua flycatcher	Melaenornis mariquensis	245055	species
248153	dusky alseonax	Muscicapa adusta	69507	species
248154	black-throated accentor	Prunella atrogularis	175132	species
248156		Rhyacornis	36291	genus
248161	plumbeous water-redstart	Phoenicurus fuliginosus	121422	species
248174	Chiguanco thrush	Turdus chiguanco	9186	species
248175	Southern pied-babbler	Turdoides bicolor	147061	species
248307	buff-rumped warbler	Basileuterus fulvicauda	85518	species
249158		Euschistospiza cinereovinacea cinereovinacea	247670	subspecies
249159		Neochmia phaeton phaeton	247736	subspecies
249171		Perdicula	466544	genus
249172	jungle bush-quail	Perdicula asiatica	249171	species
249542		Alectoris rufa x Alectoris chukar	9077	species
251333		Vidua chalybeata x Vidua paradisaea	37613	species
252781	African tawny-eagle	Aquila rapax	8960	species
252782	Verreaux's eagle	Aquila verreauxii	8960	species
252783	Ayres's hawk-eagle	Hieraaetus ayresii	70274	species
252784		Aquila fasciata	8960	species
252785	little eagle	Hieraaetus morphnoides	70274	species
252787	Wahlberg's eagle	Hieraaetus wahlbergi	70274	species
252788		Morphnus	8955	genus
252789	crested eagle	Morphnus guianensis	252788	species
252792		Pandion haliaetus haliaetus	56262	subspecies
252793		Polemaetus	8955	genus
252794	martial eagle	Polemaetus bellicosus	252793	species
252795	changeable hawk-eagle	Nisaetus cirrhatus	433377	species
252796	ornate hawk-eagle	Spizaetus ornatus	214437	species
252797	Philippine hawk-eagle	Nisaetus philippensis	433377	species
252798	black hawk-eagle	Spizaetus tyrannus	214437	species
252799		Spizastur	8955	genus
252800	black-and-white hawk-eagle	Spizaetus melanoleucus	214437	species
252801		Stephanoaetus	8955	genus
252802	crowned hawk-eagle	Stephanoaetus coronatus	252801	species
253250		Pipile nattereri	125072	species
254440		Arcanator	9173	genus
254441	dapple-throat	Arcanator orostruthus	254440	species
254442	dusky wood-swallow	Artamus cyanopterus	175023	species
254443		Batis	461255	genus
254444	short-tailed Batis	Batis mixta	254443	species
254445		Chaetorhynchus	1730093	genus
254446	pygmy drongo	Chaetorhynchus papuensis	254445	species
254447		Climacteris erythrops	47694	species
254448	Loria's bird-of-paradise	Cnemophilus loriae	108822	species
254449	grey shrike-thrush	Colluricincla harmonica	156159	species
254450	slaty gnateater	Conopophaga ardesiaca	123373	species
254452	black-faced cuckoo-shrike	Coracina novaehollandiae	108824	species
254453	white-throated treecreeper	Cormobates leucophaea	181834	species
254520	Torresian crow	Corvus orru	30420	species
254524		Cracticus	2169681	genus
254525	Black butcherbird	Melloria quoyi	2547539	species
254526	whistlers	Pachycephalidae	192204	subfamily
254527		Daphoenositta	254526	genus
254528	varied sittella	Daphoenositta chrysoptera	254527	species
254529	midget flowerpecker	Dicaeum aeneum	135426	species
254530	hair-crested drongo	Dicrurus hottentottus	107204	species
254531	black-backed puffback	Dryoscopus cubla	85068	species
254532		Ephthianura	9146	genus
254533	crimson chat	Ephthianura tricolor	254532	species
254535		Eugerygone	38563	genus
254536	garnet robin	Eugerygone rubra	254535	species
254538		Falcunculus	254526	genus
254539	Eastern shriketit	Falcunculus frontatus	254538	species
254540		Grallina	461250	genus
254541		Grallina cyanoleuca	254540	species
254542	rufous-crowned greenlet	Hylophilus poicilotis	158056	species
254545		Lalage	880551	genus
254546	varied triller	Lalage leucomela	254545	species
254549	glossy-mantled manucode	Manucodia ater	28717	species
254550	crinkle-collared manucode	Manucodia chalybatus	28717	species
254551	lesser Melampitta	Melampitta lugubris	156161	species
254552	Fan-tailed berrypecker	Melanocharis versteri	175123	species
254553		Melanodryas	38563	genus
254554	hooded robin	Melanodryas cucullata	254553	species
254555		Microeca	38563	genus
254556	canary flyrobin	Microeca papuana	254555	species
254557	McConnell's flycatcher	Mionectes macconnelli	123378	species
254558		Modulatrix	9173	genus
254559	spot-throat	Modulatrix stictigula	254558	species
254560	golden monarch	Carterornis chrysomela	1576518	species
254561	ferruginous flycatcher	Muscicapa ferruginea	69507	species
254562		Neodrepanis	137529	genus
254563	wattled asity	Neodrepanis coruscans	254562	species
254565		Oreoica	254526	genus
254566	crested bellbird	Oreoica gutturalis	254565	species
254570		Pachycephalopsis	38563	genus
254571	white-eyed robin	Pachycephalopsis poliosoma	254570	species
254572		Paramythiidae	175121	family
254573		Paramythia	254572	genus
254574	crested berrypecker	Paramythia montium	254573	species
254575	spotted pardalote	Pardalotus punctatus	108839	species
254639		Peneothello	38563	genus
254640	white-rumped robin	Peneothello bimaculata	254639	species
254641		Pericrocotus	880551	genus
254642	Long-tailed minivet	Pericrocotus ethologus	254641	species
254643	Crested Pitohui	Ornorectes cristatus	2497060	species
254644		Prionops	461254	genus
254645	white helmetshrike	Prionops plumatus	254644	species
254651		Promerops	135425	genus
254652	Cape sugarbird	Promerops cafer	254651	species
254653		Ptilogonys	125295	genus
254654	grey silky-flycatcher	Ptilogonys cinereus	254653	species
254655		Cinclosomatidae	192204	family
254656		Ptilorrhoa	254655	genus
254657	blue jewel-babbler	Ptilorrhoa caerulescens	254656	species
254660		Sphecotheres	28725	genus
254661	green figbird	Sphecotheres vieilloti	254660	species
254662		Strepera	2169681	genus
254663	pied currawong	Strepera graculina	254662	species
254664	Doherty's bushshrike	Telophorus dohertyi	9202	species
254665	masked Tityra	Tityra semifasciata	114386	species
255366	short-tailed antthrush	Chamaeza campanisona	183182	species
255368	ochre-breasted antpitta	Grallaricula flavirostris	117175	species
255369	elusive antpitta	Grallaria eludens	117144	species
255370	brown-breasted antpitta	Myrmothera simplex	117180	species
255371	Amazonian antpitta	Hylopezus berlepschi	117177	species
255372		Pittasoma	81882	genus
255373	rufous-crowned antpitta	Pittasoma rufopileatum	255372	species
255374	black-crowned antpitta	Pittasoma michleri	255372	species
255376		Liosceles	9167	genus
255377	rusty-belted tapaculo	Liosceles thoracicus	255376	species
255378		Phlegopsis	81887	genus
255379	black-spotted bare-eye	Phlegopsis nigromaculata	255378	species
255382		Myrmornis	81887	genus
255383	wing-banded antbird	Myrmornis torquata	255382	species
255385		Xenops	9136	genus
255386	plain xenops	Xenops minutus	255385	species
255387	bare-throated bellbird	Procnias nudicollis	114372	species
256038	New Zealand robin	Petroica australis	228563	species
256421	glistening-green tanager	Chlorochrysa phoenicotis	62162	species
256430		Tangara argyrofenges	58206	species
256431		Tangara arthus	58206	species
256432		Tangara callophrys	58206	species
256433		Tangara chrysotis	58206	species
256434		Tangara cyanicollis	58206	species
256435		Tangara cyanoptera	58206	species
256436	Red-necked tanager	Tangara cyanocephala	58206	species
256437		Tangara cyanotis	58206	species
256438	Brassy-breasted tanager	Tangara desmaresti	58206	species
256439		Tangara dowii	58206	species
256440	Emerald tanager	Tangara florida	58206	species
256441	Seven-colored tanager	Tangara fastuosa	58206	species
256442		Tangara fucosa	58206	species
256443		Ixothraupis guttata	2817425	species
256444	Black-capped tanager	Tangara heinei	58206	species
256446	Blue-whiskered tanager	Tangara johannae	58206	species
256447		Tangara labradorides	58206	species
256448	Golden-hooded tanager	Tangara larvata	58206	species
256449		Tangara lavinia	58206	species
256450	green-capped tanager	Tangara meyerdeschauenseei	58206	species
256451	masked tanager	Tangara nigrocincta	58206	species
256452	beryl-spangled tanager	Tangara nigroviridis	58206	species
256453	grey-and-gold tanager	Tangara palmeri	58206	species
256454	flame-faced tanager	Tangara parzudakii	58206	species
256455	spotted tanager	Tangara punctata	58206	species
256456	golden-napped tanager	Tangara ruficervix	58206	species
256457	rufous-throated tanager	Tangara rufigula	58206	species
256458	green-and-gold tanager	Tangara schrankii	58206	species
256459	dotted tanager	Tangara varia	58206	species
256460	blue-and-black tanager	Tangara vassorii	58206	species
256461	opal-rumped tanager	Tangara velia	58206	species
256462	silver-backed tanager	Tangara viridicollis	58206	species
256463	scrub tanager	Tangara vitriolina	58206	species
256464	saffron-crowned tanager	Tangara xanthocephala	58206	species
256465	yellow-bellied tanager	Tangara xanthogastra	58206	species
256671		Falco tinnunculus interstinctus	100819	subspecies
256688	capped seedeater	Sporophila bouvreuil	135449	species
256689	double-collared seedeater	Sporophila caerulescens	135449	species
256690	chestnut seedeater	Sporophila cinnamomea	135449	species
256691	Temminck's seedeater	Sporophila falcirostris	135449	species
256692	grey-and-chestnut seedeater	Sporophila hypochroma	135449	species
256693	tawny-bellied seedeater	Sporophila hypoxantha	135449	species
256694	white-bellied seedeater	Sporophila leucoptera	135449	species
256695	black-and-white seedeater	Sporophila luctuosa	135449	species
256696	black-bellied seedeater	Sporophila melanogaster	135449	species
256697	ruddy-breasted seedeater	Sporophila minuta	135449	species
256698	marsh seedeater	Sporophila palustris	135449	species
256699	chestnut-throated seedeater	Sporophila telasco	135449	species
256700	Narosky's seedeater	Sporophila zelichi	135449	species
257480	pain wren	Thryothorus modestus	74199	species
257483	rufous-naped wren	Campylorhynchus rufinucha	69502	species
257485	band-backed wren	Campylorhynchus zonatus	69502	species
257770		Zonotrichia leucophrys gambelii	44393	subspecies
257817		Bubo bubo kiautschensis	30461	subspecies
257818	Oriental scops-owl	Otus sunia	56271	species
257819	Japanese scops-owl	Otus semitorques	56271	species
257845		Podoces	28725	genus
257846	Mongolian ground-jay	Podoces hendersoni	257845	species
257847	Xinjiang ground-jay	Podoces biddulphi	257845	species
257848		Zavattariornis	28725	genus
257849	Stresemann's bush-crow	Zavattariornis stresemanni	257848	species
257850		Crypsirina	28725	genus
257851	racket-tailed treepie	Crypsirina temia	257850	species
257852		Dendrocitta	28725	genus
257853	grey treepie	Dendrocitta formosae	257852	species
257854	Sichuan jay	Perisoreus internigrans	54572	species
257855		Platysmurus	28725	genus
257856	black magpie	Platysmurus leucopterus	257855	species
257857		Temnurus	28725	genus
257858	ratchet-tailed treepie	Temnurus temnurus	257857	species
257867	Eurasian spoonbill	Platalea leucorodia	33577	species
258530	Japanese sparrowhawk	Accipiter gularis	8956	species
258802	Oriental honey-buzzard	Pernis ptilorhynchus	43550	species
258803	barred honey-buzzard	Pernis celebensis	43550	species
258807		Pernis ptilorhynchus torquatus	258802	subspecies
258808		Pernis ptilorhynchus palawanensis	258802	subspecies
258809		Pernis ptilorhynchus ptilorhynchus	258802	subspecies
258810		Pernis ptilorhynchus ruficollis	258802	subspecies
258811		Pernis ptilorhynchus orientalis	258802	subspecies
258812		Pernis ptilorhynchus philippensis	258802	subspecies
258813		Pernis steerei	43550	species
258814		Pernis celebensis winkleri	258803	subspecies
258815		Pernis celebensis celebensis	258803	subspecies
258816		Henicopernis	8955	genus
258817	long-tailed honey-buzzard	Henicopernis longicauda	258816	species
258818		Aviceda	8955	genus
258819	African baza	Aviceda cuculoides	258818	species
258924		Accipiter gentilis schvedowi	8957	subspecies
259256	long-tailed finch	Poephila acuticauda	40586	species
259913	black-faced spoonbill	Platalea minor	33577	species
260102	Chinese bush-warbler	Bradypterus tacsanowskius	203786	species
260103	Stepanyan's warbler	Locustella amnicola	68487	species
260104	lanceolated warbler	Locustella lanceolata	68487	species
260105	grasshopper warbler	Locustella naevia	68487	species
260106	Little grassbird	Poodytes gramineus	2163166	species
260107		Urosphena	330750	genus
260108	Asian stubtail	Urosphena squameiceps	260107	species
260371	evergreen forest warbler	Bradypterus mariae	203786	species
260531	Madagascar fish-eagle	Haliaeetus vociferoides	8968	species
260902	meadow bunting	Emberiza cioides	30424	species
261198	Cooper's hawk	Accipiter cooperii	8956	species
261200	Sora	Porzana carolina	54491	species
261817		Dendrocincla tyrannina	183178	species
261818		Dendrocincla merula	183178	species
261819		Lepidocolaptes affinis	75970	species
261820		Campylorhamphus pusillus	190294	species
261821		Dendrocolaptes platyrostris	81880	species
261959	white-breasted waterhen	Amaurornis phoenicurus	72016	species
261960	Green sandpiper	Tringa ochropus	161681	species
261961	Grey-headed lapwing	Vanellus cinereus	50403	species
261966		Gallicrex	9119	genus
261967	watercock	Gallicrex cinerea	261966	species
261968	yellow-legged buttonquail	Turnix tanki	9247	species
261969	black drongo	Dicrurus macrocercus	107204	species
262114	white-faced quail-dove	Zentrygon albifacies	1471558	species
262115	rufous-reasted quail-dove	Zentrygon chiriquensis	1471558	species
262116	buff-fronted quail-dove	Zentrygon costaricensis	1471558	species
262117	grey-chested dove	Leptotila cassinii	115655	species
262118	Rarotongan fruit-dove	Ptilinopus rarotongensis	115696	species
262119	silver-capped fruit-dove	Ptilinopus richardsii	115696	species
262120		Gymnophaps	8930	genus
262121	Papuan mountain-pigeon	Gymnophaps albertisii	262120	species
262123		Hemiphaga	8930	genus
262124	New Zealand pigeon	Hemiphaga novaeseelandiae	262123	species
262125	Pacific imperial-pigeon	Ducula pacifica	115625	species
262126	red-knobbed imperial-pigeon	Ducula rubricera	115625	species
262127	island imperial-pigeon	Ducula pistrinaria	115625	species
262128	emerald-spotted wood-dove	Turtur chalcospilos	187142	species
262129	Stephan's dove	Chalcophaps stephani	187107	species
262130	African green-pigeon	Treron calvus	115701	species
262131	Western bronze ground-dove	Alopecoenas beccarii	1914394	species
262133		Petrophassa	8930	genus
262134		Petrophassa plumifera	262133	species
262136	Moreno's ground-dove	Metriopelia morenoi	115676	species
262192		Leptotila verreauxi decipiens	135631	subspecies
262424	Amak Island song sparrow	Melospiza melodia amaka	44397	subspecies
263164	collared falconet	Microhierax caerulescens	56340	species
263513	Socorro wren	Thryomanes sissonii	241535	species
263514	white-browed wren	Thryothorus albinucha	74199	species
264816		Setophaga vitellina crawfordi	231565	subspecies
264817		Setophaga vitellina vitellina	231565	subspecies
265498	Ijima copper pheasant	Syrmaticus soemmerringii ijimae	9067	subspecies
265611	European bee-eater	Merops apiaster	57420	species
265617		Campethera	9220	genus
265618	buff-spotted woodpecker	Campethera nivosa	265617	species
265620	cardinal Myzomela	Myzomela cardinalis	108837	species
265622	banded Pitta	Hydrornis guajana	1316416	species
265623	white-crested Elaenia	Elaenia albiceps	111982	species
265624		Hemitriccus	28728	genus
265625	pearly-vented tody-tyrant	Hemitriccus margaritaceiventer	265624	species
265626		Laniocera	28728	genus
265627	cinereous mourner	Laniocera hypopyrra	265626	species
265628	club-winged manakin	Machaeropterus deliciosus	114315	species
265629		Tyranneutes	114313	genus
265630	dwarf tyrant-manakin	Tyranneutes stolzmanni	265629	species
265631	chestnut-crowned foliage-gleaner	Automolus rufipileatus	190677	species
265632	tawny-throated leaftosser	Sclerurus mexicanus	183180	species
265633		Geositta	9136	genus
265634	common miner	Geositta cunicularia	265633	species
265635	grey-bellied spinetail	Synallaxis cinerascens	88180	species
265636	ruddy tree-runner	Margarornis rubiginosus	183166	species
265637		Frederickena	81887	genus
265638	black-throated antshrike	Frederickena viridis	265637	species
265639	white-shouldered fire-eye	Pyriglena leucoptera	183186	species
265640	stipple-throated antwren	Myrmotherula haematonota	88176	species
265641		Pithys	81887	genus
265642	white-plumed antbird	Pithys albifrons	265641	species
265643	slate-crowned antpitta	Grallaricula nana	117175	species
265644	collared crescent-chest	Melanopareia torquata	30441	species
266315	Yellow honeyeater	Stomiopera flava	1921811	species
266316		Manorina flavigula	44313	species
266317		Melidectes ochromelas	43160	species
266318		Melidectes torquatus	43160	species
266319		Meliphaga albonotata	108831	species
266320		Melithreptus albogularis	108835	species
266321		Melithreptus brevirostris	108835	species
266322	Red-headed honeyeater	Myzomela erythrocephala	108837	species
266323		Myzomela obscura	108837	species
266324		Myzomela rosenbergii	108837	species
266325		Myzomela sanguinolenta	108837	species
266326	Silver-crowned friarbird	Philemon argenticeps	108843	species
266327	Helmeted friarbird	Philemon buceroides	108843	species
266328	Little Friarbird	Philemon citreogularis	108843	species
266329	Meyer's friarbird	Philemon meyeri	108843	species
266330		Ptiloprora guisei	9147	species
266332		Gerygone chrysogaster	117202	species
266333		Sericornis perspicillatus	27581	species
266334		Acanthorhynchus	9146	genus
266335		Acanthorhynchus superciliosus	266334	species
266336		Acanthorhynchus tenuirostris	266334	species
266337		Anthochaera	9146	genus
266338		Ashbyia	9146	genus
266339		Ashbyia lovensis	266338	species
266340		Certhionyx	9146	genus
266343		Certhionyx pectoralis	266340	species
266344		Certhionyx variegatus	266340	species
266345		Conopophila	9146	genus
266346		Conopophila albogularis	266345	species
266347		Conopophila rufogularis	266345	species
266348		Entomyzon	9146	genus
266349		Entomyzon cyanotis	266348	species
266350		Epthianura	9146	genus
266351	White-fronted chat	Epthianura albifrons	266350	species
266352		Epthianura aurifrons	266350	species
266353	yellow chat	Epthianura crocea	266350	species
266354		Epthianura tricolor	266350	species
266355		Foulehaio	9146	genus
266356	wattled honeyeater	Foulehaio carunculatus	266355	species
266357		Glycichaera	9146	genus
266358		Glycichaera fallax	266357	species
266359		Grantiella	9146	genus
266360		Grantiella picta	266359	species
266361		Lichmera	9146	genus
266362		Lichmera alboauricularis	266361	species
266363		Lichmera indistincta	266361	species
266364		Melilestes	9146	genus
266365	Long-billed honeyeater	Melilestes megarhynchus	266364	species
266366		Anthochaera carunculata	266337	species
266367		Anthochaera chrysoptera	266337	species
266368		Anthochaera lunulata	266337	species
266369		Anthochaera paradoxa	266337	species
266370		Plectorhyncha	9146	genus
266371		Plectorhyncha lanceolata	266370	species
266373		Prosthemadera	9146	genus
266374		Prosthemadera novaeseelandiae	266373	species
266375		Pycnopygius	9146	genus
266376		Pycnopygius cinereus	266375	species
266377		Pycnopygius stictocephalus	266375	species
266378		Ramsayornis	9146	genus
266379		Ramsayornis fasciatus	266378	species
266380		Ramsayornis modestus	266378	species
266381		Timeliopsis	9146	genus
266382		Timeliopsis fulvigula	266381	species
266383		Timeliopsis griseigula	266381	species
266384		Trichodere	9146	genus
266385		Trichodere cockerelli	266384	species
266386		Xanthomyza	9146	genus
266388		Xanthotis	9146	genus
266389		Xanthotis flaviventer	266388	species
266390		Amytornis	55805	genus
266391		Amytornis striatus	266390	species
266392		Stipiturus	55805	genus
266393		Stipiturus mallee	266392	species
266412		Acanthagenys	9146	genus
266413	Spiny-cheeked honeyeater	Acanthagenys rufogularis	266412	species
266414		Phylidonyris	9146	genus
266416		Phylidonyris melanops	266414	species
266417	white-cheeked honeyeater	Phylidonyris niger	266414	species
266418	New Holland honeyeater	Phylidonyris novaehollandiae	266414	species
266419		Phylidonyris pyrrhoptera	266414	species
267426	Altai snowcock	Tetraogallus altaicus	109043	species
267427	Tibetan snowcock	Tetraogallus tibetanus	109043	species
267972	Crimson seedcracker	Pyrenestes sanguineus	247711	species
267975		Padda	9158	genus
267976	Java sparrow	Padda oryzivora	267975	species
267977	Pale-headed munia	Lonchura pallida	40156	species
267978	Lesser masked weaver	Ploceus intermedius	135447	species
267979	Chestnut bunting	Emberiza rutila	30424	species
267980	Tristram's bunting	Emberiza tristrami	30424	species
268875		Larus fuscus intermedius	8915	subspecies
269179		Hypopyrrhus	164646	genus
269180	red-bellied grackle	Hypopyrrhus pyrohypogaster	269179	species
269190	crimson rosella	Platycercus elegans	35541	species
269254		Aphelocoma wollweberi arizonae	248078	subspecies
269257		Aphelocoma wollweberi couchii	248078	subspecies
269412	elegant woodcreeper	Xiphorhynchus elegans	75968	species
269413		Xiphorhynchus elegans insiginis	269412	subspecies
269415		Xiphorhynchus elegans elegans	269412	subspecies
269416		Xiphorhynchus elegans ornatus	269412	subspecies
270475	olive-winged bulbul	Pycnonotus plumosus	125282	species
270476	red-eyed bulbul	Pycnonotus brunneus	125282	species
270477	puff-backed bulbul	Pycnonotus eutilotus	125282	species
271699		Tympanuchus cupido cupido	9004	subspecies
271846		Anas superciliosa superciliosa	45632	subspecies
271847		Anas superciliosa pelewensis	45632	subspecies
272001	white-necked raven	Corvus albicollis	30420	species
272047	rufous-necked stint	Calidris ruficollis	8918	species
272050	Spotted redshank	Tringa erythropus	161681	species
272804	Fernando Po batis	Batis poensis	254443	species
272805		Bias	461255	genus
272806	black-and-white shrike-flycatcher	Bias musicus	272805	species
272816	sulphur-breasted bushshrike	Chlorophoneus sulfureopectus	488404	species
272818	black-fronted bushshrike	Chlorophoneus nigrifrons	488404	species
272820		Tchagra	85067	genus
272821	marsh tchagra	Bocagia minuta	2821130	species
272830	black-necked wattle-eye	Platysteira chalybea	107225	species
272832	slate-colored boubou	Laniarius funebris	9194	species
272834		Lanioturdus	461255	genus
272835	chatshrike	Lanioturdus torquatus	272834	species
272836	grey-headed bushshrike	Malaconotus blanchoti	107221	species
272837	African shrike-flycatcher	Megabyas flammulatus	2821871	species
272838		Nilaus	85067	genus
272839	brubru	Nilaus afer	272838	species
272840	Retz's helmet-shrike	Prionops retzii	254644	species
272841	chestnut-fronted helmet-shrike	Prionops scopifrons	254644	species
272847		Pseudobias	461255	genus
272848	Ward's shrike-flycatcher	Pseudobias wardi	272847	species
272849	brown-crowned tchagra	Tchagra australis	272820	species
272850	black-crowned tchagra	Tchagra senegalus	272820	species
272867	Bokmakierie bushshrike	Telophorus zeylonus	9202	species
272901		Rhodophoneus	85067	genus
272902	rosy-patched bushshrike	Rhodophoneus cruentus	272901	species
273488		Chloris chloris aurantiiventris	37601	subspecies
273489	red siskin	Spinus cucullatus	1647189	species
273490		Serinus alario	9134	species
273491		Serinus alario alario	273490	subspecies
273495	streaky seedeater	Serinus striolatus	9134	species
273496		Serinus striolatus striolatus	273495	subspecies
274059	olive-headed lorikeet	Trichoglossus euteles	176048	species
274060	red lory	Eos bornea	176063	species
274061	violet-necked lori	Eos squamata	176063	species
274062	black-capped lory	Lorius lory	13113	species
274063	yellow-throated hanging-parrot	Loriculus pusillus	60470	species
274064	yellow-streked lory	Chalcopsitta scintillata	176061	species
274065	black lory	Chalcopsitta atra	176061	species
274066	Duivenbode's lory	Chalcopsitta duivenbodei	176061	species
274067		Aprosmictus	9224	genus
274068	red-winged parrot	Aprosmictus erythropterus	274067	species
274069		Psittaculirostris	9224	genus
274070	large fig-parrot	Psittaculirostris desmarestii	274069	species
274071	Edward's fig-parrot	Psittaculirostris edwardsii	274069	species
274072		Tanygnathus	9224	genus
274073	blue-backed parrot	Tanygnathus sumatranus	274072	species
274074	little corella	Cacatua sanguinea	12981	species
274415		Iduna pallida alulensis	1110376	subspecies
274602	Sunda warbler	Phylloscopus grammiceps	9181	species
274603	white-spectacled warbler	Seicercus affinis	90657	species
274604	yellow-vented warbler	Phylloscopus cantator	9181	species
274605	sulphur-breasted warbler	Phylloscopus ricketti	9181	species
274620	white-tailed leaf-warbler	Phylloscopus davisoni	9181	species
274621	yellow-streaked warbler	Phylloscopus armandii	9181	species
274622	Whistler's warbler	Phylloscopus whistleri	9181	species
274623	Bianchi's warbler	Phylloscopus valentini	9181	species
274624	grey-crowned warbler	Phylloscopus tephrocephalus	9181	species
274628	Emei Shan warbler	Phylloscopus omeiensis	9181	species
274629	plain-tailed warbler	Phylloscopus soror	9181	species
274630	chestnut-crowned warbler	Phylloscopus castaniceps	9181	species
276759	masked shrike	Lanius nubicus	28712	species
276760		Lanius senator senator	187436	subspecies
276761		Lanius senator niloticus	187436	subspecies
276762		Lanius senator badius	187436	subspecies
276763	long-tailed shrike	Lanius schach	28712	species
276764	rufous-tailed shrike	Lanius isabellinus	28712	species
276765		Lanius ludovicianus excubitorides	28713	subspecies
276766		Lanius excubitor invictus	158049	subspecies
279541	chicli spinetail	Synallaxis spixi	88180	species
279542		Cinclodes	9136	genus
279543	blackish Cinclodes	Cinclodes antarcticus	279542	species
279544	royal Cinclodes	Cinclodes aricomae	279542	species
279545	white-winged Cinclodes	Cinclodes atacamensis	279542	species
279546	Cordoba Cinclodes	Cinclodes comechingonus	279542	species
279547	stout-billed Cinclodes	Cinclodes excelsior	279542	species
279548	bar-winged Cinclodes	Cinclodes fuscus	279542	species
279549	seaside Cinclodes	Cinclodes nigrofumosus	279542	species
279550	Olrogi's Cinclodes	Cinclodes olrogi	279542	species
279551	grey-flanked Cinclodes	Cinclodes oustaleti	279542	species
279552	long-tailed Cinclodes	Cinclodes pabsti	279542	species
279553	white-bellied Cinclodes	Cinclodes palliatus	279542	species
279554	dark-bellied Cinclodes	Cinclodes patagonicus	279542	species
279555	surf Cinclodes	Cinclodes taczanowskii	279542	species
279557	buff-breasted earthcreeper	Upucerthia validirostris	183160	species
279575		Larus occidentalis occidentalis	126713	subspecies
279576		Larus occidentalis wymani	126713	subspecies
279577		Pica pica hemileucoptera	34924	subspecies
279927	common myna	Acridotheres tristis	245037	species
279928	American pipit	Anthus rubescens	36257	species
279929		Aphriza	8917	genus
279930	Surfbird	Calidris virgata	279929	species
279931	black turnstone	Arenaria melanocephala	54972	species
279932		Bartramia	8917	genus
279933	Upland sandpiper	Bartramia longicauda	279932	species
279934	Bufflehead	Bucephala albeola	40832	species
279935	Least sandpiper	Calidris minutilla	8918	species
279936	Sanderling	Calidris alba	8918	species
279937	Baird's sandpiper	Calidris bairdii	8918	species
279938	Stilt sandpiper	Calidris himantopus	8918	species
279940	White-rumped sandpiper	Calidris fuscicollis	8918	species
279941	Western sandpiper	Calidris mauri	8918	species
279942	Piping plover	Charadrius melodus	50391	species
279943	Wilson's plover	Charadrius wilsonia	50391	species
279944		Chlidonias	8910	genus
279945	Black tern	Chlidonias niger	279944	species
279947	Wilson's snipe	Gallinago delicata	107376	species
279948	American black oystercatcher	Haematopus bachmani	32635	species
279949	Short-billed dowitcher	Limnodromus griseus	161677	species
279950		Lophodytes	2068716	genus
279951	Hooded merganser	Lophodytes cucullatus	279950	species
279952	Red phalarope	Phalaropus fulicarius	227174	species
279953	Arctic tern	Sterna paradisaea	70608	species
279954	Solitary sandpiper	Tringa solitaria	161681	species
279955		Tryngites	8917	genus
279957	Long-billed curlew	Numenius americanus	32638	species
279958	black-crested titmouse	Baeolophus atricristatus	88113	species
279959	King rail	Rallus elegans	54360	species
279960	American oystercatcher	Haematopus palliatus	32635	species
279961	Semipalmated sandpiper	Calidris pusilla	8918	species
279962	Red-headed woodpecker	Melanerpes erythrocephalus	56082	species
279964	Prairie falcon	Falco mexicanus	8952	species
279965	Chuck-will's-widow	Antrostomus carolinensis	1854010	species
279966	Northern wheatear	Oenanthe oenanthe	245059	species
279967	Northwestern crow	Corvus caurinus	30420	species
279969	American three-toed woodpecker	Picoides dorsalis	36302	species
280044		Serinus citrinella corsicanus	163851	subspecies
280046	Syrian serin	Serinus syriacus	9134	species
280047	Cape siskin	Serinus totta	9134	species
280461		Pseudonigrita	135446	genus
280462	grey-headed social-weaver	Pseudonigrita arnaudi	280461	species
281914	Lesser vasa parrot	Coracopsis nigra	176021	species
281916	Meyer's parrot	Poicephalus meyeri	176044	species
282068	Gansu leaf-warbler	Phylloscopus kansuensis	9181	species
282069	Chinese leaf-warbler	Phylloscopus yunnanensis	9181	species
282497	Loveridge's sunbird	Cinnyris loveridgei	570433	species
282498	Eastern double-collared sunbird	Cinnyris mediocris	570433	species
282499	Moreau's sunbird	Cinnyris moreaui	570433	species
282500	greater double-collared sunbird	Cinnyris afer	570433	species
282501	Southern double-collared sunbird	Cinnyris chalybeus	570433	species
282503	Cameroon double-collared sunbird	Cinnyris reichenowi preussi	570435	subspecies
282505	rufous-winged sunbird	Nectarinia rufipennis	145371	species
282689		Leiothlypis ruficapilla ruficapilla	125952	subspecies
283159	black-necked aracari	Pteroglossus aracari	91778	species
283160	red-necked aracari	Pteroglossus bitorquatus	91778	species
283161	collared aracari	Pteroglossus torquatus	91778	species
283162	yellow-ridged toucan	Ramphastos culminatus	91780	species
283637	Kauai amakihi	Hemignathus stejnegeri	64797	species
284147	Macquarie parakeet	Cyanoramphus erythrotis	114431	species
284148	buff-faced pygmy parrot	Micropsitta pusio	57422	species
284149	little lorikeet	Parvipsitta pusilla	2823049	species
285003	pale-mandibled aracari	Pteroglossus erythropygius	91778	species
285008	brown-mandibled aracari	Pteroglossus mariae	91778	species
285009	many-banded aracari	Pteroglossus pluricinctus	91778	species
285010	stripe-billed aracari	Pteroglossus sanguineus	91778	species
285011	green aracari	Pteroglossus viridis	91778	species
285227	fulvous-vented Euphonia	Euphonia fulvicrissa	62198	species
285228		Pionopsitta	9224	genus
285229	Vulturine parrot	Pyrilia vulturina	2259671	species
285230	Orange-cheeked parrot	Pyrilia barrabandi	2259671	species
285231	Caica parrot	Pyrilia caica	2259671	species
285233	Pileated parrot	Pionopsitta pileata	285228	species
285234	Rose-faced parrot	Pyrilia pulchra	2259671	species
285235		Serinus atrogularis atrogularis	163854	subspecies
285237		Serinus albogularis	9134	species
285238		Serinus albogularis albogularis	285237	subspecies
285239	olivaceous siskin	Spinus olivaceus	1647189	species
285241		Carduelis carduelis parva	37600	subspecies
285242	Lawrence's goldfinch	Spinus lawrencei	1647189	species
285243		Spinus psaltria hesperophilus	54559	subspecies
285244		Spinus psaltria colombianus	54559	subspecies
285245		Serinus canicollis canicollis	163849	subspecies
285247		Crithagra dorsostriata dorsostriata	163845	subspecies
285248		Crithagra sulphurata sulphurata	2575917	subspecies
285249		Serinus gularis endemion	163844	subspecies
285251		Serinus leucopygius riggenbachi	54774	subspecies
285252		Pyrrhula pyrrhula iberiae	37607	subspecies
286129	Mulga parrot	Psephotellus varius	1804610	species
286691		Loxioides	64795	genus
286692	palila	Loxioides bailleui	286691	species
286717	Bolle's pigeon	Columba bollii	8931	species
286718	white-tailed laurel pigeon	Columba junoniae	8931	species
286723		Barnardius	9224	genus
286724	Mallee ringneck	Barnardius barnardi	286723	species
287015	king gull	Larus hartlaubii	8911	species
287016	Brown-hooded gull	Chroicocephalus maculipennis	1129741	species
287017	African grey-headed gull	Chroicocephalus cirrocephalus poiocephalus	1192863	subspecies
287038	Juniper titmouse	Baeolophus ridgwayi	88113	species
287168	mountain leaf warbler	Phylloscopus nigrorum	9181	species
287169		Phylloscopus claudiae	9181	species
287171	Emei leaf-Warbler	Phylloscopus emeiensis	9181	species
287172	Goodsoni warbler	Phylloscopus goodsoni	9181	species
287173	island leaf warbler	Phylloscopus poliocephalus	9181	species
287174	Hainan leaf-warbler	Phylloscopus hainanus	9181	species
287175	Timor leaf warbler	Phylloscopus presbytes	9181	species
287176	Sulawesi leaf-warbler	Phylloscopus sarasinorum	9181	species
287868		Phylloscopus reguloides ticehursti	56437	subspecies
287869		Phylloscopus nigrorum benguetensis	287168	subspecies
287871		Phylloscopus davisoni klossi	274620	subspecies
287872		Phylloscopus ogilviegranti ogilviegranti	310060	subspecies
287873		Phylloscopus davisoni disturbans	274620	subspecies
287874		Phylloscopus goodsoni fokiensis	287172	subspecies
287875		Phylloscopus goodsoni goodsoni	287172	subspecies
287877		Phylloscopus poliocephalus giulianetti	287173	subspecies
287879		Phylloscopus presbytes floris	287175	subspecies
287880		Phylloscopus reguloides assamensis	56437	subspecies
287881		Phylloscopus reguloides reguloides	56437	subspecies
287882		Phylloscopus sarasinorum sarasinorum	287176	subspecies
287883		Phylloscopus xanthoschistos tephrodiras	298996	subspecies
287885		Phylloscopus cantator cantator	274604	subspecies
287886		Phylloscopus trivirgatus trivirgatus	163863	subspecies
288029		Geositta tenuirostris	265633	species
288030		Xenops rutilans	255385	species
288031		Leptasthenura	9136	genus
288032		Leptasthenura pileata	288031	species
288034		Phacellodomus	9136	genus
288035		Phacellodomus ruber	288034	species
288036		Berlepschia	9136	genus
288037		Berlepschia rikeri	288036	species
288038		Geositta rufipennis	265633	species
288039		Frederickena unduligera	265637	species
288040		Thamnophilus cryptoleucus	81888	species
288041		Thamnophilus praecox	81888	species
288042		Thamnophilus unicolor	81888	species
288043		Herpsilochmus atricapillus	88172	species
288044		Myrmotherula obscura	88176	species
288045	Checker-throated antwren	Epinecrophylla fulviventris	468482	species
288046		Myrmotherula menetriesii	88176	species
288047		Myrmotherula behni	88176	species
288048		Phlegopsis erythroptera	255378	species
288049		Mackenziaena	81887	genus
288050	tufted antshrike	Mackenziaena severa	288049	species
288051		Hypoedaleus	81887	genus
288052		Hypoedaleus guttatus	288051	species
288053		Batara	81887	genus
288054		Batara cinerea	288053	species
288055		Taraba	81887	genus
288056		Taraba major	288055	species
288057		Sakesphorus	81887	genus
288059		Megastictus	81887	genus
288060		Megastictus margaritatus	288059	species
288061		Pygiptila	81887	genus
288062		Pygiptila stellaris	288061	species
288063		Thamnistes	81887	genus
288064		Thamnistes anabatinus	288063	species
288065		Thamnomanes	81887	genus
288066		Thamnomanes caesius	288065	species
288067		Dysithamnus	81887	genus
288068		Dysithamnus mentalis	288067	species
288069		Myrmoborus	81887	genus
288070		Myrmoborus myotherinus	288069	species
288071		Myrmeciza	81887	genus
288072		Myrmeciza griseiceps	288071	species
288074		Myrmeciza loricata	288071	species
288075		Myrmeciza fortis	288071	species
288076	Stub-tailed antbird	Myrmeciza berlepschi	288071	species
288077		Phaenostictus	81887	genus
288078		Phaenostictus mcleannani	288077	species
288079		Rhegmatorhina	81887	genus
288080		Rhegmatorhina melanosticta	288079	species
288081		Gymnopithys	81887	genus
288082		Gymnopithys leucaspis	288081	species
288083		Microrhopias	81887	genus
288084		Microrhopias quixensis	288083	species
288085		Myrmorchilus	81887	genus
288086		Myrmorchilus strigilatus	288085	species
288087		Neoctantes	81887	genus
288088		Neoctantes niger	288087	species
288089		Dichrozona	81887	genus
288090		Dichrozona cincta	288089	species
288091		Hylophylax	81887	genus
288092		Hylophylax naevius	288091	species
288093		Myrmochanes	81887	genus
288094		Myrmochanes hemileucus	288093	species
288095		Hypocnemoides	81887	genus
288096		Hypocnemoides maculicauda	288095	species
288097		Sclateria	81887	genus
288098		Sclateria naevia	288097	species
288099		Schistocichla	81887	genus
288100	spot-winged antbird	Myrmelastes leucostigma	1941453	species
288101		Gymnocichla	81887	genus
288102		Gymnocichla nudiceps	288101	species
289186	Resplendent quetzal	Pharomachrus mocinno	57429	species
289187		Pharomachrus mocinno mocinno	289186	subspecies
289188		Pharomachrus mocinno costaricensis	289186	subspecies
289189	olivaceous bulbul	Hypsipetes borbonicus	36295	species
289190	Seychelles bulbul	Hypsipetes crassirostris	36295	species
289191	Comoro bulbul	Hypsipetes parvirostris	36295	species
289193		Hypsipetes parvirostris parvirostris	289191	subspecies
289196		Hypsipetes madagascariensis psaroides	125281	subspecies
289197		Hypsipetes madagascariensis rostratus	125281	subspecies
289198	Xavier's greenbul	Phyllastrephus xavieri	59967	species
289199	yellow-wattled bulbul	Pycnonotus urostictus	125282	species
289200	Mauritius bulbul	Hypsipetes olivaceus	36295	species
289485	Roseate tern	Sterna dougallii	70608	species
290047		Saxicola torquata axillaris	230656	subspecies
291284		Chasiempis	461250	genus
291285	elepaio	Chasiempis sandwichensis	291284	species
291292		Chasiempis sandwichensis ibidis	291285	subspecies
291969		Oroaetus	8955	genus
291970	black-and-chestnut eagle	Spizaetus isidori	214437	species
292130	red-chested buttonquail	Turnix pyrrhothorax	9247	species
292131		Turnix sylvaticus sylvaticus	9248	subspecies
292132		Turnix sylvaticus lepurana	9248	subspecies
292133	barred buttonquail	Turnix suscitator	9247	species
292210	black-hooded oriole	Oriolus xanthornus	98139	species
292819		Formicarius colma amazonicus	81884	subspecies
292820	scale-backed antbird	Willisornis poecilinotus	870536	species
292821		Willisornis poecilinotus griseiventris	292820	subspecies
292822		Microcerculus marginatus marginatus	241545	subspecies
292823		Isleria hauxwelli clarior	88177	subspecies
292825		Phlegopsis nigromaculata bowmani	255379	subspecies
292826	Santarem antbird	Rhegmatorhina gymnops	288079	species
292828		Selenidera gouldii gouldii	91783	subspecies
293864		Petroica australis australis	256038	subspecies
294175		Iduna pallida laeneni	1110376	subspecies
294176		Iduna pallida pallida	1110376	subspecies
294742	Cerulean warbler	Setophaga cerulea	182948	species
294743	Grace's warbler	Setophaga graciae	182948	species
296054		Oxyura jamaicensis jamaicensis	8884	subspecies
296055		Oxyura jamaicensis andina	8884	subspecies
296133	giant wood-rail	Aramides ypecaha	54569	species
296741	lance-tailed manakin	Chiroxiphia lanceolata	196026	species
297176		Mimodes	55417	genus
297177		Mimus graysoni	58200	species
297709	orange-bellied trogon	Trogon aurantiiventris	56310	species
297710	slaty-tailed trogon	Trogon massena	56310	species
297711	Suruca trogon	Trogon surrucura	56310	species
297712	scarlet-rumped trogon	Harpactes duvaucelii	57418	species
297714	cinnamon-rumped trogon	Harpactes orrhophaeus	57418	species
297715	Red-headed trogon	Harpactes erythrocephalus	57418	species
297716	Hisspaniolan trogon	Priotelus roseigaster	57431	species
297801		Anous	8910	genus
297802	Brown noddy	Anous stolidus	297801	species
297803	lesser noddy	Anous tenuirostris	297801	species
297805	whiskered tern	Chlidonias hybrida	279944	species
297806	White-winged tern	Chlidonias leucopterus	279944	species
297808		Gygis	8910	genus
297809	common white-tern	Gygis alba	297808	species
297810		Larosterna	8910	genus
297811	Inca tern	Larosterna inca	297810	species
297812		Phaetusa	8910	genus
297813	large-billed tern	Phaetusa simplex	297812	species
297814	Black-fronted tern	Chlidonias albostriatus	279944	species
297817	Elegant tern	Thalasseus elegans	555355	species
297819	Forster's tern	Sterna forsteri	70608	species
297823		Thalasseus sandvicensis sandvicensis	126723	subspecies
297824	white-fronted tern	Sterna striata	70608	species
297825	black-naped tern	Sterna sumatrana	70608	species
297827	snowy-crowned tern	Sterna trudeaui	70608	species
297828	Antarctic tern	Sterna vittata	70608	species
298326	Black noddy	Anous minutus	297801	species
298345	Japanese black-footed albatross	Phoebastria nihonus	521259	species
298831	Kirtland's warbler	Setophaga kirtlandii	182948	species
298978		Phylloscopus maculipennis maculipennis	56432	subspecies
298980		Phylloscopus pulcher pulcher	56434	subspecies
298981		Phylloscopus ruficapilla	9181	species
298982		Phylloscopus ruficapilla minullus	298981	subspecies
298983	brown woodland-warbler	Phylloscopus umbrovirens	9181	species
298984		Phylloscopus umbrovirens mackenzianus	298983	subspecies
298985		Seicercus affinis ocularis	274603	subspecies
298986		Seicercus affinis intermedius	274603	subspecies
298987		Phylloscopus castaniceps castaniceps	274630	subspecies
298988		Phylloscopus grammiceps grammiceps	274602	subspecies
298989		Phylloscopus valentini latouchei	274623	subspecies
298990		Phylloscopus montis	9181	species
298991		Phylloscopus montis montis	298990	subspecies
298992		Phylloscopus whistleri nemoralis	274622	subspecies
298993		Phylloscopus whistleri whistleri	274622	subspecies
298994	grey-cheeked warbler	Phylloscopus poliogenys	9181	species
298995		Phylloscopus valentini valentini	274623	subspecies
298996	gray-hooded warbler	Phylloscopus xanthoschistos	9181	species
298997		Phylloscopus xanthoschistos xanthoschistos	298996	subspecies
298998		Phylloscopus fuscatus fuscatus	56430	subspecies
298999	Ijima's leaf-warbler	Phylloscopus ijimae	9181	species
299123	Bengalese finch	Lonchura striata domestica	40157	subspecies
300940	Sichuan leaf-warbler	Phylloscopus forresti	9181	species
301542	Darwin's rhea	Pterocnemia darwinii	8794	species
301543	mistle thrush	Turdus viscivorus	9186	species
301601	little chachalaca	Ortalis motmot	8983	species
301602	white-bellied chachalaca	Ortalis leucogastra	8983	species
301603	chestnut-winged chachalaca	Ortalis garrula	8983	species
301604	rufous-vented chachalaca	Ortalis ruficauda	8983	species
301605		Ortalis pantanalensis	8983	species
301606		Pauxi pauxi gilliardi	125070	subspecies
301607	black guan	Chamaepetes unicolor	125059	species
301608		Pipile grayi	125072	species
301609	Andean guan	Penelope montagnii	8985	species
301610	band-tailed guan	Penelope argyrotis	8985	species
301701	West mexican chachalaca	Ortalis poliocephala	8983	species
301968		Picus viridis viridis	100825	subspecies
301969	Grey-faced woodpecker	Picus canus	100824	species
301970		Picus canus canus	301969	subspecies
301971		Picus canus jessoensis	301969	subspecies
301972		Dendrocopos leucotos subcirris	81522	subspecies
301973		Dendrocopos leucotos lilfordi	81522	subspecies
301974		Dendrocopos syriacus	51357	species
301975		Dendrocopos major pinetorum	137523	subspecies
301976		Dendrocopos major brevirostris	137523	subspecies
301977		Picoides tridactylus alpinus	165751	subspecies
301978		Nisaetus cirrhatus cirrhatus	252795	subspecies
301979		Nisaetus cirrhatus ceylanensis	252795	subspecies
301980		Nisaetus limnaeetus limnaeetus	2869454	subspecies
301981		Nisaetus cirrhatus andamanensis	252795	subspecies
301982		Nisaetus limnaeetus vanheurni	2869454	subspecies
301983		Nisaetus floris floris	2906790	subspecies
301984		Nisaetus pinskeri	433377	species
301985		Nisaetus lanceolatus	433377	species
301986	Iberian magpie	Cyanopica cooki	193058	species
301987		Pica pica bactriana	34924	subspecies
301988		Pica pica leucoptera	34924	subspecies
301989		Pica pica jankowskii	34924	subspecies
301990		Dendrocopos leucotos leucotos	81522	subspecies
301991		Blythipicus	9220	genus
301992	bay woodpecker	Blythipicus pyrrhotis	301991	species
301993		Sapheopipo	9220	genus
301995		Blythipicus pyrrhotis sinensis	301992	subspecies
302524	copper-rumped hummingbird	Amazilia tobaci	57391	species
302525	double-banded sandgrouse	Pterocles bicinctus	56296	species
302526		Syrrhaptes	56295	genus
302527	Pallas's sandgrouse	Syrrhaptes paradoxus	302526	species
302528	Eastern yellow-billed hornbill	Tockus flavirostris	81910	species
302529	yellow-tailed black-cockatoo	Zanda funerea	2818394	species
302530		Pluvianus	43314	genus
302531	crocodile bird	Pluvianus aegyptius	302530	species
302532	Andean lapwing	Vanellus resplendens	50403	species
302533	White-faced ibis	Plegadis chihi	33575	species
302534		Coturnicops	9119	genus
302535	Yellow rail	Coturnicops noveboracensis	302534	species
302536	dark-winged trumpeter	Psophia viridis	54358	species
303304	Blue-throated macaw	Ara glaucogularis	9225	species
303305		Pionus maximiliani	13213	species
303310		Motacilla alba leucopsis	45807	subspecies
303311		Motacilla alba personata	45807	subspecies
303312		Motacilla alba baicalensis	45807	subspecies
303313		Motacilla alba ocularis	45807	subspecies
303314		Motacilla alba ocularis x Motacilla lugens	45807	subspecies
303315		Motacilla alba alboides	45807	subspecies
303319		Pionus menstruus menstruus	13214	subspecies
303320		Pionus fuscus	13213	species
303321		Gypopsitta	9224	genus
303325		Triclaria	9224	genus
303326	Blue-bellied parrot	Triclaria malachitacea	303325	species
303327		Hapalopsittaca	9224	genus
303328		Hapalopsittaca amazonina	303327	species
303348	Bald parrot	Pyrilia aurantiocephala	2259671	species
303350	Saffron-headed parrot	Pyrilia pyrilia	2259671	species
303352		Gypopsitta coccinicollaris	303321	species
303353	Brown-hooded parrot	Pyrilia haematotis	2259671	species
303873	forest canary	Serinus scotops	9134	species
303874	thick-billed seedeater	Crithagra burtoni	1892169	species
303875		Serinus flavivertex	9134	species
304593		Adelomyia	9242	genus
304594	Speckled hummingbird	Adelomyia melanogenys	304593	species
304595		Aglaeactis castelnaudii	56647	species
304596		Aglaiocercus	9242	genus
304597		Aglaiocercus coelestis	304596	species
304600		Amazilia chionogaster	57391	species
304601		Anthracothorax mango	118179	species
304604		Campylopterus	9242	genus
304605		Campylopterus largipennis	304604	species
304606		Campylopterus villaviscensio	304604	species
304607		Chlorostilbon melanorhynchus	57407	species
304608		Chrysuronia	9242	genus
304609		Chrysuronia oenone	304608	species
304610	Violet-throated starfrontlet	Coeligena violifer	56649	species
304611	Brown inca	Coeligena wilsoni	56649	species
304612		Elvira	9242	genus
304613		Elvira cupreiceps	304612	species
304618		Ensifera	9242	genus
304621		Ensifera ensifera	304618	species
304638		Eutoxeres condamini	190685	species
304639		Florisuga	9242	genus
304640		Florisuga mellivora	304639	species
304641		Haplophaedia	9242	genus
304642		Haplophaedia aureliae	304641	species
304643		Heliactin	9242	genus
304644		Heliactin cornutus	304643	species
304645		Heliangelus amethysticollis	66416	species
304646		Heliodoxa	9242	genus
304647		Heliodoxa branickii	304646	species
304648		Heliodoxa jacula	304646	species
304649		Heliodoxa leadbeateri	304646	species
304650		Heliomaster longirostris	135171	species
304651		Klais	9242	genus
304652		Klais guimeti	304651	species
304653		Lepidopyga	9242	genus
304654		Lepidopyga coeruleogularis	304653	species
304655		Lesbia victoriae	56656	species
304656		Lophornis	9242	genus
304657		Lophornis delattrei	304656	species
304658		Myrtis	9242	genus
304659		Myrtis fanny	304658	species
304660		Ocreatus	9242	genus
304661		Ocreatus underwoodii	304660	species
304662		Oreotrochilus chimborazo	56662	species
304663		Oreotrochilus estella	56662	species
304664		Panterpe	9242	genus
304665		Panterpe insignis	304664	species
304666		Patagona	9242	genus
304667		Patagona gigas	304666	species
304668		Phaethornis guy	46512	species
304669		Phaethornis hispidus	46512	species
304670		Phaethornis koepckeae	46512	species
304671		Phaethornis malaris	46512	species
304672		Phaethornis ruber	46512	species
304673		Philodice	9242	genus
304675		Phlogophilus	9242	genus
304676		Phlogophilus hemileucurus	304675	species
304677		Polyplancta	9242	genus
304678		Polyplancta aurescens	304677	species
304681		Pterophanes	9242	genus
304682		Pterophanes cyanopterus	304681	species
304683		Schistes	9242	genus
304684		Schistes geoffroyi	304683	species
304685		Taphrospilus	9242	genus
304686		Taphrospilus hypostictus	304685	species
304687		Thalurania colombica	190701	species
304688		Threnetes leucurus	214670	species
304689		Topaza	9242	genus
304690	Crimson topaz	Topaza pella	304689	species
304691		Urosticte	9242	genus
304692	purple-bibbed whitetip	Urosticte benjamini	304691	species
304844		Eriocnemis luciani	56652	species
304845		Eugenes	9242	genus
304846	Magnificent hummingbird	Eugenes fulgens	304845	species
306268	Uluguru bushshrike	Malaconotus alius	107221	species
307064		Geositta antarctica	265633	species
307065		Geositta isabellina	265633	species
307066		Geositta maritima	265633	species
307067		Geositta peruviana	265633	species
307068		Geositta punensis	265633	species
307069		Geositta crassirostris	265633	species
307070		Geositta saxicolina	265633	species
307075		Aphrastura	9136	genus
307076		Aphrastura spinicauda	307075	species
307199		Dolospingus	400783	genus
307200	white-naped seedeater	Dolospingus fringilloides	307199	species
307441	Blyth's hawk-eagle	Nisaetus alboniger	433377	species
307632		Hieraaetus morphnoides morphnoides	252785	subspecies
307634		Aquila rapax vindhiana	252781	subspecies
307635		Spizaetus tyrannus serus	252798	subspecies
307637		Lophotriorchis kienerii kienerii	2677971	subspecies
307638		Lophotriorchis kienerii formosus	2677971	subspecies
307639		Ictinaetus	8955	genus
307640	black eagle	Ictinaetus malaiensis	307639	species
307641	New Zealand giant eagle	Harpagornis moorei	307642	species
307642		Harpagornis	8955	genus
308025		Corvus corax tingitanus	56781	subspecies
308026		Corvus corax corax	56781	subspecies
308060	Okarito brown kiwi	Apteryx rowi	8821	species
309536	Turkestan tit	Parus bokharensis	9154	species
309840		Rhynchopsitta	9224	genus
309841	thick-billed parrot	Rhynchopsitta pachyrhyncha	309840	species
309844	Pacific parrotlet	Forpus coelestis	69956	species
309851	grey-hooded parakeet	Psilopsiagon aymara	555337	species
309852	blue-naped parrot	Tanygnathus lucionensis	274072	species
309856	Moluccan hanging parrot	Loriculus amabilis	60470	species
309859	Port Lincoln ringneck	Barnardius zonarius	286723	species
309861		Cyanoliseus	9224	genus
309862	burrowing parakeet	Cyanoliseus patagonus	309861	species
309863	crimson-bellied parakeet	Pyrrhura rhodogaster	51909	species
309865		Pionites	9224	genus
309866	black-headed parrot	Pionites melanocephalus	309865	species
309869		Alisterus	9224	genus
309870	Moluccan king-parrot	Alisterus amboinensis	309869	species
309872		Prioniturus	9224	genus
309873	golden-mantled racquet-tail	Prioniturus platurus	309872	species
309877		Neopsephotus	9224	genus
309878	Bourke's parrot	Neopsephotus bourkii	309877	species
310060		Phylloscopus ogilviegranti	9181	species
311344	long-tailed thrush	Zoothera dixoni	36287	species
311345	Sunda thrush	Zoothera andromedae	36287	species
311346	New Britain thrush	Zoothera talaseae	36287	species
311347	russet-tailed thrush	Zoothera heinei	36287	species
311348	dark-sided thrush	Zoothera marginata	36287	species
311350	orange ground-thrush	Geokichla gurneyi	1743269	species
311351	Abyssinian ground-thrush	Zoothera piaggiae	36287	species
311354	great thrush	Turdus fuscater	9186	species
311356	rufous-bellied thrush	Turdus rufiventris	9186	species
311358	Aztec thrush	Ridgwayia pinicola	2823196	species
311359		Cochoa	36291	genus
311360	green cochoa	Cochoa viridis	311359	species
311361		Chlamydochaera	9164	genus
311362		Chlamydochaera jefferyi	311361	species
311363	black solitaire	Entomodestes coracinus	127917	species
311364		Neocichla	9170	genus
311366	babbling starling	Neocichla gutturalis	311364	species
311367		Nesocichla	36291	genus
311368	Tristan thrush	Nesocichla eremita	311367	species
311369	Mountain bluebird	Sialia currucoides	172412	species
311370		Neocossyphus fraseri	127933	species
311371		Psophocichla	36291	genus
311372	groundscraper thrush	Psophocichla litsitsirupa	311371	species
311392		Tetrao urogallus cantabricus	100830	subspecies
311393		Tetrao urogallus aquitanicus	100830	subspecies
311401	northern spotted owl	Strix occidentalis caurina	201991	subspecies
311882		Pyrrhura peruviana	51909	species
311883	Red-crowned parakeet	Pyrrhura roseifrons	51909	species
311884		Pyrrhura snethlageae	51909	species
311886	Azuero parakeet	Pyrrhura eisenmanni	51909	species
311887	Santarem parakeet	Pyrrhura amazonum	51909	species
311888		Pyrrhura pfrimeri	51909	species
311889	Emma's parakeet	Pyrrhura emma	51909	species
311890	Gray-breasted parakeet	Pyrrhura griseipectus	51909	species
311891	Maroon-faced parakeet	Pyrrhura leucotis	51909	species
311892		Pyrrhura orcesi	51909	species
311893		Pyrrhura rhodocephala	51909	species
311894	white-necked parakeet	Pyrrhura albipectus	51909	species
311895	Green-cheeked parakeet	Pyrrhura molinae	51909	species
311896	Pearly parakeet	Pyrrhura lepida	51909	species
311897		Pyrrhura perlata	51909	species
311898	Maroon-tailed parakeet	Pyrrhura melanura	51909	species
311899	Sulphur-winged parakeet	Pyrrhura hoffmanni	51909	species
311900	black-capped parakeet	Pyrrhura rupicola	51909	species
311901	Blue-throated parakeet	Pyrrhura cruentata	51909	species
312068	Black-throated bushtit	Aegithalos concinnus	73326	species
312109		Scytalopus bolivianus	9168	species
312110		Scytalopus aff. bolivianus	9168	species
312111	Northern white-crowned tapaculo	Scytalopus atratus	9168	species
312112		Scytalopus atratus confusus	312111	subspecies
312113	long-tailed tapaculo	Scytalopus micropterus	9168	species
312114		Scytalopus argentifrons	9168	species
312115	Matorral tapaculo	Scytalopus griseicollis	9168	species
312116		Scytalopus canus	9168	species
312117		Scytalopus canus opacus	312116	subspecies
312118		Scytalopus affinis	9168	species
312119		Scytalopus zimmeri	9168	species
312120		Scytalopus fuscus	9168	species
312121	blackish tapaculo	Scytalopus latrans	9168	species
312122		Scytalopus latrans subcinereus	312121	subspecies
312123		Scytalopus aff. latrans	9168	species
312124		Scytalopus superciliaris	9168	species
312125		Scytalopus stilesi	9168	species
312126		Scytalopus sp. ICN 31209	2637580	species
312128		Scytalopus sp. ICN 34841	2637580	species
313444	Thekla lark	Galerida theklae	215305	species
313445		Galerida cristata randonii	215306	subspecies
314228	slender-billed black-cockatoo	Zanda latirostris	2818394	species
314500		Dinornis robustus	8817	species
315356		Rhipidura albiscapa	107227	species
315360	green-backed woodpecker	Campethera cailliautii	265617	species
315361		Celeus	9220	genus
315362	Chestnut woodpecker	Celeus elegans	315361	species
315363	Cream-colored woodpecker	Celeus flavus	315361	species
315364		Chrysocolaptes	9220	genus
315365	greater flameback	Chrysocolaptes lucidus	315364	species
315366	banded woodpecker	Chrysophlegma miniaceum	1517838	species
315367	crimson-crested woodpecker	Campephilus melanoleucos	56084	species
315368		Geocolaptes	9220	genus
315369	ground woodpecker	Geocolaptes olivaceus	315368	species
315370		Sasia	9220	genus
315371	rufous piculet	Sasia abnormis	315370	species
315372		Meiglyptes	9220	genus
315373	buff-necked woodpecker	Meiglyptes tukki	315372	species
315374		Mulleripicus	9220	genus
315375	sooty woodpecker	Mulleripicus funebris	315374	species
315379	golden-green woodpecker	Piculus chrysochloros	51360	species
315380	yellow-throated woodpecker	Piculus flavigula	51360	species
315381	Rufous-winged woodpecker	Piculus leucolaemus	51360	species
315382	red-stained woodpecker	Veniliornis affinis	56075	species
315383	golden-collared woodpecker	Veniliornis cassini	56075	species
315384	Choco woodpecker	Veniliornis chocoensis	56075	species
315385	yellow-vented woodpecker	Veniliornis dignus	56075	species
315386	dot-fronted woodpecker	Veniliornis frontalis	56075	species
315387	Smoky-brown woodpecker	Leuconotopicus fumigatus	2821868	species
315388	red-rumped woodpecker	Veniliornis kirkii	56075	species
315389	little woodpecker	Veniliornis passerinus	56075	species
315390	white-spotted woodpecker	Veniliornis spilogaster	56075	species
315430	purple-bellied lory	Lorius hypoinochrous	13113	species
315534	African bush-warbler	Bradypterus baboecala	203786	species
315536	African srub-warbler	Bradypterus barratti	203786	species
315538	Victorin's scrub-warbler	Bradypterus victorini	203786	species
315539		Achaetops	330750	genus
315540	Damara rock-jumper	Achaetops pycnopygius	315539	species
315541	Gosling's apalis	Apalis goslingi	208066	species
315542	green-backed Camaroptera	Camaroptera brachyura	98120	species
315543		Euryptila	81890	genus
315544	kopje warbler	Euryptila subcinnamomea	315543	species
315545		Namibornis	36291	genus
315546	Herero chat	Namibornis herero	315545	species
315548		Schoenicola	2116660	genus
315549	fan-tailed grassbird	Schoenicola brevirostris	315548	species
315550		Sphenoeacus	330750	genus
315551	Cape grass-warbler	Sphenoeacus afer	315550	species
315552		Stenostira	528170	genus
315553		Stenostira scita	315552	species
316101		Tephrodornis	461254	genus
316102		Tephrodornis virgatus	316101	species
316103		Philentoma	461254	genus
316104	rufous-winged Philentoma	Philentoma pyrhoptera	316103	species
316105	maroon-breasted Philentoma	Philentoma velata	316103	species
317106		Phedina	43148	genus
317107		Phedina borbonica	317106	species
317108		Haplochelidon	43148	genus
317109		Haplochelidon andecola	317108	species
317110		Alopochelidon	43148	genus
317111		Alopochelidon fucata	317110	species
317114		Cheramoeca	43148	genus
317115		Cheramoeca leucosternus	317114	species
317116		Pseudochelidon	43148	genus
317117		Pseudochelidon eurystomina	317116	species
317118	brown-chested martin	Progne tapera	72874	species
317119		Progne cryptoleuca	72874	species
317120		Progne dominicensis	72874	species
317121		Progne modesta	72874	species
317123		Notiochelidon murina	88117	species
317124		Atticora melanoleuca	72868	species
317125		Riparia paludicola	72879	species
317126		Notiochelidon pileata	88117	species
317129		Hirundo aethiopica	43149	species
317130		Hirundo angolensis	43149	species
317131		Hirundo tahitica	43149	species
317132		Hirundo neoxena	43149	species
317133		Hirundo albigularis	43149	species
317134		Hirundo atrocaerulea	43149	species
317135		Hirundo smithii	43149	species
317137		Hirundo dimidiata	43149	species
317139		Petrochelidon preussi	72883	species
317141		Petrochelidon spilodera	72883	species
317143		Petrochelidon nigricans	72883	species
317145		Delichon dasypus	88115	species
317146		Progne sinaloae	72874	species
317148		Notiochelidon flavipes	88117	species
317150		Phedina brazzae	317106	species
317151		Ptyonoprogne rupestris	72889	species
317152		Ptyonoprogne concolor	72889	species
317153		Hirundo lucida	43149	species
317154		Hirundo nigrita	43149	species
317155		Hirundo leucosoma	43149	species
317156		Cecropis cucullata	69504	species
317157		Cecropis abyssinica	69504	species
317158		Cecropis daurica	69504	species
317159		Cecropis domicella	69504	species
317160		Cecropis striolata	69504	species
317162		Petrochelidon rufigula	72883	species
317164		Petrochelidon fluvicola	72883	species
317166		Delichon nipalensis	88115	species
317167	square-tailed saw-wing	Psalidoprocne nitens	72881	species
317168	mountain saw-wing	Psalidoprocne fuliginosa	72881	species
317169	white-headed saw-wing	Psalidoprocne albiceps	72881	species
317170	Eastern saw-wing	Psalidoprocne orientalis	72881	species
317171	Fanti saw-wing	Psalidoprocne obscura	72881	species
317173		Cecropis daurica rufula	317158	subspecies
317174	blue saw-wing	Psalidoprocne pristoptera	72881	species
317177		Pseudochelidon sirintarae	317116	species
317791	Australian pelican	Pelecanus conspicillatus	33617	species
317792	African darter	Anhinga rufa	9212	species
320449		Picoides tridactylus tridactylus	165751	subspecies
320569		Enicurus schistaceus	248149	species
320571		Enicurus maculatus	248149	species
320572	White-crowned forktail	Enicurus leschenaulti	248149	species
320701	sooty gull	Ichthyaetus hemprichii	1288289	species
320702	Common sandpiper	Actitis hypoleucos	190658	species
321056		Falco longipennis	8952	species
321058		Phalcoboenus megalopterus	56344	species
321062		Elanus	8955	genus
321063	White-tailed kite	Elanus leucurus	321062	species
321072		Polyboroides typus	8972	species
321073		Gypohierax	8955	genus
321074		Gypohierax angolensis	321073	species
321075		Eutriorchis	8955	genus
321076		Eutriorchis astur	321075	species
321077		Chondrohierax	8955	genus
321078	Hook-billed kite	Chondrohierax uncinatus	321077	species
321079		Leptodon	8955	genus
321080		Leptodon cayanensis	321079	species
321081		Spilornis elgini	208450	species
321082		Spilornis holospilus	208450	species
321083		Spilornis rufipectus	208450	species
321084	black-chested snake-eagle	Circaetus pectoralis	43464	species
321085		Circaetus cinereus	43464	species
321086		Circaetus fasciolatus	43464	species
321087		Circaetus cinerascens	43464	species
321088		Pithecophaga	8955	genus
321089		Pithecophaga jefferyi	321088	species
321090		Aquila gurneyi	8960	species
321091	Common black-hawk	Buteogallus anthracinus	223495	species
321092		Leucopternis	8955	genus
321093	white hawk	Pseudastur albicollis	2869513	species
321094		Leucopternis kuhli	321092	species
321095		Leucopternis melanops	321092	species
321096	African marsh-harrier	Circus ranivorus	8963	species
321097		Hamirostra	8955	genus
321098		Hamirostra melanosternon	321097	species
321099		Ictinia	8955	genus
321100		Ictinia plumbea	321099	species
321101		Lophoictinia	8955	genus
321102		Lophoictinia isura	321101	species
321103		Terathopius	8955	genus
321104		Terathopius ecaudatus	321103	species
321105		Dryotriorchis	8955	genus
321106		Circaetus spectabilis	43464	species
321107		Harpyopsis	8955	genus
321108		Harpyopsis novaeguineae	321107	species
321109		Nisaetus nanus	433377	species
321110		Lophaetus	8955	genus
321111	long-crested eagle	Lophaetus occipitalis	321110	species
321113		Aquila africana	8960	species
321114		Melierax	8955	genus
321116		Accipiter bicolor	8956	species
321117		Haliastur sphenurus	8970	species
321119		Haliaeetus humilis	8968	species
321120		Haliaeetus ichthyaetus	8968	species
321127		Geranospiza	8955	genus
321128		Geranospiza caerulescens	321127	species
321133		Harpyhaliaetus	8955	genus
321134		Harpyhaliaetus coronatus	321133	species
321136		Harpyhaliaetus solitarius	321133	species
321264		Thamnophilus aethiops	81888	species
321397		Lepidothrix	114313	genus
321398	blue-crowned manakin	Lepidothrix coronata	321397	species
321399	opal-crowned manakin	Lepidothrix iris	321397	species
321400	White-fronted manakin	Lepidothrix serena	321397	species
321402		Lepidothrix coeruleocapilla	321397	species
321685		Thalasseus sandvicensis acuflavidus	126723	subspecies
321760		Thamnophilus caerulescens paraguayensis	137540	subspecies
321761		Thamnophilus caerulescens aspersiventer	137540	subspecies
321968		Spilornis cheela burmanicus	208451	subspecies
321970		Clanga hastata	2675519	species
321971		Ictinaetus malaiensis malaiensis	307640	subspecies
321972		Aquila fasciata fasciata	252784	subspecies
321974		Haliastur indus girenera	8971	subspecies
322010	Madeira firecrest	Regulus madeirensis	13244	species
322142		Phylloscopus amoenus	9181	species
322143		Phylloscopus borealoides	9181	species
322144	Eastern Bonelli's warbler	Phylloscopus orientalis	9181	species
322573		Capito aurovirens	91764	species
322574		Capito wallacei	91764	species
322575		Capito squamatus	91764	species
322576		Capito quinticolor	91764	species
322577		Capito maculicoronatus	91764	species
322578		Capito auratus	91764	species
322579		Ramphastos ambiguus	91780	species
322580		Ramphastos dicolorus	91780	species
322581		Ramphastos brevis	91780	species
322582		Ramphastos sulfuratus	91780	species
322584		Tringa stagnatilis	161681	species
322690		Capito maculicoronatus maculicoronatus	322577	subspecies
322691		Capito maculicoronatus rubrilateralis	322577	subspecies
322692		Capito auratus auratus	322578	subspecies
322693		Capito auratus amazonicus	322578	subspecies
322694		Capito auratus orosae	322578	subspecies
322695		Capito auratus insperatus	322578	subspecies
322696		Capito auratus punctatus	322578	subspecies
322697		Capito auratus aurantiicinctus	322578	subspecies
322698		Capito auratus transilens	322578	subspecies
322700		Ramphastos vitellinus vitellinus	91793	subspecies
322701		Ramphastos sulfuratus sulfuratus	322582	subspecies
322702		Ramphastos sulfuratus brevicarinatus	322582	subspecies
322704		Ramphastos tucanus tucanus	125240	subspecies
322705		Ramphastos toco albogularis	95723	subspecies
324159		Phylloscopus bonelli x Phylloscopus sibilatrix	9181	species
324748		Percnostola	81887	genus
324749		Percnostola leucostigma	324748	species
324750		Percnostola leucostigma leucostigma	324749	subspecies
324751		Myrmelastes saturatus	1941453	species
324752		Myrmelastes saturatus saturatus	324751	subspecies
325320	Moluccan dwarf-kingfisher	Ceyx lepidus	57403	species
325322		Ceyx cyanopectus cyanopectus	390723	subspecies
325323		Ceyx cyanopectus nigrirostris	390723	subspecies
325325		Ceyx rufidorsa rufidorsa	390731	subspecies
325326		Ceyx melanurus	57403	species
325327		Ceyx melanurus samarensis	325326	subspecies
325328		Ceyx melanurus mindanensis	325326	subspecies
325329		Ceyx melanurus melanurus	325326	subspecies
325331		Halcyon badia	170865	species
325332		Halcyon leucocephala	170865	species
325333		Halcyon winchelli	170865	species
325335		Ceryle rudis	176939	species
325336		Alcedo vintsioides	36244	species
325338		Alcedo quadribrachys	36244	species
325340		Merops bulocki	57420	species
325341		Merops pusillus	57420	species
325342	Abyssinian roller	Coracias abyssinicus	56291	species
325343		Eurystomus gularis	188339	species
325346		Todiramphus	8937	genus
325347	Collared kingfisher	Todiramphus chloris	325346	species
326917		Aerodramus papuensis	46474	species
326918		Xiphorhynchus fuscus	75968	species
326930		Xiphorhynchus fuscus fuscus	326918	subspecies
327257		Bradypterus transvaalensis	203786	species
327258		Bradypterus tongensis	203786	species
327259		Bradypterus lopezi	203786	species
327260		Bradypterus sylvaticus	203786	species
327261		Bradypterus carpalis	203786	species
327497		Pavo muticus imperator	9050	subspecies
328016		Rhodostethia	8910	genus
328017	Ross's gull	Rhodostethia rosea	328016	species
328018		Leucophaeus	8910	genus
328019	Dolphin gull	Leucophaeus scoresbii	328018	species
328040		Larus pacificus	8911	species
328041		Larus belcheri	8911	species
328042		Larus atlanticus	8911	species
328043	white-eyed gull	Ichthyaetus leucophthalmus	1288289	species
328046	relict gull	Ichthyaetus relictus	1288289	species
328047	Lava gull	Leucophaeus fuliginosus	328018	species
328438		Myioborus castaneocapillus	182937	species
328439		Myioborus melanocephalus	182937	species
328440		Myioborus ornatus	182937	species
328441		Myioborus cardonai	182937	species
328442		Myioborus flavivertex	182937	species
328443		Myioborus pariae	182937	species
328444		Myioborus torquatus	182937	species
328612		Megalapteryx benhami	8812	species
328808	ringneck dove	Streptopelia risoria	36242	species
328815	golden-collared manakin	Manacus vitellinus	196036	species
328946		Calidris temminckii	8918	species
329120		Milvus migrans govinda	52810	subspecies
329121		Milvus lineatus	43517	species
329122		Milvus migrans affinis	52810	subspecies
329123		Milvus migrans parasitus	52810	subspecies
329124		Milvus milvus milvus	43518	subspecies
329125		Milvus fasciicauda	43517	species
329484		Cranioleuca sulphurifera	85406	species
329485		Furnarius leucopus	81885	species
329486		Limnornis	9136	genus
329487		Limnornis curvirostris	329486	species
329488		Phleocryptes	9136	genus
329489		Phleocryptes melanops	329488	species
329491		Schizoeaca	9136	genus
329492		Schizoeaca harterti	329491	species
329493		Oreophylax	9136	genus
329494		Oreophylax moreirae	329493	species
329495		Schoeniophylax	9136	genus
329496		Schoeniophylax phryganophilus	329495	species
329497		Synallaxis scutata	88180	species
329500		Certhiaxis	9136	genus
329501		Certhiaxis cinnamomeus	329500	species
329502		Asthenes urubambensis	9137	species
329503		Premnornis	9136	genus
329504	rusty-winged barbtail	Premnornis guttuliger	329503	species
329505		Premnoplex	9136	genus
329506		Premnoplex brunnescens	329505	species
329507		Pseudocolaptes	9136	genus
329508		Pseudocolaptes boissonneautii	329507	species
329509		Anabacerthia	9136	genus
329510		Anabacerthia striaticollis	329509	species
329511		Syndactyla	9136	genus
329512		Syndactyla rufosuperciliata	329511	species
329513		Hylocryptus	9136	genus
329514		Hylocryptus erythrocephalus	329513	species
329515		Heliobletus	9136	genus
329516		Heliobletus contaminatus	329515	species
329517		Megaxenops	9136	genus
329518		Megaxenops parnaguae	329517	species
329519		Xenerpestes	9136	genus
329520		Xenerpestes singularis	329519	species
329521		Metopothrix	9136	genus
329522		Metopothrix aurantiaca	329521	species
329638		Lanius meridionalis aucheri	219215	subspecies
329931		Thalassarche steadi	329933	species
329933		Thalassarche	37067	genus
330140		Campylorhynchus albobrunneus	69502	species
330141		Campylorhynchus chiapensis	69502	species
330142		Campylorhynchus gularis	69502	species
330143		Campylorhynchus jocosus	69502	species
330144		Campylorhynchus rufinucha capistratus	257483	subspecies
330145		Campylorhynchus rufinucha humilis	257483	subspecies
330146		Campylorhynchus turdinus	69502	species
330147		Campylorhynchus turdinus unicolor	330146	subspecies
330148		Campylorhynchus turdinus hypostictus	330146	subspecies
330149	Yucatan wren	Campylorhynchus yucatanicus	69502	species
330150		Campylorhynchus zonatus zonatus	257485	subspecies
330151		Campylorhynchus zonatus brevirostris	257485	subspecies
330152		Campylorhynchus zonatus vulcanius	257485	subspecies
330481	Seychelles white-eye	Zosterops modestus	36298	species
330682	masked flowerpiercer	Diglossa cyanea	62192	species
330741		Graminicola	330743	genus
330742		Graminicola bengalensis	330741	species
330743		Megalurinae	36270	subfamily
330744		Rhopophilus	81890	genus
330745		Rhopophilus pekinensis	330744	species
330746		Prinia crinigera	81891	species
330747		Prinia familiaris	81891	species
330748		Orthotomus atrogularis	546339	species
330749		Phyllergates cucullatus	2697549	species
330750		Acrocephalinae	36270	subfamily
330752		Bathmocercus	81890	genus
330753		Bathmocercus cerviniventris	330752	species
330754		Spiloptila	81890	genus
330755		Spiloptila clamans	330754	species
330756		Apalis thoracica	208066	species
330757		Heliolais	81890	genus
330758	red-winged warbler	Prinia erythroptera	81891	species
330759		Melocichla	330750	genus
330760		Melocichla mentalis	330759	species
330761	Red-faced crombec	Sylvietta whytii	208068	species
330763		Tesia	330750	genus
330764		Tesia olivea	330763	species
330767		Tickellia	330750	genus
330768		Tickellia hodgsoni	330767	species
330770		Abroscopus	330750	genus
330771		Abroscopus superciliaris	330770	species
330772		Macrosphenus kretschmeri	237425	species
331003		Bradypterus baboecala tongensis/transvaalensis	315534	subspecies
331004		Megalurus palustris toklao	237427	subspecies
331005		Acrocephalus arundinaceus zarudnyi	39621	subspecies
331006		Pellorneum tickelli fulvum	201360	subspecies
331007		Garrulax chinensis chinensis	238863	subspecies
331008		Curruca melanocephala melanocephala	121426	subspecies
331009		Rhopophilus pekinensis albosuperciliaris	330745	subspecies
331010		Prinia crinigera catharia	330746	subspecies
331011		Orthotomus sutorius inexpectatus	98142	subspecies
331012		Orthotomus atrogularis nitidus	330748	subspecies
331013		Cisticola juncidis juncidis	52622	subspecies
331014		Apalis flavida caniceps	208067	subspecies
331015		Camaroptera brachyura pileata	315542	subspecies
331016		Prinia erythroptera erythroptera	330758	subspecies
331017		Melocichla mentalis mentalis	330760	subspecies
331018		Sylvietta whytii whytii	330761	subspecies
331019		Phylloscopus chloronotus simlaensis	235326	subspecies
331020		Pycnonotus jocosus pattani	182897	subspecies
331021		Alophoixus pallidus annamensis/khmerensis	182879	subspecies
331022		Eurillas latirostris latirostris	59950	subspecies
331023		Cettia cetti albiventris	68486	subspecies
331024		Horornis canturians	1592217	species
331025		Phyllergates cucullatus cucullatus	330749	subspecies
331026		Abroscopus superciliaris superciliaris	330771	subspecies
331027		Delichon urbicum urbicum	88116	subspecies
331028		Leptopoecile sophiae obscura	73332	subspecies
331029		Aegithalos concinnus iredalei	312068	subspecies
331030		Mirafra javanica williamsoni	215312	subspecies
331031		Turdus philomelos philomelos	127946	subspecies
331032		Macrosphenus kretschmeri kretschmeri	330772	subspecies
332270		Certhia familiaris familiaris	73333	subspecies
332271		Batis mixta mixta	254444	subspecies
333672		Stachyris nigriceps yunnanensis	181630	subspecies
333673		Hirundo rustica rustica	43150	subspecies
333674		Iduna natalensis natalensis	98115	subspecies
334822		Hirundo rustica erythrogaster	43150	subspecies
335090		Spilornis perplexus	208450	species
335091		Aquila chrysaetos japonica	8962	subspecies
335092		Nisaetus nipalensis orientalis	214438	subspecies
335093		Accipiter gentilis fujiyamae	8957	subspecies
335094		Haliaeetus albicilla albicilla	8969	subspecies
335095		Haliaeetus pelagicus pelagicus	52647	subspecies
335097		Falco peregrinus japonensis	8954	subspecies
335098		Falco columbarius insignis	8953	subspecies
335104		Caprimulgus europaeus unwini	111811	subspecies
335105		Caprimulgus fraenatus	48284	species
335106	Spot-tailed nightjar	Hydropsalis maculicaudus	335116	species
335107		Caprimulgus inornatus	48284	species
335108	white-winged nightjar	Eleothreptus candicans	335114	species
335109		Caprimulgus climacurus	48284	species
335111		Caprimulgus europaeus plumipes	111811	subspecies
335112		Macrodipteryx	48286	genus
335113		Macrodipteryx longipennis	335112	species
335114		Eleothreptus	48286	genus
335115	Sickle-winged nightjar	Eleothreptus anomalus	335114	species
335116		Hydropsalis	48286	genus
335117		Hydropsalis brasiliana	335116	species
335206		Butastur	8955	genus
335207	Grey-faced buzzard	Butastur indicus	335206	species
335482		Eudocimus	33574	genus
335483		Eudocimus ruber	335482	species
335546		Artamus personatus	175023	species
335547		Artamus superciliosus	175023	species
335548		Artamus cinereus	175023	species
335549		Artamus minor	175023	species
335809		Hylonympha	9242	genus
335810		Hylonympha macrocerca	335809	species
335985	Singing honeyeater	Gavicalis virescens	1921816	species
336386		Purpureicephalus	9224	genus
336387	red-capped parrot	Purpureicephalus spurius	336386	species
336860		Cettia haddeni	36271	species
337035		Hymenolaimus	2068719	genus
337036		Hymenolaimus malacorhynchos	337035	species
337173		Sinosuthora webbiana	2485303	species
337178		Lanius cristatus	28712	species
337179		Emberiza fucata	30424	species
337444	Japanese wood-pigeon	Columba janthina	8931	species
337445		Treron formosae	115701	species
338141		Xenoperdix	466544	genus
338142		Xenoperdix udzungwensis	338141	species
338144		Arborophila javanica	9104	species
338145		Turdus olivaceofuscus	9186	species
338146		Turdus pelios	9186	species
338147		Turdus bewsheri	9186	species
338148		Turdus helleri	9186	species
338149		Turdus roehli	9186	species
338443		Arses	461250	genus
338444		Arses telescopthalmus	338443	species
338445		Neolalage	461250	genus
338446		Neolalage banksiana	338445	species
338447	shining flycatcher	Myiagra alecto	107223	species
338448		Clytorhynchus	461250	genus
338449		Clytorhynchus hamlini	338448	species
338450		Clytorhynchus pachycephaloides	338448	species
338451		Mayrornis	461250	genus
338452		Mayrornis lessoni	338451	species
338453		Metabolus	461250	genus
338454		Metabolus rugensis	338453	species
338455		Monarcha frater	175125	species
338456		Monarcha melanopsis	175125	species
338457	spot-winged monarch	Symposiachrus guttula	1576457	species
338458	Makira monarch	Monarcha castaneiventris	175125	species
338461	black-and-white monarch	Symposiachrus barbatus	1576457	species
338463		Monarcha cinerascens	175125	species
338464		Monarcha godefroyi	175125	species
338465		Monarcha takatsukasae	175125	species
338466		Symposiachrus manadensis	1576457	species
338469	black-bibbed monarch	Symposiachrus mundus	1576457	species
338470		Monarcha rubiensis	175125	species
338472	white-eared monarch	Carterornis leucotis	1576518	species
338558		Machaerirhynchus	175027	genus
338559		Machaerirhynchus flaviventer	338558	species
340025		Staphida castaniceps	2823204	species
340026		Yuhina bakeri	98155	species
340048		Strix aluco aluco	111821	subspecies
340436		Calyptophilus	400783	genus
340437	Eastern chat-tanager	Calyptophilus frugivorus	340436	species
340960		Strix aluco sylvatica	111821	subspecies
340961		Strix aluco mauritanica	111821	subspecies
340962		Strix aluco yamadae	111821	subspecies
340963		Strix aluco nivicola	111821	subspecies
340964		Strix uralensis liturata	36305	subspecies
341234		Buteo swainsoni x Buteo lagopus	30396	species
341451		Gyps indicus	8965	species
341457	Brown-headed nuthatch	Sitta pusilla	50248	species
342357		Ceyx madagascariensis	57403	species
342359	dwarf kingfisher	Ispidina lecontei	2577022	species
342360		Chloroceryle inda	57405	species
342361		Chloroceryle amazona	57405	species
342362		Lacedo	8937	genus
342363	Banded kingfisher	Lacedo pulchella	342362	species
342364		Pelargopsis	8937	genus
342365	Stork-billed kingfisher	Pelargopsis capensis	342364	species
342374		Actenoides	8937	genus
342375	Rufous-collared kingfisher	Actenoides concretus	342374	species
342376	spotted kingfisher	Actenoides lindsayi	342374	species
342377		Halcyon ruficollaris	170865	species
342378		Halcyon tuta	170865	species
342380	Sacred kingfisher	Todiramphus sanctus	325346	species
342381		Halcyon senegalensis	170865	species
342382		Cittura	8937	genus
342383		Cittura cyanotis	342382	species
342384		Syma	8937	genus
342385	Yellow-billed kingfisher	Syma torotoro	342384	species
342386		Tanysiptera	8937	genus
342387	Common paradise-kingfisher	Tanysiptera galatea	342386	species
342388	rufous-bellied kookaburra	Dacelo gaudichaud	8938	species
342390	blue-winged kookaburra	Dacelo leachii	8938	species
342391		Melidora	8937	genus
342392		Melidora macrorrhina	342391	species
342393		Clytoceyx	8937	genus
342394		Clytoceyx rex	342393	species
342565		Stipiturus malachurus	266392	species
342690	Australasian grebe	Tachybaptus novaehollandiae	100827	species
342691		Tachybaptus rufolavatus	100827	species
342692		Tachybaptus pelzelnii	100827	species
342693	Least grebe	Tachybaptus dominicus	100827	species
343929	Oriental magpie-robin	Copsychus saularis	125862	species
343930	white-tailed crested-flycatcher	Elminia albonotata	81908	species
343931		Hyliota	2696573	genus
343932		Hyliota flavigaster	343931	species
343934		Melaenornis silens	245055	species
343935	Northern crombec	Sylvietta brachyura	208068	species
343936		Modulatrix orostruthus	254558	species
344064		Poephila acuticauda hecki	259256	subspecies
344065		Poephila acuticauda acuticauda	259256	subspecies
344225		Corvus macrorhynchos japonensis	36249	subspecies
344226	South Asian carrion crow	Corvus corone orientalis	30422	subspecies
344227		Anthus hodgsoni hodgsoni	36258	subspecies
344228	Japanese skylark	Alauda japonica	88111	species
344229		Certhia familiaris daurica	73333	subspecies
344230		Oceanodroma furcata furcata	79631	subspecies
344231		Ardea cinerea jouyi	30390	subspecies
344232		Accipiter nisus nisosimilis	211598	subspecies
344233		Falco subbuteo	8952	species
344234		Falco subbuteo subbuteo	344233	subspecies
344963		Certhia himalayana	73329	species
344964		Certhia nipalensis	73329	species
344965		Certhia tianquanensis	73329	species
344966		Certhia discolor	73329	species
344967		Certhia manipurensis	73329	species
344969		Certhia hodgsoni	73329	species
345155	lanner falcon	Falco biarmicus	8952	species
345156		Falco biarmicus tanypterus	345155	subspecies
345158		Falco biarmicus biarmicus	345155	subspecies
345160		Falco biarmicus abyssinicus	345155	subspecies
345161		Falco biarmicus feldeggii	345155	subspecies
345162		Falco biarmicus erlangeri	345155	subspecies
345163		Falco jugger	8952	species
345164	Saker falcon	Falco cherrug	8952	species
345165		Falco cherrug cherrug	345164	subspecies
345166		Falco cherrug milvipes	345164	subspecies
345186		Pionites leucogaster	309865	species
345187		Forpus xanthopterygius	69956	species
345188		Forpus crassirostris	69956	species
345189		Enicognathus	9224	genus
345190	slender-billed parakeet	Enicognathus leptorhynchus	345189	species
345193		Brotogeris chiriri	176017	species
345194		Alectoris chukar x Alectoris rufa	9077	species
345251	Snares penguin	Eudyptes robustus	9235	species
345258	White-flippered penguin	Eudyptula albosignata	37082	species
345573	Great crested grebe	Podiceps cristatus	37049	species
345728	White-browed piculet	Sasia ochracea	315370	species
345729		Picumnus temminckii	56080	species
345730		Picumnus rufiventris	56080	species
345731		Picumnus innominatus	56080	species
345732		Picumnus innominatus chinensis	345731	subspecies
345733		Picumnus innominatus malayorum	345731	subspecies
345734	African piculet	Sasia africana	315370	species
345736		Campethera caroli	265617	species
345744		Cryptoleucopteryx plumbea	2869516	species
345745	slate-colored hawk	Buteogallus schistaceus	223495	species
345746		Morphnarchus princeps	2869453	species
345747		Leucopternis lacernulatus	321092	species
345748		Leucopternis semiplumbeus	321092	species
345749	grey-backed hawk	Pseudastur occidentalis	2869513	species
345750		Pseudastur polionotus	2869513	species
345751		Pseudastur albicollis costaricensis	321093	subspecies
345752		Pseudastur albicollis ghiesbreghti	321093	subspecies
347496		Lampornis sybillae	190691	species
347497		Lampornis calolaemus	190691	species
347498	Amethyst-throated hummingbird	Lampornis amethystinus	190691	species
347499		Lampornis hemileucus	190691	species
347500		Lampornis cinereicauda	190691	species
347501	Blue-throated hummingbird	Lampornis clemenciae	190691	species
347503		Lamprolaima	9242	genus
347504		Lamprolaima rhami	347503	species
347506		Hylocharis grayi	135174	species
347507		Hylocharis cyanus	135174	species
347508		Hylocharis sapphirina	135174	species
347509		Hylocharis eliciae	135174	species
347944		Larvivora komadori komadori	2723873	subspecies
347945		Larvivora komadori namiyei	2723873	subspecies
347960		Calyptophilus tertius	340436	species
348290		Columba janthina janthina	337444	subspecies
348819		Megalaima chrysopogon	91772	species
348820		Megalaima asiatica	91772	species
348829		Psilopogon annamensis	91776	species
348830		Psilopogon faber faber	2903902	subspecies
348832		Psilopogon oorti oorti	240714	subspecies
348833		Psilopogon faber sini	2903902	subspecies
348834		Megalaima asiatica asiatica	348820	subspecies
348836		Megalaima asiatica davisoni	348820	subspecies
349400	Whiskered screech-owl	Megascops trichopsis	349401	species
349401		Megascops	30459	genus
349407		Megascops asio asio	81905	subspecies
349408		Megascops asio naevius	81905	subspecies
349409		Megascops asio hasbroucki	81905	subspecies
349410		Megascops asio mccallii	81905	subspecies
349411		Megascops kennicottii benderi	111816	subspecies
349412		Megascops kennicottii kennicottii	111816	subspecies
349413		Megascops kennicottii mcfarlandii	111816	subspecies
349414		Megascops kennicottii suttoni	111816	subspecies
349415		Megascops kennicottii aikeni	111816	subspecies
349685	Fish crow	Corvus ossifragus	30420	species
352469	Yellow-bellied tit	Pardaliparus venustulus	2185134	species
352833		Periparus ater martensi x Periparus melanolophus	156567	subspecies
352834		Periparus ater abietum	156567	subspecies
352835		Periparus rubidiventris whistleri	1127424	subspecies
352836		Periparus ater ater	156567	subspecies
352837		Periparus ater eckodedicatus	156567	subspecies
352838		Periparus rubidiventris beavani	1127424	subspecies
352839		Periparus ater rufipectus	156567	subspecies
352840		Periparus rubidiventris rubidiventris	1127424	subspecies
352844		Periparus ater atlas	156567	subspecies
352846		Periparus ater martensi	156567	subspecies
352847		Periparus ater insularis	156567	subspecies
353272		Passer montanus saturatus	9160	subspecies
353273		Hypsipetes amaurotis nagamichii	374649	subspecies
353274		Cisticola juncidis brunniceps	52622	subspecies
353275		Cisticola juncidis tinnabulans	52622	subspecies
353277		Corvus macrorhynchos colonorum	36249	subspecies
353278		Sitta europaea amurensis	50251	subspecies
353279		Sitta europaea sinensis	50251	subspecies
353280		Garrulus glandarius japonicus	56783	subspecies
353281		Garrulus glandarius taivanus	56783	subspecies
353556		Emberiza pallasi	30424	species
355625		Geothlypis beldingi	135432	species
355626		Geothlypis flavovelata	135432	species
355627		Geothlypis nelsoni	135432	species
355628		Geothlypis poliocephala	135432	species
355629		Geothlypis rostrata	135432	species
355630		Geothlypis semiflava	135432	species
355631		Leucopeza	400782	genus
355632	Semper's warbler	Leucopeza semperi	355631	species
356903	White-winged snowfinch	Montifringilla nivalis	221975	species
356904		Montifringilla nivalis nivalis	356903	subspecies
356906	black-winged snowfinch	Montifringilla adamsi	221975	species
356909	white-rumped snowfinch	Onychostruthus taczanowskii	2823048	species
357065		Spinus pinus perplexus	2201931	subspecies
357074		Pteruthius melanotis	201361	species
357592		Turdus mupinensis	9186	species
357593		Turdus rubrocanus	9186	species
357594		Turdus boulboul	9186	species
357595		Turdus torquatus	9186	species
357691		Catamenia analis	138963	species
357692		Chlorophonia occipitalis	62166	species
357694		Cyanerpes cyaneus	62184	species
357695	red-headed bunting	Emberiza bruniceps	30424	species
357696		Emberiza melanocephala	30424	species
357697		Grallaria quitensis	117144	species
357698		Zosterops japonicus batanis	36299	subspecies
357699		Leucosticte arctoa	190693	species
357700		Linurgus	37599	genus
357701		Linurgus olivaceus	357700	species
357702		Lonchura malacca	40156	species
357703		Lonchura malacca sinensis	357702	subspecies
357705		Lophospingus	1619329	genus
357706		Lophospingus pusillus	357705	species
357707		Milvago chimango	56336	species
357722		Neophema chrysostoma	35536	species
357725		Phytotoma rara	137533	species
357733		Sporophila intermedia	135449	species
357734	Cinnamon-rumped seedeater	Sporophila torqueola	135449	species
357735		Sporophila peruviana	135449	species
357736		Turdus pilaris	9186	species
357738		Turdus dissimilis	9186	species
357739		Turdus rufitorques	9186	species
357740		Cissa thalassina	56791	species
357741		Coccyzus lansbergi	33602	species
357742		Dicrurus annectans	107204	species
357863	yellow-winged tanager	Thraupis abbas	58208	species
358072		Turdus poliocephalus	9186	species
358813		Phoenicurus schisticeps	121422	species
358814	Daurian redstart	Phoenicurus auroreus	121422	species
358815	black redstart	Phoenicurus ochruros	121422	species
358817		Chaimarrornis	36291	genus
358818	white-capped water-redstart	Phoenicurus leucocephalus	121422	species
358819	Isabelline wheatear	Oenanthe isabellina	245059	species
358820		Oenanthe hispanica	245059	species
358821		Tarsiger chrysaeus	2823303	species
358822		Luscinia pectardens	52791	species
359649		Cettia parens	36271	species
359650		Cettia ruficapilla	36271	species
359651	Palau bush-warbler	Horornis annae	1592217	species
359986		Lagopus lagopus scotica	52650	subspecies
360201		Cercomacra cinerascens	183184	species
360202		Pipra mentalis	88178	species
360203		Hemitriccus minor	265624	species
360204		Hemitriccus zosterops	265624	species
360206		Mionectes rufiventris	123378	species
360207		Todirostrum latirostre	196048	species
360208		Todirostrum maculatum	196048	species
360209		Atalotriccus	28728	genus
360210		Atalotriccus pilaris	360209	species
360211		Colonia	28728	genus
360212		Colonia colonus	360211	species
360213		Lophotriccus	28728	genus
360214		Lophotriccus pileatus	360213	species
360215		Myiornis	28728	genus
360216		Myiornis ecaudatus	360215	species
360217		Cnipodectes	28728	genus
360218		Cnipodectes subbrunneus	360217	species
360219		Myiotriccus	28728	genus
360220		Myiotriccus ornatus	360219	species
360221		Oncostoma	28728	genus
360222		Oncostoma cinereigulare	360221	species
360223		Onychorhynchus	28728	genus
360224	Royal flycatcher	Onychorhynchus coronatus	360223	species
360225		Capsiempis	28728	genus
360226		Capsiempis flaveola	360225	species
360227		Platyrinchus	28728	genus
360228		Platyrinchus leucoryphus	360227	species
360229		Phyllomyias	28728	genus
360230		Phyllomyias uropygialis	360229	species
360231		Ramphotrigon	28728	genus
360232		Ramphotrigon megacephalum	360231	species
360233		Tolmomyias	28728	genus
360234		Tolmomyias assimilis	360233	species
360235		Lophotriccus vitiosus	360213	species
360236		Platyrinchus platyrhynchos	360227	species
360237		Ramphotrigon ruficauda	360231	species
360238		Tolmomyias poliocephalus	360233	species
360242		Poecilotriccus	28728	genus
360244		Poecilotriccus capitalis	360242	species
360245		Pseudotriccus	28728	genus
360246		Pseudotriccus simplex	360245	species
360247		Rhynchocyclus	28728	genus
360248		Rhynchocyclus olivaceus	360247	species
361449		Merops ornatus	57420	species
361517		Larvivora akahige akahige	2723869	subspecies
363768		Calyptomena whiteheadi	135971	species
363769		Smithornis capensis	81929	species
363770		Hydrornis caerulea	1316416	species
363771		Hydrornis oatesi	1316416	species
363772		Hydrornis soror	1316416	species
363773		Erythropitta kochi	1316415	species
363774		Pitta iris	9162	species
363775		Eurylaimus javanicus	239375	species
363776		Corydon	81928	genus
363777		Corydon sumatranus	363776	species
363778		Pseudocalyptomena	81928	genus
363779		Pseudocalyptomena graueri	363778	species
364575		Zosterops senegalensis stierlingi	135989	subspecies
364576	Abyssinian white-eye	Zosterops abyssinicus	36298	species
364577		Zosterops abyssinicus flavilateralis	364576	subspecies
364578		Zosterops senegalensis senegalensis	135989	subspecies
364579		Zosterops semiflavus	36298	species
364580		Zosterops poliogastrus mbuluensis	452104	subspecies
364581		Zosterops palpebrosus palpebrosus	135986	subspecies
364582		Zosterops palpebrosus egregius	135986	subspecies
364583		Zosterops pallidus capensis	43580	subspecies
364584		Zosterops olivaceus	36298	species
364585		Zosterops olivaceus olivaceus	364584	subspecies
364586		Zosterops nigrorum aureiloris	135985	subspecies
364587		Zosterops mouroniensis	36298	species
364588		Zosterops montanus whiteheadi	135984	subspecies
364589		Zosterops borbonicus	36298	species
364591		Zosterops maderaspatanus	36298	species
364592		Zosterops maderaspatanus voeltzkowi	364591	subspecies
364594		Zosterops maderaspatanus maderaspatanus	364591	subspecies
364596		Zosterops maderaspatanus comorensis	364591	subspecies
364597		Zosterops maderaspatanus anjuanensis	364591	subspecies
364598		Zosterops maderaspatanus aldabrensis	364591	subspecies
364599		Zosterops lateralis familiaris	43581	subspecies
364601		Zosterops borbonicus borbonicus	364589	subspecies
364603		Zosterops atricapilla atricapilla	573051	subspecies
364604		Zosterops abyssinicus socotranus	364576	subspecies
364609		Speirops	81890	genus
364610		Zosterops lugubris	36298	species
366453		Notiomystis	2905228	genus
366454		Notiomystis cincta	366453	species
366678		Dendrocopos major japonicus	137523	subspecies
367111		Alcedo atthis bengalensis	36245	subspecies
367112		Anthus hodgsoni daurica	36258	subspecies
367868		Strix uralensis japonica	36305	subspecies
367939		Melanerpes herminieri	56082	species
367940		Meiglyptes tristis	315372	species
367941		Chloropicus pyrrhogaster	1638933	species
367943		Dendropicos elliotii	165735	species
367944	Green-barred woodpecker	Colaptes melanochloros	9221	species
367945		Melanerpes flavifrons	56082	species
367946		Dendrocopos macei	51357	species
367947		Celeus lugubris	315361	species
367948	Scaly-breasted woodpecker	Celeus grammicus	315361	species
367949		Campephilus leucopogon	56084	species
367950	Grey-capped woodpecker	Yungipicus canicapillus	2823210	species
367952		Picus chlorolophus	100824	species
367954		Micropternus brachyurus	2135437	species
367955		Dendrocopos fuscescens	51357	species
367956		Dinopium	9220	genus
367957		Dinopium javanense	367956	species
367959		Gecinulus	9220	genus
367960		Gecinulus grantia	367959	species
367970		Reinwardtipicus	9220	genus
367972		Hemicircus	9220	genus
367973		Hemicircus canente	367972	species
369483	Norfolk robin	Petroica multicolor	228563	species
369484	New Zealand tomtit	Petroica macrocephala	228563	species
369485		Petroica macrocephala chathamensis	369484	subspecies
369486		Petroica macrocephala toitoi	369484	subspecies
369487		Petroica macrocephala macrocephala	369484	subspecies
369488		Petroica macrocephala marrineri	369484	subspecies
369489		Petroica macrocephala dannefaerdi	369484	subspecies
369490	North Island robin	Petroica longipes	228563	species
369491		Petroica australis rakiura	256038	subspecies
369493		Petroica multicolor multicolor	369483	subspecies
369585		Trogon bairdii	56310	species
369587		Dendrocincla fuliginosa fuliginosa	183179	subspecies
369588	Tawny-winged woodcreeper	Dendrocincla anabatina	183178	species
369589		Dendrocincla anabatina anabatina	369588	subspecies
369590		Dendrocincla homochroa homochroa	369592	subspecies
369591		Dendrocincla fuliginosa taunayi	183179	subspecies
369592		Dendrocincla homochroa	183178	species
369593		Sittasomus griseicapillus sylvioides	75973	subspecies
369599	Rose-throated becard	Pachyramphus aglaiae	114332	species
369600		Pachyramphus albogriseus	114332	species
369602		Pachyramphus cinnamomeus	114332	species
369603		Pachyramphus homochrous	114332	species
369604		Pachyramphus major	114332	species
369605		Pachyramphus minor	114332	species
369606		Pachyramphus rufus	114332	species
369607		Pachyramphus spodiurus	114332	species
369608		Pachyramphus surinamus	114332	species
369609		Pachyramphus validus	114332	species
369610		Pachyramphus viridis	114332	species
369611		Pachyramphus xanthogenys	114332	species
369612	thrush-like Schiffornis	Schiffornis turdina	114384	species
369613		Iodopleura fusca	114306	species
369615		Tyranneutes virescens	265629	species
369617	screaming piha	Lipaugus vociferans	114310	species
369618		Pipreola frontalis	114365	species
369619		Pipreola pulchra	114365	species
369620		Xenopsaris	28728	genus
369621		Xenopsaris albinucha	369620	species
369767		Tympanuchus phasianellus columbianus	83287	subspecies
369768		Tympanuchus phasianellus campestris	83287	subspecies
369769		Tympanuchus phasianellus jamesi	83287	subspecies
369770		Tympanuchus phasianellus caurus	83287	subspecies
369771	yellowish-bellied bush-warbler	Horornis acanthizoides	1592217	species
369772	Hume's bush-warbler	Horornis brunnescens	1592217	species
369961		Horornis acanthizoides acanthizoides	369771	subspecies
369962		Horornis acanthizoides concolor	369771	subspecies
369969		Ficedula mugimaki	36292	species
369970	yellow-rumped flycatcher	Ficedula zanthopygia	36292	species
370325		Bradypterus thoracicus	203786	species
370326		Bradypterus kashmirensis	203786	species
370327		Bradypterus davidi	203786	species
370442		Zosterops palpebrosus melanura	135986	subspecies
370443		Zosterops palpebrosus auriventer	135986	subspecies
370445		Zosterops japonicus japonicus	36299	subspecies
370446		Zosterops japonicus insularis	36299	subspecies
370448	Cape Verde shearwater	Calonectris edwardsii	52121	species
370835		Oriolus cruentus	98139	species
370836		Pityriasis	28725	genus
370837		Pityriasis gymnocephala	370836	species
370838		Tephrodornis gularis	316101	species
370839		Hemipus	880551	genus
370840		Hemipus hirundinaceus	370839	species
370842		Xenopirostris xenopirostris	125314	species
371645		Locustella castanea castanea	2697543	subspecies
371860	cackling goose	Branta hutchinsii	8852	species
371861		Catharus guttatus PS-1	9185	no rank
371863	Surf scoter	Melanitta perspicillata	198026	species
371864	White-winged scoter	Melanitta fusca	198026	species
371865		Troglodytes sp. troglodytes PS-1	2622456	species
371866		Vireo cf. gilvus PS-1	28732	species
371867		Vireo cf. gilvus PS-2	28732	species
371887		Aphelocoma californica PS-1	142466	no rank
371889		Aphelocoma ultramarina PS-1	55973	no rank
371890		Aphelocoma ultramarina PS-2	55973	no rank
371893		Corvus corax PS-1	56781	no rank
371894		Corvus corax PS-2	56781	no rank
371895		Fulmarus glacialis PS-1	30455	no rank
371896		Megascops kennicottii PS-2	111816	no rank
371897		Catharus guttatus PS-2	9185	no rank
371898		Psaltriparus minimus PS-2	88120	no rank
371899		Sturnella cf. magna PS-1	56328	species
371900		Thryomanes bewickii PS-2	241536	no rank
371902		Toxostoma cf. curvirostre BOLD:AAK2030	55418	species
371904		Tringa cf. solitaria PS-1	161681	species
371905	Seaside sparrow	Ammodramus maritimus	69261	species
371906	Black-chinned hummingbird	Archilochus alexandri	190675	species
371907	Snowy owl	Bubo scandiacus	30460	species
371908	Smith's longspur	Calcarius pictus	135423	species
371909	Costa's hummingbird	Calypte costae	9243	species
371910	Pyrrhuloxia	Cardinalis sinuatus	56326	species
371911	Common ringed plover	Charadrius hiaticula	50391	species
371913	White ibis	Eudocimus albus	335482	species
371914	Mississippi kite	Ictinia mississippiensis	321099	species
371915	Black rail	Laterallus jamaicensis	54362	species
371916	Golden-fronted woodpecker	Melanerpes aurifrons	56082	species
371917	Clark's nutcracker	Nucifraga columbiana	56785	species
371918	Bristle-thighed curlew	Numenius tahitiensis	32638	species
371919	Black-headed grosbeak	Pheucticus melanocephalus	135443	species
371920	Roseate spoonbill	Platalea ajaja	33577	species
371921	McKay's bunting	Plectrophenax hyperboreus	161626	species
371922	Pacific golden-plover	Pluvialis fulva	171272	species
371923	Siberian tit	Poecile cinctus	142475	species
371924	Allen's hummingbird	Selasphorus sasin	29059	species
371925	Couch's kingbird	Tyrannus couchii	43164	species
371926	Thick-billed kingbird	Tyrannus crassirostris	43164	species
371927		Myiodynastes	28728	genus
371928	Sulphur-bellied flycatcher	Myiodynastes luteiventris	371927	species
371929		Pitangus	28728	genus
371930	Great kiskadee	Pitangus sulphuratus	371929	species
371932		Pyrocephalus	28728	genus
371933	Vermilion flycatcher	Pyrocephalus rubinus	371932	species
372284	Buff-bellied hummingbird	Amazilia yucatanensis	57391	species
372285		Anthus spragueii	36257	species
372286		Aphelocoma californica PS-2	142466	no rank
372287		Camptostoma	28728	genus
372288	Northern beardless-tyrannulet	Camptostoma imberbe	372287	species
372289	Cassin's finch	Haemorhous cassinii	1523891	species
372290	Williamson's sapsucker	Sphyrapicus thyroideus	56078	species
372291	Red-naped sapsucker	Sphyrapicus nuchalis	56078	species
372292		Fulmarus glacialis PS-2	30455	no rank
372293	Yellow-billed loon	Gavia adamsii	37038	species
372295		Megascops kennicottii PS-1	111816	no rank
372296		Melanerpes candidus	56082	species
372297	Lewis' woodpecker	Melanerpes lewis	56082	species
372298		Melanerpes portoricensis	56082	species
372299		Melanerpes cruentatus	56082	species
372300		Melanerpes chrysauchen	56082	species
372301		Melanerpes pucherani	56082	species
372302		Melanerpes cactorum	56082	species
372303		Melanerpes radiolatus	56082	species
372304	Golden-cheeked woodpecker	Melanerpes chrysogenys	56082	species
372305		Melanerpes hypopolius	56082	species
372306	Yucatan woodpecker	Melanerpes pygmaeus	56082	species
372307		Melanerpes rubricapillus	56082	species
372308	Hoffmann's woodpecker	Melanerpes hoffmannii	56082	species
372309		Melanerpes superciliaris	56082	species
372310		Patagioenas	8930	genus
372311	White-crowned pigeon	Patagioenas leucocephala	372310	species
372312	scaly-naped pigeon	Patagioenas squamosa	372310	species
372313	Scaled pigeon	Patagioenas speciosa	372310	species
372314		Patagioenas picazuro	372310	species
372318		Patagioenas maculosa	372310	species
372321	Northern band-tailed pigeon	Patagioenas fasciata	372310	species
372326		Patagioenas fasciata monilis	372321	subspecies
372330		Patagioenas araucana	372310	species
372332		Patagioenas cayennensis	372310	species
372339	Red-billed pigeon	Patagioenas flavirostris	372310	species
372344	Peruvian pigeon	Patagioenas oenops	372310	species
372345		Patagioenas inornata	372310	species
372347		Patagioenas inornata inornata	372345	subspecies
372348		Patagioenas inornata wetmorei	372345	subspecies
372349	plumbeous pigeon	Patagioenas plumbea	372310	species
372355		Patagioenas subvinacea	372310	species
372362		Patagioenas nigrirostris	372310	species
372364	Arizona woodpecker	Picoides arizonae	36302	species
372365		Poecile gambeli PS-1	156549	no rank
372366		Poecile gambeli PS-2	156549	no rank
372367		Psaltriparus minimus PS-1	88120	no rank
372368		Thryomanes bewickii PS-1	241536	no rank
372369		Troglodytes cf. troglodytes PS-2	36277	species
372370		Tyrannus niveigularis	43164	species
372371		Tyrannus albogularis	43164	species
372372	Cassin's kingbird	Tyrannus vociferans	43164	species
372373	Western kingbird	Tyrannus verticalis	43164	species
372374	Scissor-tailed flycatcher	Tyrannus forficatus	43164	species
372375		Tyrannus cubensis	43164	species
373599		Anthus nairobi	36257	species
374615		Stachyris plateni	98149	species
374616	Ansorge's greenbul	Eurillas ansorgei	1743265	species
374617	Grey greenbul	Eurillas gracilis	1743265	species
374618		Bleda canicapillus	182876	species
374619		Bleda eximius	182876	species
374620		Baeopogon clamans	182903	species
374621		Atimastillas flavicollis	2821128	species
374622	green-backed bulbul	Criniger chloronotus	182878	species
374623		Phyllastrephus placidus	59967	species
374624		Phyllastrephus hypochloris	59967	species
374626		Phyllastrephus terrestris	59967	species
374630		Pycnonotus cyaniventris	125282	species
374631		Pycnonotus erythropthalmos	125282	species
374634		Pycnonotus nigricans	125282	species
374635		Pycnonotus zeylanicus	125282	species
374636	Himalayan bulbul	Pycnonotus leucogenis	125282	species
374637		Pycnonotus melanoleucos	125282	species
374638		Nicator vireo	237431	species
374639		Calyptocichla	36294	genus
374640		Calyptocichla serina	374639	species
374641		Setornis	36294	genus
374642		Setornis criniger	374641	species
374643		Iole	36294	genus
374644	buff-vented bulbul	Iole charlottae	374643	species
374645	sulphur-bellied bulbul	Iole palawanensis	374643	species
374646		Ixos	36294	genus
374647	Green-winged bulbul	Ixos virescens	374646	species
374648		Microscelis	36294	genus
374649	Brown-eared bulbul	Hypsipetes amaurotis	36295	species
374650		Thescelocichla	36294	genus
374651		Thescelocichla leucopleura	374650	species
374653	Streaked bulbul	Ixos malaccensis	374646	species
374654	Philippine bulbul	Hypsipetes philippinus	36295	species
374656		Hemixos	36294	genus
374657		Hemixos flavala	374656	species
374659		Bernieria	1743362	genus
374660	long-billed greenbul	Bernieria madagascariensis (Gmelin, 1789)	374659	species
374661		Xanthomixis	1743362	genus
374662	Appert's tetraka	Xanthomixis apperti	374661	species
374663		Xanthomixis cinereiceps	374661	species
374664		Xanthomixis tenebrosus	374661	species
374665	Spectacled tetraka	Xanthomixis zosterops	374661	species
374992		Hemipus picatus	370839	species
374993		Cyanolanius comorensis	125271	species
374996		Laniarius blanchoti	9194	species
375449		Tauraco bannermani	56303	species
376303		Thryothorus longirostris	74199	species
376304		Thryothorus longirostris bahiae	376303	subspecies
376306		Pheugopedius genibarbis genibarbis	1740309	subspecies
376307		Pheugopedius genibarbis bolivianus	1740309	subspecies
376308		Thryothorus euophrys	74199	species
376309		Thryothorus euophrys euophrys	376308	subspecies
376310		Thryothorus sclateri	74199	species
376311		Thryothorus sclateri paucimaculatus	376310	subspecies
376313		Cantorchilus superciliaris superciliaris	1740307	subspecies
376314		Thryothorus mystacalis	74199	species
376315		Thryothorus mystacalis mystacalis	376314	subspecies
376316		Pheugopedius coraya griseipectus	1167647	subspecies
376317		Thryothorus sinaloa	74199	species
376318		Thryothorus sinaloa sinaloa	376317	subspecies
376319		Thryophilus pleurostictus nisorius	1236217	subspecies
376320		Thryothorus maculipectus canobrunneus	241540	subspecies
376321		Thryothorus thoracicus	74199	species
376322		Thryothorus leucopogon	74199	species
376323		Thryothorus leucopogon leucopogon	376322	subspecies
376324		Thryothorus modestus zeledoni	257480	subspecies
376325		Thryothorus modestus modestus	257480	subspecies
376326		Thryothorus atrogularis	74199	species
376327		Thryothorus felix	74199	species
376328		Thryothorus felix felix	376327	subspecies
376329		Thryothorus rutilus hyperythrus	197872	subspecies
376330		Thryothorus nigricapillus costaricensis	197870	subspecies
376331		Thryothorus nigricapillus schotti	197870	subspecies
376332		Thryothorus nigricapillus connectens	197870	subspecies
376333		Thryothorus nigricapillus nigricapillus	197870	subspecies
376334		Thryothorus fasciatoventris	74199	species
376335		Thryothorus fasciatoventris melanogaster	376334	subspecies
376336		Thryophilus rufalbus castanonotus	1236219	subspecies
376337		Cantorchilus leucotis galbraithii	241539	subspecies
376339		Henicorhina leucophrys leucophrys	244699	subspecies
376340		Henicorhina leucosticta costaricensis	109454	subspecies
376341		Troglodytes musculus intermedius	109448	subspecies
376342		Thryothorus albinucha albinucha	263514	subspecies
376344		Uropsila	69501	genus
376345	White-bellied wren	Uropsila leucogastra	376344	species
376346		Uropsila leucogastra leucogastra	376345	subspecies
376347		Uropsila leucogastra brachyura	376345	subspecies
377284		Inezia	28728	genus
377285		Inezia inornata	377284	species
377286		Knipolegus	28728	genus
377287		Knipolegus striaticeps	377286	species
377288		Piprites pileata	114368	species
377289		Platyrinchus mystaceus	360227	species
377290		Stigmatura budytoides	83303	species
377291		Serpophaga	28728	genus
377292		Serpophaga subcristata	377291	species
380362		Pezopetes	1729112	genus
380363		Pezopetes capitalis	380362	species
380365		Pselliophorus	1729112	genus
380366		Pselliophorus tibialis	380365	species
380368		Xenospiza	1729112	genus
380369		Xenospiza baileyi	380368	species
380370		Oriturus	1729112	genus
380371		Oriturus superciliosus	380370	species
380372		Ammodramus nelsoni	69261	species
380373	white-eared ground-sparrow	Melozone leucotis	95654	species
380374		Atlapetes citrinellus	65358	species
380375		Atlapetes gutturalis	65358	species
380495	varied solitaire	Myadestes coloratus	123380	species
380538		Myadestes coloratus coloratus	380495	subspecies
381018		Aplonis grandis	245045	species
381019		Aplonis metallica	245045	species
381020		Collocalia vanikorensis	46489	species
381021		Edolisoma holopolium	2071345	species
381022	White-bellied cuckooshrike	Coracina papuensis	108824	species
381023		Edolisoma tenuirostre	2071345	species
381024	mistletoebird	Dicaeum hirundinaceum	135426	species
381025		Dicaeum pectorale	135426	species
381026		Micropsitta keiensis	57422	species
381027		Mino dumontii	245039	species
381028	white-capped monarch	Monarcha richardsii	175125	species
381029		Symposiachrus trivirgatus	1576457	species
381030	steel-blue flycatcher	Myiagra ferrocyanea	107223	species
381031		Myiagra hebetior	107223	species
381032		Myiagra inquieta	107223	species
381033		Myiagra rubecula	107223	species
381034		Myzomela cineracea	108837	species
381035		Myzomela lafargei	108837	species
381036	black-tailed whistler	Pachycephala melanura	46903	species
381037		Pachycephala rufiventris	46903	species
381038	white-winged fantail	Rhipidura cockerelli	107227	species
381039		Rhipidura fuliginosa	107227	species
381040	chestnut-bellied fantail	Rhipidura hyperythra	107227	species
381041		Rhipidura rennelliana	107227	species
381042		Rhipidura rufidorsa	107227	species
381043		Rhipidura rufiventris	107227	species
381044		Rhipidura threnothorax	107227	species
381106		Aplonis tabuensis	245045	species
381107		Cinnyricinclus leucogaster	245050	species
381108		Lamprotornis chalybaeus	85070	species
381109	stripe-sided rhabdornis	Rhabdornis mystacalis	237437	species
381110	black-collared starling	Gracupica nigricollis	2781411	species
381111	White-shouldered starling	Sturnia sinensis	2282479	species
381112		Sturnus unicolor	9171	species
381113		Onychognathus	9170	genus
381114		Onychognathus morio	381113	species
381115		Onychognathus tenuirostris	381113	species
381116		Spreo	9170	genus
381117		Spreo fischeri	381116	species
381120		Saroglossa	9170	genus
381122		Saroglossa spiloptera	381120	species
381198		Anser cygnoides domesticus	8845	subspecies
381278		Prosopeia	9224	genus
381279	red shining-parrot	Prosopeia tabuensis	381278	species
381433	red-crested cotinga	Ampelion rubrocristatus	9128	species
381434		Cotinga maynana	114293	species
381435		Snowornis	9127	genus
381436	olivaceous piha	Snowornis cryptolophus	381435	species
381437	grey-tailed piha	Snowornis subalaris	381435	species
381438		Tijuca	9127	genus
381439		Tijuca atra	381438	species
381440		Tijuca condita	381438	species
381441		Zaratornis	9127	genus
381442	White-cheeked cotinga	Zaratornis stresemanni	381441	species
381522		Cyanistes caeruleus caeruleus	156563	subspecies
381524		Cyanistes caeruleus ogliastrae	156563	subspecies
381528		Cyanistes ultramarinus ultramarinus	1489103	subspecies
381535	black-faced solitaire	Myadestes melanops	123380	species
381858		Blythipicus rubiginosus	301991	species
381861	Pale-billed woodpecker	Campephilus guatemalensis	56084	species
381862		Campephilus rubricollis	56084	species
381863		Celeus flavescens	315361	species
381864		Celeus loricatus	315361	species
381865		Colaptes punctigula	9221	species
381866		Dendrocopos hyperythrus	51357	species
381867		Dendropicos goertae	165735	species
381869		Dinopium shorii	367956	species
381870		Indicator exilis	189528	species
381871		Picumnus exilis	56080	species
381872		Picumnus nebulosus	56080	species
381873		Picumnus spilogaster	56080	species
381874		Pteroglossus bailloni	91778	species
381876		Nesoctites	9220	genus
381877		Nesoctites micromegas	381876	species
381878		Neospiza	37599	genus
381879	Sao Tome canary	Crithagra concolor	1892169	species
381880		Nesospiza	400783	genus
381881		Nesospiza acunhae	381880	species
381882		Nesospiza wilkinsi	381880	species
382247		Centropus grillii	57401	species
382305	Philippine frogmouth	Batrachostomus septimus	48281	species
382306	Savanna nightjar	Caprimulgus affinis	48284	species
382307		Caprimulgus macrurus	48284	species
382309	Ladder-tailed nightjar	Hydropsalis climacocerca	335116	species
382310		Nyctiphrynus ocellatus	57427	species
382311		Phaethornis griseogularis	46512	species
382312		Lurocalis	48287	genus
382313		Lurocalis semitorquatus	382312	species
382314		Nyctiprogne	48287	genus
382315		Nyctiprogne leucopyga	382314	species
382318		Macrodipteryx vexillarius	335112	species
382648		Heliopais	54367	genus
382649		Heliopais personatus	382648	species
382659		Batrachostomus septimus menagei	382305	subspecies
382660		Caprimulgus affinis stictomus	382306	subspecies
382661		Caprimulgus europaeus europaeus	111811	subspecies
382662		Caprimulgus longirostris roraimae	48285	subspecies
382663		Setopagis parvulus parvulus	1854009	subspecies
382664		Antrostomus vociferus vociferus	57400	subspecies
382665		Colibri coruscans germanus	214663	subspecies
382666		Lyncornis macrotis macrotis	1977169	subspecies
382667		Hemiprocne mystacea woodfordiana	46510	subspecies
382668		Nyctiphrynus ocellatus ocellatus	382310	subspecies
382669		Phaethornis griseogularis griseogularis	382311	subspecies
382670		Psittacus erithacus erithacus	57247	subspecies
382671		Uropsalis segmentata kalinowskii	111827	subspecies
383689	nightingale	Luscinia megarhynchos	52791	species
385244		Melamprosops	37599	genus
385245		Melamprosops phaeosoma	385244	species
386521	Ivory-billed woodpecker	Campephilus principalis	56084	species
386522		Campephilus principalis bairdii	386521	subspecies
386523		Campephilus principalis principalis	386521	subspecies
386524	Imperial woodpecker	Campephilus imperialis	56084	species
386525		Campephilus pollens	56084	species
386533		Campephilus robustus	56084	species
386540		Campephilus gayaquilensis	56084	species
386541		Campephilus magellanicus	56084	species
387753		Accipiter gentilis atricapillus	8957	subspecies
387754		Accipiter gentilis albidus	8957	subspecies
387756		Accipiter gentilis arrigonii	8957	subspecies
387757		Accipiter gentilis buteoides	8957	subspecies
387758		Accipiter gentilis gentilis	8957	subspecies
387759		Accipiter gentilis laingi	8957	subspecies
387760		Accipiter gentilis marginatus	8957	subspecies
387761		Accipiter striatus striatus	56330	subspecies
387763		Pseudastur albicollis albicollis	321093	subspecies
387780		Circaetus gallicus gallicus	43465	subspecies
387784		Circus cyaneus cyaneus	43466	subspecies
387787	Shikra	Accipiter badius	8956	species
387788		Accipiter badius cenchroides	387787	subspecies
387789		Accipiter badius polyzonoides	387787	subspecies
387790		Accipiter badius sphenurus	387787	subspecies
387791		Accipiter brevipes	8956	species
387793		Accipiter erythropus	8956	species
387794		Accipiter fasciatus	8956	species
387795		Accipiter francesiae	8956	species
387797		Accipiter henstii	8956	species
387798		Accipiter imitator	8956	species
387799		Accipiter melanochlamys	8956	species
387800	black goshawk	Accipiter melanoleucus	8956	species
387801		Accipiter novaehollandiae	8956	species
387802		Accipiter novaehollandiae rufoschistaceus	387801	subspecies
387803		Accipiter ovampensis	8956	species
387804		Accipiter poliocephalus	8956	species
387805		Accipiter poliogaster	8956	species
387806	Chinese goshawk	Accipiter soloensis	8956	species
387807		Accipiter striatus ventralis	56330	subspecies
387808		Accipiter tachiro	8956	species
387809	red-chested goshawk	Accipiter toussenelii	8956	species
387810	besra	Accipiter virgatus	8956	species
387811		Aviceda subcristata	258818	species
387812		Butastur rufipennis	335206	species
387813		Butastur teesa	335206	species
387814	Gray hawk	Buteo nitidus	30396	species
387815		Buteo nitidus costaricensis	387814	subspecies
387821	swamp harrier	Circus approximans	8963	species
387822		Circus assimilis	8963	species
387823		Circus buffoni	8963	species
387825		Circus macrourus	8963	species
387826		Circus maurus	8963	species
387827	pied harrier	Circus melanoleucos	8963	species
387828		Circus pygargus	8963	species
387829		Elanus axillaris	321062	species
387830		Elanus caeruleus	321062	species
387831		Elanus scriptus	321062	species
387834		Melierax canorus	321114	species
387835		Melierax metabates	321114	species
387836		Micrastur plumbeus	56333	species
387838		Pandion cristatus	56261	species
387841		Harpagus	8955	genus
387842		Harpagus bidentatus	387841	species
387843		Harpagus diodon	387841	species
387844		Micronisus	8955	genus
387845	Gabar goshawk	Micronisus gabar	387844	species
388734		Fregata sp. 2815okinawa	2620211	species
388965		Spilornis cheela hoya	208451	subspecies
388967		Agelastes	8990	genus
388968		Agelastes meleagrides	388967	species
388970		Ptilopachus	466544	genus
388972		Ptilopachus petrosus	388970	species
388974		Bambusicola fytchii	9082	species
388979		Francolinus lathami	9018	species
388981		Dendroperdix	466544	genus
388983		Peliperdix	466544	genus
388989		Ammoperdix	466544	genus
388990		Ammoperdix heyi	388989	species
388993		Scleroptila	466544	genus
388994		Scleroptila streptophorus	388993	species
388999	Moorland francolin	Scleroptila psilolaema	388993	species
389004		Pternistis griseostriatus	1756210	species
389005	Nahan's partridge	Ptilopachus nahani	388970	species
389010		Pternistis icterorhynchus	1756210	species
389011		Pternistis clappertoni	1756210	species
389012		Pternistis harwoodi	1756210	species
389016		Pternistis camerunensis	1756210	species
389017		Pternistis nobilis	1756210	species
389018		Pternistis jacksoni	1756210	species
389019	chestnut-naped francolin	Pternistis castaneicollis	1756210	species
389020		Pternistis ochropectus	1756210	species
389024		Pternistis rufopictus	1756210	species
390238		Regulus regulus yunnanensis	68468	subspecies
390644		Meliphaga montana	108831	species
390645		Meliphaga mimikae	108831	species
390646		Meliphaga orientalis	108831	species
390647		Meliphaga aruensis	108831	species
390648		Meliphaga vicina	108831	species
390649		Meliphaga notata	108831	species
390650		Meliphaga flavirictus	108831	species
390651		Meliphaga lewinii	108831	species
390652		Meliphaga albilineata	108831	species
390653	elegant honeyeater	Meliphaga cinereifrons	108831	species
390654		Meliphaga fordiana	108831	species
390655		Meliphaga reticulata	108831	species
390656		Meliphaga analoga analoga	175007	subspecies
390658		Meliphaga aruensis aruensis	390647	subspecies
390659		Meliphaga cinereifrons cinereifrons	390653	subspecies
390660	Steven's honeyeater	Meliphaga gracilis stevensi	243057	subspecies
390661		Meliphaga gracilis gracilis	243057	subspecies
390662		Meliphaga gracilis imitatrix	243057	subspecies
390663		Meliphaga lewinii amphochlora	390651	subspecies
390664		Meliphaga lewinii lewinii	390651	subspecies
390665		Meliphaga mimikae granti	390645	subspecies
390666		Meliphaga montana aicora	390644	subspecies
390667		Meliphaga notata mixtata	390649	subspecies
390668		Meliphaga notata notata	390649	subspecies
390669		Meliphaga orientalis orientalis	390646	subspecies
390721	southern silvery-kingfisher	Ceyx argentatus	57403	species
390722		Alcedo coerulescens	36244	species
390723	Indigo-banded kingfisher	Ceyx cyanopectus	57403	species
390724		Alcedo euryzona	36244	species
390725		Alcedo hercules	36244	species
390726	blue-eared kingfisher	Alcedo meninting	36244	species
390727		Ceyx pusillus	57403	species
390728		Alcedo semitorquata	36244	species
390729		Ceyx websteri	57403	species
390730		Ceyx fallax	57403	species
390731	Rufous-backed kingfisher	Ceyx rufidorsa	57403	species
390973	White-faced heron	Egretta novaehollandiae	56073	species
390974		Pteroglossus azara	91778	species
390975	yellow-billed aracari	Pteroglossus azara flavirostris	390974	subspecies
391620		Thinocorus rumicivorus	161741	species
391622		Limnodromus sp. NMSU 125X	2640787	species
391696		Luscinia luscinia	52791	species
391700	white-tailed wheatear	Oenanthe leucopyga	245059	species
391701		Oenanthe monacha	245059	species
391702		Oenanthe albonigra	245059	species
391703	black wheatear	Oenanthe leucura	245059	species
391704	mountain wheatear	Oenanthe monticola	245059	species
391705		Oenanthe phillipsi	245059	species
391706	Mourning wheatear	Oenanthe lugens	245059	species
391707	Arabian wheatear	Oenanthe lugentoides	245059	species
391708		Oenanthe lugubris	245059	species
391709		Oenanthe finschii	245059	species
391710	variable wheatear	Oenanthe picata	245059	species
391711		Oenanthe moesta	245059	species
391712		Oenanthe pleschanka	245059	species
391713		Oenanthe cypriaca	245059	species
391714		Oenanthe xanthoprymna	245059	species
391715		Oenanthe pileata	245059	species
391716		Oenanthe bottae	245059	species
391717		Oenanthe heuglini	245059	species
391719		Oenanthe chrysopygia	245059	species
391720		Oenanthe deserti deserti	245060	subspecies
391721		Oenanthe deserti homochroa	245060	subspecies
391722		Oenanthe finschii barnesi	391709	subspecies
391723		Oenanthe hispanica melanoleuca	358820	subspecies
391724	Iranian mourning wheatear	Oenanthe persica	245059	species
391725		Oenanthe moesta moesta	391711	subspecies
391726		Oenanthe oenanthe libanotica	279966	subspecies
391727		Oenanthe oenanthe seebohmi	279966	subspecies
391728		Oenanthe picata picata	391710	subspecies
392381		Batis diops	254443	species
392382		Batis margaritae	254443	species
392383		Batis reichenowi	254443	species
392384		Batis dimorpha	254443	species
392385		Batis capensis	254443	species
392386		Batis fratrum	254443	species
392387		Batis molitor	254443	species
392388		Batis soror	254443	species
392389		Batis pririt	254443	species
392390		Batis senegalensis	254443	species
392391		Batis orientalis	254443	species
392392		Batis minor	254443	species
392393		Batis perkeo	254443	species
392394		Batis minima	254443	species
392395		Batis ituriensis	254443	species
392396		Batis occulta	254443	species
392397		Batis minulla	254443	species
392398		Batis pirit	254443	species
392399		Batis sp. crypta	2688275	species
393612		Cettia vulcania	36271	species
393613		Horornis flavolivaceus	1592217	species
393626		Cettia pallidipes	36271	species
393628		Horornis seebohmi	1592217	species
393629		Cettia carolinae	36271	species
393630		Cettia major	36271	species
393631		Cettia cetti cetti	68486	subspecies
393632		Horornis flavolivaceus flavolivaceus	393613	subspecies
393633		Horornis flavolivaceus weberi (Mayr, 1941)	393613	subspecies
393634		Cettia fortipes davidiana	163842	subspecies
393635		Cettia fortipes fortipes	163842	subspecies
393636		Cettia vulcania flaviventris	393612	subspecies
393637		Cettia vulcania intricata	393612	subspecies
393638		Cettia vulcania oblita	393612	subspecies
393639		Cettia vulcania oreophila	393612	subspecies
393640		Cettia vulcania vulcania	393612	subspecies
393704		Ficedula hodgsonii	36292	species
393705		Ficedula strophiata	36292	species
393706		Ficedula albicilla	36292	species
393707		Ficedula subrubra	36292	species
393709	snowy-browed flycatcher	Ficedula hyperythra	36292	species
393710		Ficedula dumetoria	36292	species
393711		Ficedula rufigula	36292	species
393712		Ficedula buruensis	36292	species
393713		Ficedula basilanica	36292	species
393715		Ficedula harterti	36292	species
393716		Ficedula platenae	36292	species
393717	cryptic flycatcher	Ficedula crypta	36292	species
393718		Ficedula bonthaina	36292	species
393719		Ficedula westermanni	36292	species
393720		Ficedula superciliaris	36292	species
393721		Ficedula tricolor	36292	species
393722		Ficedula sapphira	36292	species
393723		Ficedula nigrorufa	36292	species
393724		Ficedula timorensis	36292	species
393725		Muscicapella	36291	genus
393726		Muscicapella hodgsoni	393725	species
393727	furtive flycatcher	Ficedula disposita	36292	species
395889	South polar skua	Stercorarius maccormicki	54057	species
395890		Stercorarius sp. Bermuda	1380739	species
395891		Stercorarius sp. Copenhagen 140195 C597	1380739	species
395892		Stercorarius sp. Copenhagen 140195 C598	1380739	species
395893		Stercorarius sp. Copenhagen 140195 C599	1380739	species
395894		Stercorarius sp. Copenhagen 170100 131804	1380739	species
395895		Stercorarius sp. Copenhagen 170100 131805	1380739	species
395896		Stercorarius sp. Copenhagen 170100 131806	1380739	species
395897		Stercorarius sp. Copenhagen 170100 131807	1380739	species
395898		Stercorarius sp. Copenhagen 170100 131808	1380739	species
395899		Stercorarius sp. Dungeness	1380739	species
395900		Stercorarius sp. NMSZ 1999.1	1380739	species
395901		Stercorarius sp. Sussex	1380739	species
395902		Stercorarius sp. Yarmouth	1380739	species
397293		Hydrornis nipalensis	1316416	species
397295		Hydrornis cyanea	1316416	species
397296		Hydrornis elliotii	1316416	species
397297		Hydrornis gurneyi	1316416	species
397298		Pitta maxima	9162	species
397299		Pitta superba	9162	species
397300		Pitta steerii	9162	species
397301		Pitta kochi	9162	species
397302		Erythropitta arquata	1316415	species
397303		Erythropitta granatina	1316415	species
397305		Erythropitta venusta	1316415	species
397306		Pitta reichenowi	9162	species
397307		Pitta brachyura	9162	species
397308		Pitta nympha	9162	species
397309		Pitta moluccensis	9162	species
397310		Pitta megarhyncha	9162	species
397311		Pitta elegans	9162	species
397312		Pitta anerythra	9162	species
397313		Eurylaimus steerii	239375	species
397315		Hydrornis phayrei	1316416	species
399385		Camptorhynchus	2068716	genus
399386	Labrador duck	Camptorhynchus labradorius	399385	species
399589	cocoi heron	Ardea cocoi	30389	species
399590		Falco rufigularis	8952	species
399592		Monias	54372	genus
399593		Monias benschi	399592	species
399595		Psophia leucoptera	54358	species
399596		Theristicus	33574	genus
399597		Theristicus caudatus	399596	species
400035		Gallus gallus murghi	9031	subspecies
400781		Emberizini	62155	tribe
400782	New World warblers	Parulidae	175121	family
400783	tanagers	Thraupidae	9126	family
401118		Alcippe brunnea brunnea	204787	subspecies
402025	tufted jay	Cyanocorax dickeyi	54578	species
402026	Yucatan jay	Cyanocorax yucatanicus	54578	species
402027	Cayenne jay	Cyanocorax cayanus	54578	species
405000		Gallus gallus jabouillei	9031	subspecies
405067		Apalis cinerea	208066	species
405068		Apalis jacksoni	208066	species
405069	Black-collared forest warbler	Oreolais pulcher	2038250	species
405070		Apalis rufogularis	208066	species
405071	Collared forest warbler	Oreolais ruwenzorii	2038250	species
405072		Artisornis	81890	genus
405073		Artisornis metopias	405072	species
405074		Calamonastes	81890	genus
405075		Calamonastes simplex	405074	species
405076		Camaroptera chloronota	98120	species
405077		Incana	81890	genus
405078		Incana incana	405077	species
405079		Prinia atrogularis	81891	species
405080		Schistolais leucopogon reichenowi	208065	subspecies
405081		Bathmocercus rufus	330752	species
405082		Bathmocercus rufus rufus	405081	subspecies
405083		Bathmocercus rufus vulpinus	405081	subspecies
405084	Mrs. Moreau's warbler	Scepomycter winifredae	759712	species
405087		Cisticola galactotes	52621	species
405088	Cape crombec	Sylvietta rufescens	208068	species
405409		Gyps tenuirostris	8965	species
405412		Gyps fulvus fulvescens	36247	subspecies
405413		Gyps fulvus fulvus	36247	subspecies
405414		Gyps indicus indicus	341451	subspecies
407982	Night parrot	Pezoporus occidentalis	35539	species
408673		Gallinula melanops	9122	species
408674		Gallinula melanops bogotensis	408673	subspecies
409288	black-naped oriole	Oriolus chinensis	98139	species
409289		Picathartes oreas	175130	species
410741		Rowettia	62155	genus
410742		Rowettia goughensis	410741	species
410743		Nesospiza acunhae acunhae	381881	subspecies
410745		Nesospiza wilkinsi dunnei	381882	subspecies
410746		Nesospiza wilkinsi wilkinsi	381882	subspecies
410747		Nesospiza acunhae acunhae x Nesospiza wilkinsi dunnei	381880	species
411516		Turdus tephronotus	9186	species
411517	Kurrichane thrush	Turdus libonyana	9186	species
411518		Turdus menachensis	9186	species
411519		Turdus hortulorum	9186	species
411520		Turdus unicolor	9186	species
411521		Turdus albocinctus	9186	species
411522		Turdus kessleri	9186	species
411523		Turdus feae	9186	species
411524		Turdus celaenops	9186	species
411525		Turdus ruficollis	9186	species
411526		Turdus iliacus	9186	species
411527		Turdus aurantius	9186	species
411528		Turdus ravidus	9186	species
411529		Turdus nigrescens	9186	species
411530		Turdus infuscatus	9186	species
411531		Turdus serranus	9186	species
411532		Turdus nigriceps	9186	species
411533		Turdus subalaris	9186	species
411534		Turdus reevei	9186	species
411535		Turdus olivater	9186	species
411536		Turdus maranonicus	9186	species
411537		Turdus fulviventris	9186	species
411538		Turdus falcklandii	9186	species
411539		Turdus amaurochalinus	9186	species
411540		Turdus plebejus	9186	species
411541	Black-billed thrush	Turdus ignobilis	9186	species
411542		Turdus lawrencii	9186	species
411543		Turdus obsoletus	9186	species
411544		Turdus hauxwelli	9186	species
411545		Turdus maculirostris	9186	species
411546		Turdus haplochrous	9186	species
411547		Turdus jamaicensis	9186	species
411548	white-throated thrush	Turdus assimilis	9186	species
411549		Turdus albicollis	9186	species
411550		Turdus rufopalliatus	9186	species
411552		Turdus swalesi	9186	species
413946	pygmy cormorant	Microcarbo pygmaeus	1517964	species
414888		Lonchura leucogastra	40156	species
414889		Lonchura maja	40156	species
414890		Lonchura leucogastroides	40156	species
414891		Lonchura ferruginosa	40156	species
414892	scaly-breasted munia	Lonchura punctulata	40156	species
414894		Ploceus hypoxanthus	135447	species
414895	Baya weaver	Ploceus philippinus	135447	species
414896		Ploceus manyar	135447	species
414897		Erythrura hyperythra	44315	species
415020		Chiroxiphia linearis	196026	species
415021		Heterocercus	114313	genus
415022		Heterocercus linteatus	415021	species
415023	White-collared manakin	Manacus candei	196036	species
415024		Masius	114313	genus
415025		Masius chrysopterus	415024	species
415026		Neopelma sulphureiventer	114328	species
415027		Corapipo	114313	genus
415028	White-ruffed manakin	Corapipo altera	415027	species
415029		Manacus aurantiacus	196036	species
415030	jet manakin	Chloropipo unicolor	170867	species
415031		Dixiphia	114313	genus
415032		Pseudopipra pipra	2840301	species
417746		Columba trocaz	8931	species
419274		Hylophylax naevioides	288091	species
419668		Thamnophilus multistriatus	81888	species
419669		Thamnophilus tenuepunctatus	81888	species
419670		Thamnophilus palliatus	81888	species
419671		Thamnophilus bridgesi	81888	species
419672		Thamnophilus nigriceps	81888	species
419673		Thamnophilus schistaceus	81888	species
419674		Thamnophilus murinus	81888	species
419675		Thamnophilus aroyae	81888	species
419676		Thamnophilus punctatus	81888	species
419677		Thamnophilus stictocephalus	81888	species
419678		Thamnophilus sticturus	81888	species
419679		Thamnophilus pelzelni	81888	species
419680		Thamnophilus ambiguus	81888	species
419681		Thamnophilus atrinucha	81888	species
419682		Thamnophilus insignis	81888	species
419683		Thamnophilus amazonicus	81888	species
419684		Thamnophilus divisorius	81888	species
419685		Thamnophilus torquatus	81888	species
419686		Thamnophilus ruficapillus	81888	species
419687		Thamnophilus zarumae	81888	species
419688		Sakesphorus canadensis	288057	species
419689	Silvery-cheeked antshrike	Sakesphorus cristatus	288057	species
419690		Sakesphorus luctuosus	288057	species
419691		Sakesphorus melanonotus	288057	species
419692		Sakesphorus melanothorax	288057	species
419693		Cymbilaimus	81887	genus
419694		Cymbilaimus lineatus	419693	species
420181		Falcipennis canadensis canadensis	109674	subspecies
420182		Falcipennis canadensis isleibi	109674	subspecies
420184	sooty grouse	Dendragapus fuliginosus	90754	species
420957		Pseudocolaptes lawrencii	329507	species
420958		Xiphorhynchus susurrans costaricensis	190287	subspecies
420959		Xiphorhynchus susurrans susurrans	190287	subspecies
420960		Trogon viridis chionurus	59419	subspecies
420961		Heterospingus rubrifrons	62207	species
423241		Dendrocolaptes sanctithomae	81880	species
423242		Dendrocolaptes hoffmannsi	81880	species
423243		Dendrocolaptes sanctithomae sanctithomae	423241	subspecies
424209		Batrachostomus auritus	48281	species
424214		Rigidipenna	8903	genus
424215		Rigidipenna inexpectata	424214	species
424701	Black-capped vireo	Vireo atricapilla	28732	species
424828		Pericrocotus roseus	254641	species
424829		Pericrocotus cantonensis	254641	species
424830		Pericrocotus divaricatus	254641	species
424831		Pericrocotus tegimae	254641	species
424832		Pericrocotus cinnamomeus	254641	species
424833		Pericrocotus igneus	254641	species
424834		Pericrocotus lansbergei	254641	species
424835		Pericrocotus erythropygius	254641	species
424836		Pericrocotus solaris	254641	species
424837		Pericrocotus brevirostris	254641	species
424838		Pericrocotus miniatus	254641	species
424839		Pericrocotus flammeus	254641	species
424840		Coracina maxima	108824	species
424841		Coracina larvata	108824	species
424842		Coracina macei	108824	species
424843		Coracina javensis	108824	species
424844		Coracina schistacea	108824	species
424845		Coracina personata	108824	species
424846		Coracina atriceps	108824	species
424847		Coracina fortis	108824	species
424848		Coracina caledonica	108824	species
424849		Coracina caeruleogrisea	108824	species
424850		Coracina temminckii	108824	species
424851		Coracina striata	108824	species
424852		Coracina bicolor	108824	species
424853		Coracina boyeri	108824	species
424854		Coracina leucopygia	108824	species
424855		Coracina longicauda	108824	species
424856		Edolisoma parvulum	2071345	species
424857		Coracina abbotti	108824	species
424858		Coracina analis	108824	species
424859		Coracina pectoralis	108824	species
424860		Coracina caesia	108824	species
424862		Coracina graueri	108824	species
424863		Coracina cinerea	108824	species
424864		Coracina typica	108824	species
424865		Coracina newtoni	108824	species
424866		Coracina coerulescens	108824	species
424867		Coracina dohertyi	108824	species
424868		Edolisoma sula	2071345	species
424869		Coracina dispar	108824	species
424870		Edolisoma mindanense	2071345	species
424871		Edolisoma morio	2071345	species
424872		Coracina ceramensis	108824	species
424873		Edolisoma incertum	2071345	species
424874		Edolisoma schisticeps	2071345	species
424876		Coracina montana	108824	species
424877		Coracina mcgregori	108824	species
424878		Coracina ostenta	108824	species
424879		Coracina polioptera	108824	species
424880		Coracina melanoptera	108824	species
424881		Dicrurus bracteatus	107204	species
424882		Lalage nigra	254545	species
424883		Lalage sueurii	254545	species
424884		Campephaga phoenicea	137516	species
424886		Tephrodornis pondicerianus	316101	species
425371		Threskiornis melanocephalus	100857	species
425372		Threskiornis spinicollis	100857	species
425625		Anarhynchus	8907	genus
425626		Anarhynchus frontalis	425625	species
425627		Cladorhynchus	425629	genus
425628		Cladorhynchus leucocephalus	425627	species
425629		Recurvirostridae	8906	family
425630		Coenocorypha	8917	genus
425631	Subantarctic snipe	Coenocorypha aucklandica	425630	species
425632		Erythrogonys	8907	genus
425633		Erythrogonys cinctus	425632	species
425634		Eurynorhynchus	8917	genus
425635	Spoon-billed sandpiper	Calidris pygmaea	8918	species
425636		Glareola maldivarum	43315	species
425640		Hydroprogne	8910	genus
425641	Caspian tern	Hydroprogne caspia	425640	species
425642		Ibidorhyncha	8907	genus
425643		Ibidorhyncha struthersii	425642	species
425644		Limicola	8917	genus
425645		Limicola falcinellus	425644	species
425646		Numenius minutus	32638	species
425647		Onychoprion	8910	genus
425648	Sooty tern	Onychoprion fuscatus	425647	species
425649		Peltohyas	8907	genus
425651		Rhinoptilus chalcopterus	240208	species
425652		Stiltia	43314	genus
425653		Stiltia isabella	425652	species
425654		Thinornis novaeseelandiae	50409	species
425655		Sternula	8910	genus
425656		Sternula superciliaris	425655	species
427538		Macheiramphus	8955	genus
427539		Macheiramphus alcinus	427538	species
427540		Tarphonomus harterti	2823205	species
427543		Tarphonomus certhioides	2823205	species
427544		Ochetorhynchus ruficaudus	2823047	species
427545		Ochetorhynchus andaecola	2823047	species
427546		Geocerthia serrana	2821482	species
427547	scale-throated earthcreeper	Upucerthia dumetaria	183160	species
427548		Upucerthia albigula	183160	species
427549		Eremobius	9136	genus
427550		Ochetorhynchus phoenicurus	2823047	species
427552		Chilia	9136	genus
427553		Ochetorhynchus melanurus	2823047	species
427602		Aviceda subcristata guerneyi	387811	subspecies
427603		Elanoides forficatus yetapa	192873	subspecies
427604		Gampsonyx swainsonii leonae	56285	subspecies
427605		Macheiramphus alcinus anderssoni	427539	subspecies
427606		Spizaetus ornatus vicarius	252796	subspecies
427695	dark-sided flycatcher	Muscicapa sibirica	69507	species
427696		Niltava	36291	genus
427697		Niltava davidi	427696	species
427698		Niltava sundara	427696	species
427700		Ficedula leucomelanura	36292	species
427702		Niltava banyumas	427696	species
429467		Nannopsittaca	9224	genus
429468		Nannopsittaca dachilleae	429467	species
429570		Lanius meridionalis algeriensis	219215	subspecies
429745		Monticola rupestris	36285	species
429746		Monticola explorator	36285	species
429747		Monticola brevipes	36285	species
429748		Monticola pretoriae	36285	species
429749		Monticola angolensis	36285	species
429750	Common rock-thrush	Monticola saxatilis	36285	species
429751		Monticola rufocinereus	36285	species
429752	White-throated rock thrush	Monticola gularis	36285	species
429753		Monticola rufiventris	36285	species
429754		Monticola bensoni	36285	species
430701		Mionectes olivaceus	123378	species
431836		Pycnonotus xanthopygos	125282	species
433367		Aquila audax audax	8961	subspecies
433368		Aquila audax fleayi	8961	subspecies
433369		Aquila fasciata renschi	252784	subspecies
433370		Nisaetus bartelsi	433377	species
433371		Spizaetus ornatus ornatus	252796	subspecies
433372		Spizaetus tyrannus tyrannus	252798	subspecies
433373		Nisaetus kelaarti	433377	species
433374		Nisaetus nipalensis nipalensis	214438	subspecies
433375		Nisaetus nipalensis taiwanensis	214438	subspecies
433376		Nisaetus nipalensis fokiensis	214438	subspecies
433377		Nisaetus	8955	genus
433628	Green-backed heron	Butorides striata	110670	species
433629	Indian jungle nightjar	Caprimulgus indicus	48284	species
433632	Yellow-breasted bunting	Emberiza aureola	30424	species
433633	pintail snipe	Gallinago stenura	107376	species
433634	Ruddy kingfisher	Halcyon coromanda	170865	species
433635		Lanius bucephalus bucephalus	125284	subspecies
433637	rufous-tailed robin	Larvivora sibilans	2013023	species
433639	Pacific leaf warbler	Phylloscopus xanthodryas	9181	species
433950		Alcippe brunneicauda eriphaea	204788	subspecies
433951		Alcippe morrisonia davidi	204791	subspecies
433952		Alcippe morrisonia fratercula	204791	subspecies
433953		Alcippe morrisonia hueti	204791	subspecies
433954		Alcippe morrisonia rufescentior	204791	subspecies
435331		Acrocephalus sorghophilus	39620	species
435332		Acrocephalus luscinius	39620	species
435333		Acrocephalus syrinx	39620	species
435334		Acrocephalus rehsei	39620	species
435335		Acrocephalus familiaris	39620	species
435336		Acrocephalus aequinoctialis	39620	species
435337		Acrocephalus caffer	39620	species
435338	Marquesan reed-warbler	Acrocephalus mendanae	39620	species
435339	Tuamotu reed-warbler	Acrocephalus atyphus	39620	species
435340		Acrocephalus kerearako	39620	species
435341		Acrocephalus rimitarae	39620	species
435342		Acrocephalus taiti	39620	species
435343		Acrocephalus kerearako kaoko	435340	subspecies
435344		Acrocephalus kerearako kerearako	435340	subspecies
435345		Acrocephalus mendanae aquilonis	435338	subspecies
435346		Acrocephalus mendanae consobrina	435338	subspecies
435347		Acrocephalus mendanae dido	435338	subspecies
435348		Acrocephalus mendanae fatuhivae	435338	subspecies
435349		Acrocephalus mendanae idae	435338	subspecies
435350		Acrocephalus mendanae mendanae	435338	subspecies
435351		Acrocephalus mendanae percernis	435338	subspecies
435352		Acrocephalus mendanae postremus	435338	subspecies
435353		Agelaius phoeniceus arctolegus	39638	subspecies
435354		Agelaius phoeniceus grinnelli	39638	subspecies
435355		Agelaius phoeniceus gubernator	39638	subspecies
435356		Agelaius phoeniceus mearnsi	39638	subspecies
435638	Greater flamingo	Phoenicopterus roseus	9216	species
435711		Rhipidura spilodera	107227	species
436321		Xiphorhynchus fuscus atlanticus	326918	subspecies
438837		Otus rutilus	56271	species
439704	South Island takahe	Porphyrio hochstetteri	54483	species
440516	Greater snow goose	Anser caerulescens atlantica	8849	subspecies
441169		Phasianus colchicus pallasi	9054	subspecies
441641	fire-fronted bishop	Euplectes diadematus	187428	species
441671	black bishop	Euplectes gierowii	187428	species
441672	orange bishop	Euplectes franciscanus	187428	species
441673	Zanzibar bishop	Euplectes nigroventris	187428	species
441674	golden-backed bishop	Euplectes aureus	187428	species
441675	yellow bishop	Euplectes capensis	187428	species
441676	fan-tailed widowbird	Euplectes axillaris	187428	species
441677	yellow-shouldered widowbird	Euplectes macroura	187428	species
441678	white-winged widowbird	Euplectes albonotatus	187428	species
441679	marsh windowbird	Euplectes hartlaubi	187428	species
441680	buff-shouldered widowbird	Euplectes psammacromius	187428	species
441681	Jackson's widowbird	Euplectes jacksoni	187428	species
441682		Foudia	1002748	genus
441683	Madagascar red fody	Foudia madagascariensis	441682	species
441684	Red-headed fody	Foudia eminentissima	441682	species
441685		Foudia omissa	441682	species
441686	Mauritius fody	Foudia rubra	441682	species
441687	Seychelles fody	Foudia sechellarum	441682	species
441688		Foudia flavicans	441682	species
441689		Ploceus bannermani	135447	species
441690		Ploceus batesi	135447	species
441692		Ploceus bertrandi	135447	species
441693		Ploceus pelzelni	135447	species
441694		Ploceus subpersonatus	135447	species
441695		Ploceus luteolus	135447	species
441696		Ploceus nigricollis	135447	species
441697		Ploceus melanogaster	135447	species
441698		Ploceus alienus	135447	species
441699		Ploceus temporalis	135447	species
441700		Ploceus capensis	135447	species
441701		Ploceus subaureus	135447	species
441702		Ploceus xanthops	135447	species
441703		Ploceus princeps	135447	species
441704		Ploceus aurantius	135447	species
441705		Ploceus bojeri	135447	species
441706		Ploceus castaneiceps	135447	species
441707		Ploceus xanthopterus	135447	species
441708		Ploceus castanops	135447	species
441709		Ploceus burnieri	135447	species
441710		Ploceus galbula	135447	species
441711		Ploceus heuglini	135447	species
441712	Northern masked-weaver	Ploceus taeniopterus	135447	species
441713		Ploceus vitellinus	135447	species
441714		Ploceus katangae	135447	species
441715		Ploceus ruweti	135447	species
441716		Ploceus reichardi	135447	species
441717		Ploceus grandis	135447	species
441718		Ploceus spekei	135447	species
441719		Ploceus spekeoides	135447	species
441720		Ploceus nigerrimus	135447	species
441721		Ploceus weynsi	135447	species
441722		Ploceus golandi	135447	species
441723	black-headed weaver	Ploceus melanocephalus	135447	species
441724		Ploceus dichrocephalus	135447	species
441725		Ploceus jacksoni	135447	species
441726		Ploceus badius	135447	species
441727		Ploceus rubiginosus	135447	species
441729		Ploceus tricolor	135447	species
441730		Ploceus albinucha	135447	species
441731		Ploceus nelicourvi	135447	species
441732		Ploceus sakalava	135447	species
441733		Ploceus megarhynchus	135447	species
441734		Ploceus preussi	135447	species
441735		Ploceus dorsomaculatus	135447	species
441736		Ploceus nicolli	135447	species
441737		Ploceus olivaceiceps	135447	species
441738		Ploceus insignis	135447	species
441739	Bar-winged weaver	Ploceus angolensis	135447	species
441740	Sao Tome weaver	Ploceus sanctithomae	135447	species
441894		Struthio camelus australis	8801	subspecies
442564		Grallaria nuchalis x Grallaria ruficapilla	117144	species
444138	Purple-tailed imperial-pigeon	Ducula rufigaster	115625	species
444139	White-bibbed ground-dove	Alopecoenas jobiensis	187119	species
444140	Zebra dove	Geopelia striata	115646	species
444141		Henicophaps	8930	genus
444142	New Guinea bronzewing	Henicophaps albifrons	444141	species
444143		Lopholaimus	8930	genus
444144	Topknot pigeon	Lopholaimus antarcticus	444143	species
444145	Brown cuckoo-dove	Macropygia amboinensis	115674	species
444146	White-quilled rock-pigeon	Petrophassa albipennis	262133	species
444147	Beautiful fruit-dove	Ptilinopus pulchellus	115696	species
444148		Trugon	8930	genus
444149		Trugon terrestris	444148	species
444150		Turacoena	8930	genus
444151		Turacoena manadensis	444150	species
444152		Uropelia	8930	genus
444153		Uropelia campestris	444152	species
444154	Amethyst brown-dove	Phapitreron amethystinus	115681	species
444848		Alle alle alle	28691	subspecies
444849		Alle alle polaris	28691	subspecies
444850		Brachyramphus perdix	28692	species
444851		Cepphus columba columba	28696	subspecies
444852		Uria aalge aalge	13746	subspecies
444853		Uria aalge inornata	13746	subspecies
444854		Uria lomvia lomvia	28711	subspecies
447919		Arizelocichla olivaceiceps	1743244	species
447920	Eastern mountain greenbul	Arizelocichla nigriceps	1743244	species
447925	lesser bristlebill	Bleda notatus	182876	species
447926		Bleda ugandae	447925	subspecies
447927	Cabani's greenbul	Phyllastrephus cabanisi	59967	species
447929		Phyllastrephus cerviniventris	59967	species
447930	Fischer's greenbul	Phyllastrephus fischeri	59967	species
447931		Phyllastrephus flavostriatus alfredi	59968	subspecies
447932		Phyllastrephus lorenzi	59967	species
447933		Phyllastrephus strepitans	59967	species
447934		Pycnonotus capensis	125282	species
447946		Pyrrhurus	36294	genus
447947		Pyrrhurus scandens	447946	species
448076		Galerida malabarica	215305	species
449334		Pteruthius flaviscapis	201361	species
449335		Pteruthius aenobarbus	201361	species
449336		Pteruthius aenobarbus aenobarbulus	449335	subspecies
449337		Pteruthius intermedius	449335	subspecies
449338		Pteruthius aeralatus	449334	subspecies
449339		Pteruthius annamensis	449334	subspecies
449340		Pteruthius cameranoi	201361	species
449341		Pteruthius ricketti	201361	species
449342		Pteruthius robinsoni	201361	species
449343		Pteruthius schauenseei	201361	species
449344		Pteruthius validirostris	201361	species
449345		Pteruthius melanotis tahanensis	357074	subspecies
449346		Pteruthius xanthochlorus occidentalis	201363	subspecies
449347		Pteruthius xanthochlorus pallidus	201363	subspecies
449351		Eupetes	254655	genus
449352		Eupetes macrocerus	449351	species
449354	Green oriole	Oriolus flavocinctus	98139	species
449355		Pachycephalopsis hattamensis	254570	species
449356		Pachycephala olivacea	46903	species
449357		Pachycephala rufogularis	46903	species
449358		Pachycephala inornata	46903	species
449359		Pachycephala cinerea	46903	species
449360	green-backed whistler	Pachycephala albiventris	46903	species
449361		Pachycephala homeyeri	46903	species
449362		Pachycephala phaionota	46903	species
449363	rusty whistler	Pachycephala hyperythra	46903	species
449364		Pachycephala modesta	46903	species
449365		Pachycephala hypoxantha	46903	species
449366		Pachycephala sulfuriventer	46903	species
449367	yellow-belllied whistler	Pachycephala philippinensis	46903	species
449368		Pachycephala meyeri	46903	species
449369		Pachycephala griseiceps	46903	species
449370		Pachycephala simplex	46903	species
449371		Pachycephala orpheus	46903	species
449372		Pachycephala lorentzi	46903	species
449373	New Caledonian whistler	Pachycephala caledonica	46903	species
449374		Pachycephala flavifrons	46903	species
449375		Pachycephala jacquinoti	46903	species
449376		Pachycephala nudigula	46903	species
449377		Pachycephala implicata	46903	species
449378	Golden-backed whistler	Pachycephala aurea	46903	species
449379		Pachycephala griseonota	46903	species
449380	Wallacean whistler	Pachycephala arctitorquis	46903	species
449381		Pachycephala monacha	46903	species
449382	white-bellied whistler	Pachycephala leucogastra	46903	species
449383		Pachycephala lanioides	46903	species
449384		Ptilorrhoa leucosticta	254656	species
449385		Ptilorrhoa castanonota	254656	species
449593		Atrichornis	47690	genus
449594		Atrichornis clamosus	449593	species
449595		Atrichornis rufescens	449593	species
450163		Dicrurus ludwigii	107204	species
450164		Dicrurus atripennis	107204	species
450165		Dicrurus modestus	107204	species
450166		Dicrurus aldabranus	107204	species
450167		Dicrurus fuscipennis	107204	species
450168		Dicrurus forficatus	107204	species
450169		Dicrurus waldenii	107204	species
450170		Dicrurus leucophaeus	107204	species
450171		Dicrurus caerulescens	107204	species
450172		Dicrurus aeneus	107204	species
450173		Dicrurus remifer	107204	species
450174		Dicrurus sumatranus	107204	species
450177		Dicrurus megarhynchus	107204	species
450178		Dicrurus andamanensis	107204	species
450182		Dicrurus forficatus forficatus	450168	subspecies
450183		Dicrurus forficatus potior	450168	subspecies
450227		Pteruthius validirostris ripleyi	449344	subspecies
451382	Crested myna	Acridotheres cristatellus	245037	species
451383		Acridotheres ginginianus	245037	species
451384		Acridotheres grandis	245037	species
451385	Javan myna	Acridotheres javanicus	245037	species
451386		Aplonis brunneicapillus	245045	species
451387		Aplonis cantoroides	245045	species
451388		Aplonis cinerascens	245045	species
451389		Aplonis insularis	245045	species
451390		Aplonis minor	245045	species
451391		Aplonis pelzelni	245045	species
451392		Buphagus africanus	245047	species
451393		Cinnyricinclus femoralis	245050	species
451394		Gracula ptilogenys	116991	species
451395		Lamprotornis acuticaudus	85070	species
451396		Lamprotornis australis	85070	species
451397		Lamprotornis chalcurus	85070	species
451398		Lamprotornis chloropterus	85070	species
451399		Lamprotornis cupreocauda	85070	species
451400		Lamprotornis fischeri	85070	species
451401	Hildebrandt's starling	Lamprotornis hildebrandti	85070	species
451402		Lamprotornis mevesii	85070	species
451403		Lamprotornis ornatus	85070	species
451404		Lamprotornis pulcher	85070	species
451405		Lamprotornis purpureiceps	85070	species
451406		Lamprotornis purpureus	85070	species
451407		Lamprotornis purpuroptera	85070	species
451408		Lamprotornis regius	85070	species
451409		Lamprotornis shelleyi	85070	species
451410		Lamprotornis unicolor	85070	species
451411		Mino kreffti	245039	species
451412		Onychognathus albirostris	381113	species
451413		Onychognathus blythii	381113	species
451414		Onychognathus frater	381113	species
451415		Onychognathus fulgidus	381113	species
451416		Onychognathus nabouroup	381113	species
451417		Onychognathus salvadorii	381113	species
451418		Onychognathus tristramii	381113	species
451419		Onychognathus walleri	381113	species
451420		Poeoptera kenricki	245061	species
451421		Poeoptera stuhlmanni	245061	species
451422		Sturnus albofrontatus	9171	species
451423		Gracupica contra	2781411	species
451424	Chestnut-tailed starling	Sturnia malabarica	2282479	species
451425	Brahminy starling	Sturnia pagodarum	2282479	species
451426		Sturnus philippensis	9171	species
451427		Pastor roseus	2823050	species
451428	red-billed starling	Sturnus sericeus	9171	species
451429		Basilornis	9170	genus
451430		Basilornis celebensis	451429	species
451432		Enodes	9170	genus
451433		Enodes erythrophris	451432	species
451434		Melanotis hypoleucus	111992	species
451436		Streptocitta	9170	genus
451437		Streptocitta albicollis	451436	species
451438		Speculipastor	9170	genus
451439		Speculipastor bicolor	451438	species
451440		Grafisia	9170	genus
451441		Grafisia torquata	451440	species
452008		Tigrisoma mexicanum	110693	species
452102		Chloropsis sonnerati	175116	species
452103		Gymnorhina tibicen hypoleuca	9132	subspecies
452104	broad-ringed white-eye	Zosterops poliogastrus	36298	species
452105		Chaetops aurantius	221965	species
452473		Chersophilus	72205	genus
452474		Chersophilus duponti	452473	species
453957		Falco fasciinucha	8952	species
455429		Acrocephalus palustris sinensis	68475	subspecies
455645		Chondrohierax uncinatus wilsonii	321078	subspecies
456367		Camptostoma obsoletum	372287	species
456368		Contopus cinereus	183520	species
456369		Elaenia ruficeps	111982	species
456370		Hemitriccus minimus	265624	species
456374		Inezia caudata	377284	species
456375		Mecocerculus	28728	genus
456376		Mecocerculus leucophrys	456375	species
456377		Mecocerculus poecilocercus	456375	species
456378		Mecocerculus hellmayri	456375	species
456379		Mecocerculus calopterus	456375	species
456380		Mecocerculus minor	456375	species
456381		Mecocerculus stictopterus	456375	species
456385		Myiophobus	28728	genus
456386		Myiophobus fasciatus	456385	species
456387		Neopipo	28728	genus
456388		Neopipo cinnamomea	456387	species
456399		Ochthoeca	28728	genus
456400	D'Orbigny's chat-tyrant	Ochthoeca oenanthoides	456399	species
456401	slaty-backed chat-tyrant	Ochthoeca cinnamomeiventris	456399	species
456402		Ochthoeca thoracica	456399	species
456403		Ornithion	28728	genus
456404		Ornithion inerme	456403	species
456405		Phaeomyias	28728	genus
456406		Phaeomyias murina	456405	species
456407		Phyllomyias fasciatus	360229	species
456408		Phyllomyias burmeisteri	360229	species
456409		Phyllomyias virescens	360229	species
456410		Phyllomyias reiseri	360229	species
456411		Phyllomyias urichi	360229	species
456412		Phyllomyias sclateri	360229	species
456413		Phyllomyias griseocapilla	360229	species
456414		Phyllomyias griseiceps	360229	species
456415		Phyllomyias plumbeiceps	360229	species
456416		Phyllomyias nigrocapillus	360229	species
456417		Phyllomyias cinereiceps	360229	species
456418		Phylloscartes	28728	genus
456419		Phylloscartes superciliaris	456418	species
456420		Phylloscartes sylviolus	456418	species
456421		Phylloscartes ventralis	456418	species
456422		Pipra erythrocephala	88178	species
456423		Serpophaga cinerea	377291	species
456424		Serpophaga nigricans	377291	species
456425		Serpophaga hypoleuca	377291	species
456426		Serpophaga munda	377291	species
456427		Sublegatus arenarum	183544	species
456428		Sublegatus obscurior	183544	species
456429		Suiriri	28728	genus
456430		Suiriri suiriri	456429	species
456432		Tolmomyias flaviventris	360233	species
456433		Tolmomyias traylori	360233	species
456434	Yellow-olive flycatcher	Tolmomyias sulphurescens	360233	species
456435		Tyrannulus	28728	genus
456436		Tyrannulus elatus	456435	species
456437		Zimmerius	28728	genus
456438	paltry tyrannulet	Zimmerius vilissimus	456437	species
456439		Myiobius sulphureipygius	190022	species
456440		Leptopogon sp. FR03	2632392	species
457285		Anser cygnoides orientalis	8845	subspecies
457287		Merops breweri	57420	species
457288		Merops muelleri	57420	species
457289		Merops muelleri mentalis	457288	subspecies
457290		Merops muelleri muelleri	457288	subspecies
457291	Black bee-eater	Merops gularis	57420	species
457292		Merops gularis australis	457291	subspecies
457293		Merops gularis gularis	457291	subspecies
457294		Merops hirundineus	57420	species
457301		Merops pusillus meridionalis	325341	subspecies
457303		Merops pusillus pusillus	325341	subspecies
457304		Merops variegatus	57420	species
457307		Merops variegatus loringi	457304	subspecies
457309		Merops oreobates	57420	species
457312		Merops bullockoides	57420	species
457313		Merops revoilii	57420	species
457314		Merops albicollis	57420	species
457315		Merops boehmi	57420	species
457316		Merops orientalis	57420	species
457325		Merops persicus	57420	species
457328		Merops superciliosus	57420	species
457330		Merops superciliosus superciliosus	457328	subspecies
457331		Merops philippinus	57420	species
457336		Merops viridis americanus	135176	subspecies
457337		Merops viridis viridis	135176	subspecies
457338		Merops leschenaulti	57420	species
457342		Merops malimbicus	57420	species
457343	southern carmine bee-eater	Merops nubicoides	57421	subspecies
457348		Meropogon	57386	genus
457349		Meropogon forsteni	457348	species
457350		Nyctyornis	57386	genus
457351		Nyctyornis amictus	457350	species
457352		Nyctyornis athertoni	457350	species
457563		Thalassarche bulleri platei	54018	subspecies
457566		Loxops coccineus coccineus	64804	subspecies
458089	Chinese egret	Egretta eulophotes	56073	species
458106		Pionus sordidus	13213	species
458107		Pionus tumultuosus	13213	species
458108		Pionus seniloides	13213	species
458109		Pionus sordidus saturatus	458106	subspecies
458110		Pionus sordidus corallinus	458106	subspecies
458111		Pionus sordidus antelius	458106	subspecies
458112		Pionus maximiliani siy	303305	subspecies
458113		Pionus maximiliani melanoblepharus	303305	subspecies
458115		Pionus maximiliani lacerus	303305	subspecies
458116		Pionus menstruus rubrigularis	13214	subspecies
458117		Alisterus scapularis	309869	species
458118		Brotogeris chrysoptera	176017	species
458119		Micropsitta bruijnii	57422	species
458120		Nannopsittaca panychlora	429467	species
458122		Psittacella	9224	genus
458123	Brehm's tiger-parrot	Psittacella brehmii	458122	species
458124		Touit	9224	genus
458125		Touit purpuratus	458124	species
458126		Pionus cyanescens	13213	species
458127		Pionus sordidus mindoensis	458106	subspecies
458128		Pionus sordidus ponsi	458106	subspecies
458129		Pionus menstruus reichenowi	13214	subspecies
458153		Haematopus unicolor	32635	species
458154		Haematopus chathamensis	458153	subspecies
458160		Haematopus ostralegus ostralegus	31908	subspecies
458186		Bucco macrodactylus	135167	species
458187		Crypturellus soui	48395	species
458188		Dromadidae	8906	family
458189		Dromas	458188	genus
458190		Dromas ardeola	458189	species
458192		Galbula albirostris	118186	species
458193		Himantornis	9119	genus
458194		Himantornis haematopus	458193	species
458195	Red-billed dwarf hornbill	Lophoceros camurus	2821869	species
458196	Red-faced mousebird	Urocolius indicus	85100	species
459759		Tetraophasis	466544	genus
459760		Tetraophasis szechenyii	459759	species
459761		Tetraophasis obscurus	459759	species
459765		Pelecanus philippensis	33617	species
459955	pied butcherbird	Cracticus nigrogularis	254524	species
459958		Procellaria aequinoctialis conspicillata	53665	subspecies
460164		Amaurospiza	2969676	genus
460165		Amaurospiza concolor	460164	species
460166		Atlapetes pileatus	65358	species
460167		Caryothraustes	2969676	genus
460168		Caryothraustes canadensis	460167	species
460169		Chlorothraupis olivacea	62172	species
460173		Cyanoloxia	2969676	genus
460174		Cyanoloxia glaucocaerulea	460173	species
460182		Periporphyrus	2969676	genus
460184		Porphyrospiza	400783	genus
460185		Porphyrospiza caerulescens	460184	species
460186		Rhodothraupis	2969676	genus
460187		Rhodothraupis celaeno	460186	species
460192		Diuca	1619329	genus
460193	Common diuca finch	Diuca diuca	460192	species
460194		Parkerthraustes	400783	genus
460195		Parkerthraustes humeralis	460194	species
460197		Caryothraustes poliogaster	460167	species
460198		Chlorothraupis stolzmanni	62172	species
460199	cinnamon-bellied flowerpiercer	Diglossa baritula	62192	species
460200	Corn bunting	Emberiza calandra	30424	species
460201	Godlewski's bunting	Emberiza godlewskii	30424	species
460202		Emberiza stewarti	30424	species
460203		Granatellus sallaei	182928	species
460204		Granatellus venustus	182928	species
460205	red-throated ant-tanager	Habia fuscicauda	62200	species
460206		Habia gutturalis	62200	species
460207		Lanio aurantius	62216	species
460208		Mitrospingus oleagineus	62219	species
460209	Thick-billed seed finch	Oryzoborus funereus	138934	species
460210		Paroaria capitata	116993	species
460211		Phrygilus atriceps	137212	species
460212		Phrygilus dorsalis	137212	species
460213		Geospizopsis plebejus	2691114	species
460214		Ramphocelus dimidiatus	36724	species
460215	Black-headed Saltator	Saltator atriceps	58204	species
460216		Saltator atripennis	58204	species
460217		Saltator aurantiirostris	58204	species
460218		Saltator grossus	58204	species
460219	Buff-throated saltator	Saltator maximus	58204	species
460220		Saltator nigriceps	58204	species
460221		Saltator rufiventris	58204	species
460222		Sicalis olivascens	163866	species
460223		Tachyphonus delatrii	62250	species
460224		Tachyphonus luctuosus	62250	species
460225		Thlypopsis ruficeps	62256	species
460226		Melophus	400781	genus
460227		Melophus lathami	460226	species
461217		Colluricincla woodwardi	156159	species
461219	Australian brown flycatcher	Microeca fascinans	254555	species
461220	rufous-naped whistler	Aleadryas rufinucha	461237	species
461221		Pachycephala sp. CEM22	2629920	species
461222	rose robin	Petroica rosea	228563	species
461224	white-bellied pitohui	Pitohui incertus	156165	species
461225		Pitohui kirhocephalus brunneicaudus	156167	subspecies
461226		Pitohui uropygialis brunneiceps	2305099	subspecies
461227		Pitohui kirhocephalus cerviniventris	156167	subspecies
461228		Pitohui uropygialis meridionalis	2305099	subspecies
461229		Pitohui kirhocephalus pallidus	156167	subspecies
461230	Black pitohui	Melanorectes nigrescens	2497054	species
461231	Palau morningbird	Colluricincla tenebrosa	156159	species
461237		Aleadryas	254526	genus
461238		Eulacestoma	254526	genus
461239	wattled ploughbill	Eulacestoma nigropectus	461238	species
461240		Androphobus	254655	genus
461241		Psophodes	254655	genus
461242		Cinclosoma	254655	genus
461243		Ifrita	254655	genus
461245	blue-capped ifrita	Ifrita kowaldi	461243	species
461246	eastern whipbird	Psophodes olivaceus	461241	species
461249		Vangidae	192204	family
461250		Monarchidae	192204	family
461251		Eutrichomyias	461250	genus
461253		Lamprolia	1730093	genus
461254		Prionopidae	192204	family
461255		Platysteiridae	192204	subfamily
461684	Fea's petrel	Pterodroma feae	37063	species
462351	three-wattled bellbird	Procnias tricarunculatus	114372	species
463165		Furnarius figulus	81885	species
463166		Leptasthenura aegithaloides	288031	species
463168		Philydor pyrrhodes	183164	species
463169		Thripadectes rufobrunneus	183162	species
463372		Corythornis cristatus thomensis	85095	subspecies
463373		Corythornis nais	1977157	species
463374		Megaceryle maxima	176941	species
464280		Drymophila ferruginea	88168	species
464281		Drymophila ochropyga	88168	species
464282		Dysithamnus plumbeus	288067	species
464283		Formicivora serrana	88170	species
464284		Rhopornis	81887	genus
464285		Rhopornis ardesiacus	464284	species
465450		Collocalia dodgei	46489	species
465560		Scytalopus diamantinensis	9168	species
465760		Garrulus glandarius brandtii	56783	subspecies
465761		Garrulus glandarius glandarius	56783	subspecies
465762		Garrulus glandarius iphigenia	56783	subspecies
465763		Garrulus glandarius krynicki	56783	subspecies
465764		Pyrrhocorax pyrrhocorax brachypus	56790	subspecies
466048		Lanius minor	28712	species
466049		Lanius tephronotus	28712	species
466050		Lanius tigrinus	28712	species
466208		Stipiturus ruficeps	266392	species
466263		Tetraogallus caspius	109043	species
466531		Argusianus argus grayi	9081	subspecies
466532		Lophura erythrophthalma pyronota	140443	subspecies
466533		Lophura ignita ignita	9044	subspecies
466534		Lophura ignita nobilis	9044	subspecies
466535	Malaysian fireback	Lophura rufa	9041	species
466540		Caloperdix	466544	genus
466541		Caloperdix oculeus	466540	species
466542		Galloperdix	466544	genus
466543		Galloperdix lunulata	466542	species
466544		Perdicinae	9005	subfamily
466549		Rhizothera	466544	genus
466550		Rhizothera longirostris	466549	species
466551		Rhizothera longirostris dulitensis	466550	subspecies
466552		Meleagridinae	9005	subfamily
466585	grouses	Tetraoninae	9005	subfamily
467030	red-fronted macaw	Ara rubrogenys	9225	species
467031	great green macaw	Ara ambiguus	9225	species
467065		Rostratula australis	118793	subspecies
467132		Chiroxiphia pareola	196026	species
467133		Pipra rubrocapilla	88178	species
467134		Pipra aureola	88178	species
467135		Lepidothrix nattereri	321397	species
467754		Lanius collaris collaris	98117	subspecies
467755		Lanius collurio collurio	56324	subspecies
467756		Lanius isabellinus phoenicuroides	276764	subspecies
467757		Lanius minor minor	466048	subspecies
468373		Cercomacroides serva	2767395	species
468374		Cercomacroides tyrannina	2767395	species
468375		Drymophila genei	88168	species
468482		Epinecrophylla	81887	genus
468483		Epinecrophylla haematonota	468482	species
468484		Gymnopithys rufigula	288081	species
468485	Bicolored antbird	Gymnopithys bicolor	288081	species
468486		Oneillornis lunulatus	2767939	species
468487		Oneillornis salvini	2767939	species
468489		Hylophylax punctulatus	288091	species
468491		Mackenziaena leachii	288049	species
468492		Myrmeciza longipes	288071	species
468493	ferruginous-backed antbird	Myrmoderus ferrugineus	2133929	species
468494		Myrmeciza ruficauda	288071	species
468495		Myrmeciza squamosa	288071	species
468496		Myrmeciza laemosticta	288071	species
468499		Myrmeciza pelzelni	288071	species
468500		Myrmeciza castanea	288071	species
468501		Myrmeciza hyperythra	288071	species
468502		Myrmeciza melanoceps	288071	species
468503		Myrmeciza goeldii	288071	species
468504		Myrmeciza immaculata	288071	species
468505		Myrmeciza atrothorax	288071	species
468506		Myrmotherula brachyura	88176	species
468507		Myrmotherula longicauda	88176	species
468508		Myrmoborus lophotes	288069	species
468509		Percnostola rufifrons	324748	species
468511		Pithys castaneus	265641	species
468512	white-breasted antbird	Rhegmatorhina hoffmannsi	288079	species
468532		Terenura sharpei	88182	species
468533		Thamnomanes saturninus	288065	species
468613		Amazona sp. TEM-2007	2638819	species
470159		Riparia diluta	72879	species
471126		Columba leucomela	8931	species
471127		Geopelia placida	115646	species
471128		Geophaps plumifera	137253	species
471129		Geophaps scripta	137253	species
471130		Geophaps smithii	137253	species
471131		Zentrygon frenata	1471558	species
471132		Macropygia nigrirostris	115674	species
471133		Metriopelia aymara	115676	species
471134		Metriopelia melanoptera	115676	species
471135		Petrophassa rufipennis	262133	species
471137		Phaps elegans	115694	species
471138		Phaps histrionica	115694	species
471139		Ptilinopus rivoli	115696	species
471140		Reinwardtoena reinwardtii	177157	species
471234		Gallinula nesiotis	9122	species
471235		Gallinula comeri	471234	subspecies
471240		Gallinula chloropus chloropus	9123	subspecies
471241		Gallinula galeata galeata	1003838	subspecies
471243		Gallinula chloropus guami	9123	subspecies
471245		Gallinula chloropus orientalis	9123	subspecies
471248		Gallinula galeata sandvicensis	1003838	subspecies
471249		Gallinula tenebrosa	9122	species
471253		Gallinula angulata	9122	species
471255		Tribonyx mortierii	2861763	species
471256		Gallinula pacifica	9122	species
471258		Gallinula chloropus brachyptera	9123	subspecies
471261		Gallinula chloropus indica	9123	subspecies
471713	Major Mitchell's cockatoo	Lophochroa leadbeateri	2819877	species
471714		Lorius chlorocercus	13113	species
471715		Platycercus venustus	35541	species
471862	Least tern	Sternula antillarum	425655	species
472240		Polyplectron schleiermacheri	9058	species
472241		Polyplectron katsumatae	9058	species
472768	Long-tailed sylph	Aglaiocercus kingii	304596	species
472770		Amazilia fimbriata	57391	species
472771	green-bellied hummingbird	Amazilia viridigaster	57391	species
472772	steely-vented hummingbird	Amazilia saucerottei	57391	species
472773		Amazilia amabilis	57391	species
472774		Amazilia franciae	57391	species
472775		Amazilia versicolor	57391	species
472776		Amazilia decora	57391	species
472777	Cinnamon Hummingbird	Amazilia rutila	57391	species
472778		Aphantochroa	9242	genus
472779		Aphantochroa cirrochloris	472778	species
472780		Boissonneaua flavescens	1109028	species
472783		Calliphlox	9242	genus
472784		Calliphlox bryantae	472783	species
472785		Calliphlox mitchellii	472783	species
472786		Campylopterus hemileucurus	304604	species
472787		Campylopterus hyperythrus	304604	species
472789		Chaetocercus	9242	genus
472790		Chaetocercus mulsant	472789	species
472791		Chalybura	9242	genus
472792		Chalybura buffonii	472791	species
472793		Chalybura urochrysia	472791	species
472794		Chrysolampis	9242	genus
472795	Ruby-topaz hummingbird	Chrysolampis mosquitus	472794	species
472796		Coeligena lutetiae	56649	species
472797		Colibri delphinae	214662	species
472798		Colibri thalassinus	214662	species
472801	green thorntail	Discosura conversii	190683	species
472802		Discosura popelairii	190683	species
472803		Doryfera johannae	214664	species
472804		Elvira chionura	304612	species
472806		Eriocnemis mosquera	56652	species
472807		Eriocnemis vestita	56652	species
472808		Eupherusa	9242	genus
472809		Eupherusa eximia	472808	species
472811		Eupherusa nigriventris	472808	species
472812	Bronzy hermit	Glaucis aeneus	190456	species
472814		Haplophaedia lugens	304641	species
472820		Heliactin bilophus	304643	species
472823		Heliangelus exortis	66416	species
472824		Heliodoxa aurescens	304646	species
472826		Heliodoxa imperatrix	304646	species
472827		Heliodoxa rubinoides	304646	species
472828		Heliodoxa xanthogonys	304646	species
472833		Lophornis pavoninus	304656	species
472894		Microchera	9242	genus
472895		Microchera albocoronata	472894	species
472896		Opisthoprora	9242	genus
472897		Opisthoprora euryptera	472896	species
472898		Oxypogon	9242	genus
472899		Oxypogon guerinii	472898	species
472900		Phaethornis anthophilus	46512	species
472901		Phaethornis atrimentalis	46512	species
472902		Phaethornis augusti	46512	species
472903	straight-billed hermit	Phaethornis bourcieri	46512	species
472904	Western long-tailed hermit	Phaethornis longirostris	46512	species
472905	Little hermit	Phaethornis longuemareus	46512	species
472906		Phaethornis philippii	46512	species
472907		Phaethornis syrmatophorus	46512	species
472908		Polytmus	9242	genus
472909	White-tailed goldenthroat	Polytmus guainumbi	472908	species
472910	Green-tailed goldenthroat	Polytmus theresiae	472908	species
472911		Ramphomicron	9242	genus
472912		Ramphomicron microrhynchum	472911	species
472913		Selasphorus flammula	29059	species
472914	Calliope hummingbird	Selasphorus calliope	29059	species
472915		Urochroa	9242	genus
472916		Urochroa bougueri	472915	species
472917		Heliodoxa schreibersii	304646	species
472918		Rhodopis	9242	genus
472919		Rhodopis vesper	472918	species
472989	Chinese francolin	Francolinus pintadeanus	9018	species
473863		Cossypha natalensis	228313	species
473864		Grallaria capitalis	117144	species
473964	Flightless cormorant	Phalacrocorax harrisi	9207	species
474924	Kamchatka leaf warbler	Phylloscopus examinandus	9181	species
474925		Phylloscopus borealis kennicotti	36273	subspecies
475040		Sasia ochracea kinneari	345728	subspecies
475041		Sasia ochracea ochracea	345728	subspecies
475775		Haematortyx	466544	genus
475776		Haematortyx sanguiniceps	475775	species
476436		Pseudasthenes humicola	2823193	species
476437		Sylviorthorhynchus	9136	genus
476438		Sylviorthorhynchus desmursii	476437	species
477928		Corvus corax canariensis	56781	subspecies
477929		Corvus corax principalis	56781	subspecies
477930		Corvus corax tibetanus	56781	subspecies
477931		Corvus corax varius	56781	subspecies
477932	Mesopotamian crow	Corvus cornix capellanus	181096	subspecies
477933	Sardinian hooded crow	Corvus cornix sardonius	181096	subspecies
477934		Corvus dauuricus	30420	species
477935		Corvus frugilegus frugilegus	75140	subspecies
477936		Corvus frugilegus pastinator	75140	subspecies
477937		Coloeus monedula monedula	30423	subspecies
477938		Coloeus monedula soemmerringii	30423	subspecies
477939		Coloeus monedula spermologus	30423	subspecies
477940		Cyanocorax chrysops chrysops	54579	subspecies
477941	purplish jay	Cyanocorax cyanomelas	54578	species
477942		Nucifraga caryocatactes caryocatactes	56786	subspecies
477943		Perisoreus infaustus infaustus	56787	subspecies
477944		Perisoreus infaustus maritimus	56787	subspecies
477945		Perisoreus infaustus ruthenus	56787	subspecies
477946		Perisoreus infaustus sibericus	56787	subspecies
477947		Perisoreus infaustus yakutensis	56787	subspecies
477948		Pica pica camtschatica	34924	subspecies
477954		Nucifraga caryocatactes macrorhynchos	56786	subspecies
478515		Quelea quelea lathami	187445	subspecies
478597		Elaenia cristata	111982	species
478598		Elaenia mesoleuca	111982	species
478599		Elaenia obscura	111982	species
478600		Elaenia parvirostris	111982	species
478601		Fluvicola nengeta	196029	species
478602		Hemitriccus diops	265624	species
478603		Hemitriccus nidipendulus	265624	species
478604		Hemitriccus striaticollis	265624	species
478605		Knipolegus cyanirostris	377286	species
478606		Knipolegus franciscanus	377286	species
478607		Knipolegus lophotes	377286	species
478608		Knipolegus nigerrimus	377286	species
478609		Myiobius atricaudus	190022	species
478610		Myiodynastes maculatus	371927	species
478611		Myiopagis caniceps	196042	species
478612		Myiopagis gaimardii	196042	species
478613		Myiornis auricularis	360215	species
478614		Poecilotriccus latirostris	360242	species
478615		Poecilotriccus plumbeiceps	360242	species
478616		Suiriri suiriri affinis	456430	subspecies
478617		Suiriri suiriri suiriri	456430	subspecies
478618		Synallaxis frontalis	88180	species
478619		Xolmis velatus	123646	species
478620		Attila	28728	genus
478621		Attila phoenicurus	478620	species
478622		Casiornis	28728	genus
478623		Casiornis rufus	478622	species
478624		Culicivora	28728	genus
478625		Culicivora caudacuta	478624	species
478626		Empidonomus	28728	genus
478627		Empidonomus varius	478626	species
478628		Euscarthmus	28728	genus
478629		Euscarthmus meloryphus	478628	species
478630		Legatus	28728	genus
478631		Legatus leucophaius	478630	species
478632		Megarynchus	28728	genus
478633	Boat-billed flycatcher	Megarynchus pitangua	478632	species
478634		Myiozetetes	28728	genus
478635		Myiozetetes cayanensis	478634	species
478636		Polystictus	28728	genus
478637		Polystictus superciliaris	478636	species
478638		Pseudocolopteryx	28728	genus
478639		Pseudocolopteryx acutipennis	478638	species
478640		Sirystes	28728	genus
478641		Sirystes sibilator	478640	species
478642		Griseotyrannus	28728	genus
478643		Griseotyrannus aurantioatrocristatus	478642	species
478644		Attila rufus	478620	species
478645		Attila spadiceus	478620	species
478646		Casiornis fuscus	478622	species
478647		Myiozetetes similis	478634	species
478648		Philohydor	28728	genus
478649		Philohydor lictor	478648	species
478827		Aegolius acadicus brooksi	56265	subspecies
478828		Cyanocitta stelleri carlottae	114083	subspecies
478829		Pinicola enucleator carlottae	175947	subspecies
478830		Pinicola enucleator leucura	175947	subspecies
478831		Picoides villosus picoideus	51356	subspecies
480921		Garrulax strepitans	98126	species
481744		Aphelocoma ultramarina colimae	55973	subspecies
481746		Aphelocoma ultramarina ultramarina	55973	subspecies
481747		Aphelocoma wollweberi wollweberi	248078	subspecies
481813		Acrocephalus familiaris kingi	435335	subspecies
481814		Acrocephalus familiaris familiaris	435335	subspecies
481899	White-plumed honeyeater	Ptilotula penicillata	2041612	species
481900		Malurus coronatus	55806	species
481901		Malurus splendens emmottorum	222595	subspecies
481902		Malurus splendens musgravi	222595	subspecies
481903		Malurus splendens splendens	222595	subspecies
483049		Apalis nigriceps	208066	species
483050		Apalis chariessa	208066	species
483051		Apalis binotata	208066	species
483052		Apalis personata	208066	species
483053		Apalis viridiceps	208066	species
483054		Apalis ruddi	208066	species
483055		Apalis sharpii	208066	species
483056		Apalis argentea	208066	species
483057		Apalis bamendae	208066	species
483058		Apalis porphyrolaema	208066	species
483059		Apalis kaboboensis	208066	species
483060		Apalis chapini	208066	species
483061		Apalis melanocephala	208066	species
483062		Apalis chirindensis	208066	species
483063		Apalis alticola	208066	species
483064		Apalis karamojae	208066	species
483066		Apalis alticola alticola	483063	subspecies
483067		Apalis melanocephala melanocephala	483061	subspecies
483068		Apalis porphyrolaema porphyrolaema	483058	subspecies
483069		Apalis thoracica flaviventris	330756	subspecies
483070		Urolais	81890	genus
483071		Urolais epichlorus	483070	species
483072		Urolais epichlorus epichlorus	483071	subspecies
483404		Camaroptera harterti	98120	species
483509		Apalis cinerea cinerea	405067	subspecies
483510		Apalis jacksoni jacksoni	405068	subspecies
483511		Oreolais pulcher pulcher	405069	subspecies
483512		Apalis rufogularis nigrescens	405070	subspecies
483513	trilling tailorbird	Orthotomus chloronotus	546339	species
483553		Oedistoma pygmaeum	175127	species
483554		Toxorhamphus poliopterus	175136	species
483956		Lalage melanoleuca	254545	species
484080		Paradoxornis heudei	201370	species
486348		Turdus poliocephalus fumidus	358072	subspecies
486349		Turdus poliocephalus hygroscopus	358072	subspecies
486350		Turdus poliocephalus kulambangrae	358072	subspecies
486351		Turdus poliocephalus poliocephalus	358072	subspecies
486352		Turdus poliocephalus rennellianus	358072	subspecies
486353		Turdus poliocephalus thomassoni	358072	subspecies
486354		Turdus rubrocanus gouldi	357593	subspecies
486355		Turdus rubrocanus rubrocanus	357593	subspecies
486357		Turdus ruficollis ruficollis	411525	subspecies
486358		Turdus rufiventris rufiventris	311356	subspecies
486359		Turdus serranus serranus	411531	subspecies
486360		Turdus simillimus	9186	species
486361		Turdus simillimus simillimus	486360	subspecies
486362		Turdus smithi pondoensis	236056	subspecies
486363		Turdus swalesi swalesi	411552	subspecies
486364		Turdus torquatus torquatus	357595	subspecies
486365		Turdus viscivorus viscivorus	301543	subspecies
486366		Zoothera camaronensis graueri	1118858	subspecies
486368		Geokichla citrina innotata	1743270	subspecies
486369		Zoothera crossleyi	36287	species
486371	red-backed thrush	Zoothera erythronota	36287	species
486372		Zoothera erythronota mendeni	486371	subspecies
486373		Zoothera monticola	36287	species
486374		Zoothera monticola atrata	486373	subspecies
486375		Zoothera princei batesi	128946	subspecies
486376		Zoothera schistacea	36287	species
486377		Geokichla sibirica davisoni	2559352	subspecies
486378		Turdus abyssinicus abyssinicus	236055	subspecies
486379		Turdus albicollis paraguayensis	411549	subspecies
486380		Turdus assimilis dague	411548	subspecies
486381		Turdus falcklandii falcklandii	411538	subspecies
486382		Turdus ignobilis debilis	411541	subspecies
486383		Turdus iliacus iliacus	411526	subspecies
486384		Turdus leucomelas leucomelas	198470	subspecies
486385		Turdus libonyana peripheris	411517	subspecies
486386		Turdus ludoviciae	9186	species
486387		Turdus mandarinus	9186	species
486388		Turdus mandarinus mandarinus	486387	subspecies
486389		Turdus mandarinus sowerbyi	486387	subspecies
486390		Turdus maximus	9186	species
486391		Turdus merula intermedius	9187	subspecies
486392		Turdus merula merula	9187	subspecies
486393		Turdus migratorius migratorius	9188	subspecies
486395		Turdus naumanni naumanni	34940	subspecies
486412		Turdus lherminieri dominicensis	200373	subspecies
486413		Turdus lherminieri lawrencii	200373	subspecies
486414		Turdus lherminieri lherminieri	200373	subspecies
486500		Rostrhamus sociabilis major	156764	subspecies
486501		Rostrhamus sociabilis plumbeus	156764	subspecies
486502		Rostrhamus sociabilis sociabilis	156764	subspecies
486695		Catharus gracilirostris gracilirostris	172407	subspecies
486696		Oenanthe oenanthe oenanthe	279966	subspecies
486697		Turdus flavipes polionotus	1896771	subspecies
486719		Psophocichla litsitsirupa litsitsirupa	311372	subspecies
486720		Turdus niveiceps	9186	species
486721		Turdus obsoletus parambanus	411543	subspecies
486722		Turdus olivaceus nyikae	236053	subspecies
486723		Turdus pelios saturatus	338146	subspecies
486724		Turdus plumbeus ardosiaceus	200369	subspecies
486725		Turdus plumbeus plumbeus	200369	subspecies
488206		Aulacorhynchus haematopygus	57398	species
488207		Aulacorhynchus coeruleicinctis	57398	species
488208		Aulacorhynchus sulcatus	57398	species
488309	Belted kingfisher	Megaceryle alcyon	176941	species
488310	Ringed kingfisher	Megaceryle torquata	176941	species
488311		Malacoptila	135166	genus
488312	semicollared puffbird	Malacoptila semicincta	488311	species
488313	Red-fronted tinkerbird	Pogoniulus pusillus	91774	species
488314		Tigrisoma fasciatum	110693	species
488389		Laniarius bicolor	9194	species
488390		Laniarius erythrogaster	9194	species
488391		Laniarius atrococcineus	9194	species
488392		Laniarius mufumbiri	9194	species
488393		Laniarius atroflavus	9194	species
488394		Laniarius leucorhynchus	9194	species
488395		Laniarius poensis	9194	species
488396		Laniarius fuelleborni	9194	species
488397		Laniarius ambiguus	9194	species
488399		Laniarius major	9194	species
488403		Laniarius sublacteus	125280	subspecies
488404		Chlorophoneus	85067	genus
488405		Chlorophoneus bocagei	488404	species
488406		Laniarius sp. D69	2640430	species
488625		Laniarius atroflavus atroflavus	488393	subspecies
488626		Laniarius atroflavus craterum	488393	subspecies
488627		Laniarius barbarus barbarus	9196	subspecies
488628		Laniarius bicolor sticturus	488389	subspecies
488629		Laniarius ferrugineus natalensis	125280	subspecies
488630		Laniarius ferrugineus savensis	125280	subspecies
488631		Laniarius fuelleborni fuelleborni	488396	subspecies
488632		Laniarius funebris degener	272832	subspecies
488633		Laniarius luehderi luehderi	9198	subspecies
488634		Laniarius poensis camerunensis	488395	subspecies
488635		Laniarius holomelas	488395	subspecies
489119		Columba sp. WL-2007	2643597	species
491200	Eastern taiga bean goose	Anser middendorffii	8842	species
491646	Barbary falcon	Falco pelegrinoides	8952	species
491955	pied bushchat	Saxicola caprata	69509	species
491958	Reunion stonechat	Saxicola tectes	69509	species
492513	brown-throated parakeet	Eupsittula pertinax	1548947	species
492514		Neophema splendida	35536	species
492515		Polytelis alexandrae	35544	species
492528		Saxicola rubicola hibernans	230659	subspecies
492529		Saxicola rubicola rubicola	230659	subspecies
493818	Taiwan bulbul	Pycnonotus taivanus	125282	species
495147		Agriornis andicola	123639	species
495148		Alectrurus	28728	genus
495149		Alectrurus risora	495148	species
495152		Arundinicola	28728	genus
495153		Arundinicola leucocephala	495152	species
495154		Attila torridus	478620	species
495155		Pseudotriccus ruficeps	360245	species
495156		Poecilotriccus ruficeps	360242	species
495159	golden-faced tyrannulet	Zimmerius chrysops	456437	species
495160		Ornithion brunneicapillus	456403	species
495161		Tachuris	28728	genus
495162		Tachuris rubrigastra	495161	species
495163		Polystictus pectoralis	478636	species
495164		Rhynchocyclus fulvipectus	360247	species
495165		Onychorhynchus occidentalis	360223	species
495168		Myiophobus flavicans	456385	species
495169		Myiophobus phoenicomitra	456385	species
495170		Myiophobus inornatus	456385	species
495171		Myiophobus roraimae	456385	species
495172		Myiophobus pulcher	456385	species
495173		Myiophobus lintoni	456385	species
495174	ochraceous-breasted Flycatcher	Nephelomyias ochraceiventris	2338514	species
495175		Myiophobus cryptoxanthus	456385	species
495185		Myiobius villosus	190022	species
495199		Pyrrhomyias	28728	genus
495200		Pyrrhomyias cinnamomeus	495199	species
495201		Hirundinea	28728	genus
495202		Hirundinea ferruginea	495201	species
495217		Tumbezia	28728	genus
495218		Tumbezia salvini	495217	species
495219	yellow-bellied chat-tyrant	Ochthoeca diadema	456399	species
495227		Cnemarchus	28728	genus
495228		Cnemarchus erythropygius	495227	species
495229		Myiotheretes	28728	genus
495230		Myiotheretes fumigatus	495229	species
495231		Xolmis irupero	123646	species
495232		Neoxolmis	28728	genus
495233		Neoxolmis rufiventris	495232	species
495234		Polioxolmis	28728	genus
495235		Polioxolmis rufipennis	495234	species
495236		Hymenops	28728	genus
495237		Hymenops perspicillatus	495236	species
495238		Satrapa	28728	genus
495239		Satrapa icterophrys	495238	species
495240		Machetornis	28728	genus
495241		Machetornis rixosa	495240	species
495242		Rhytipterna simplex	204061	species
495243		Deltarhynchus	28728	genus
495244		Deltarhynchus flammulatus	495243	species
495245		Ramphotrigon fuscicauda	360231	species
495246		Pachyramphus castaneus	114332	species
495247		Neopelma pallescens	114328	species
495249		Pogonotriccus	28728	genus
495250		Pogonotriccus poecilotis	495249	species
495913		Falco araeus	8952	species
495914		Falco moluccensis	8952	species
495922		Falco sparverius cinnamominus	56350	subspecies
495932		Falco sparverius sparverius	56350	subspecies
495937		Falco alopex	8952	species
495938		Falco ardosiaceus	8952	species
495939		Falco dickinsoni	8952	species
495940		Falco zoniventris	8952	species
495941	red-necked falcon	Falco chicquera	8952	species
495942		Falco chicquera chicquera	495941	subspecies
495943		Falco chicquera horsbrughi	495941	subspecies
495945		Falco amurensis	8952	species
495946		Falco eleonorae	8952	species
495947	sooty falcon	Falco concolor	8952	species
495949		Falco femoralis pichinchae	56349	subspecies
495951		Falco columbarius aesalon	8953	subspecies
495952		Falco columbarius columbarius	8953	subspecies
495956		Falco columbarius richardsonii	8953	subspecies
495962		Falco deiroleucus	8952	species
495964		Falco cuvierii	8952	species
495965		Falco severus	8952	species
495971		Falco novaeseelandiae	8952	species
495972		Falco berigora	8952	species
495977		Falco hypoleucos	8952	species
495978		Falco subniger	8952	species
495981		Falco peregrinus anatum	8954	subspecies
495982		Falco peregrinus brookei	8954	subspecies
495983		Falco peregrinus calidus	8954	subspecies
495984		Falco peregrinus cassini	8954	subspecies
495987		Falco peregrinus macropus	8954	subspecies
495989		Falco peregrinus minor	8954	subspecies
495990		Falco peregrinus nesiotes	8954	subspecies
495991		Falco peregrinus pealei	8954	subspecies
495992		Falco peregrinus peregrinator	8954	subspecies
495993		Falco peregrinus peregrinus	8954	subspecies
495995		Falco peregrinus tundrius	8954	subspecies
495996		Falco pelegrinoides babylonicus	491646	subspecies
495997		Falco pelegrinoides pelegrinoides	491646	subspecies
495998		Falco cenchroides cenchroides	148593	subspecies
495999		Falco cherrug cyanopus	345164	subspecies
496004		Falco rusticolus candidans	120794	subspecies
496005		Falco rusticolus obsoletus	120794	subspecies
496006		Falco vespertinus vespertinus	56351	subspecies
496007		Microhierax caerulescens caerulescens	263164	subspecies
496008		Milvago chimango chimango	357707	subspecies
496009		Polihierax semitorquatus semitorquatus	56339	subspecies
496010		Caracara plancus plancus	8951	subspecies
497055		Platysteira albifrons	107225	species
497056		Platysteira peltata	107225	species
497057		Platysteira tonsa	107225	species
497058		Dyaphorophyia blissetti	1160850	species
497059		Platysteira concreta	107225	species
497060		Platysteira jamesoni	107225	species
497061		Platysteira laticincta	107225	species
497720		Psophocichla litsitsirupa simensis	311372	subspecies
497867	New Zealand sacred kingfisher	Todiramphus sanctus vagans	342380	subspecies
498208		Emberiza hortulana	30424	species
498209		Ixobrychus minutus	110684	species
498210		Passer moabiticus	9159	species
498212	Spotted wood-owl	Strix seloputo	36304	species
498248		Todiramphus sanctus canacorum	342380	subspecies
498252		Todiramphus sanctus sanctus	342380	subspecies
498409		Garrulax morrisonianus	98126	species
498410	Petit's cuckoo-shrike	Campephaga petiti	137516	species
498411		Campochaera	880551	genus
498412		Campochaera sloetii	498411	species
498413		Coracina striata guillemardi	424851	subspecies
498414		Coracina striata kochii	424851	subspecies
498415		Edolisoma admiralitatis	2071345	species
498416		Edolisoma tenuirostre heinrothi	381023	subspecies
498417		Edolisoma tenuirostre matthiae	381023	subspecies
498418		Coracina welchmani	108824	species
498419		Coracornis	28725	genus
498420		Coracornis raveni	498419	species
498421		Hylocitrea	28725	genus
498422		Hylocitrea bonensis	498421	species
498423		Lalage tricolor	254545	species
498424		Lalage leucopyga	254545	species
498425		Lalage leucopygialis	254545	species
498428		Pachycephala grisola	46903	species
500303	Hawaiian duck	Anas wyvilliana	8835	species
500304		Anas platyrhynchos x Anas wyvilliana	8835	species
500626		Setophaga petechia x Geothlypis trichas	2527871	species
500710		Helicolestes hamatus	2869451	species
501308		Cynanthus	9242	genus
501309		Cynanthus sordidus	501308	species
501310	Broad-billed hummingbird	Cynanthus latirostris	501308	species
501312		Cynanthus doubledayi	501308	species
501314		Cynanthus latirostris lawrencei	501310	subspecies
501318	Mexican hermit	Phaethornis mexicanus	46512	species
501389		Zonotrichia leucophrys pugetensis	44393	subspecies
502626		Elaenia cherriei	111982	species
502627		Elaenia sordida	111982	species
502628		Elaenia olivina	111982	species
502629		Elaenia albiceps albiceps	265623	subspecies
502630		Elaenia chilensis	111982	species
502631		Elaenia albiceps griseogularis	265623	subspecies
502632		Elaenia chiriquensis albivertex	198472	subspecies
502633	Coopmans's Elaenia	Elaenia brachyptera	111982	species
502634		Elaenia dayi	111982	species
502635		Elaenia fallax fallax	190403	subspecies
502636		Elaenia frantzii	111982	species
502637		Elaenia gigas	111982	species
502638		Elaenia obscura obscura	478599	subspecies
502639		Elaenia pallatangae	111982	species
502640		Elaenia pallatangae intensa	502639	subspecies
502641		Elaenia pallatangae pallatangae	502639	subspecies
502642		Elaenia pelzelni	111982	species
502643		Elaenia spectabilis	111982	species
502644		Elaenia strepera	111982	species
502645		Myiopagis olallai	196042	species
502646		Myiopagis flavivertex	196042	species
502647		Myiopagis subplacens	196042	species
502648		Myiopagis caniceps caniceps	478611	subspecies
502649		Myiopagis caniceps cinerea	478611	subspecies
502650		Myiopagis gaimardii gaimardii	478612	subspecies
502651		Myiopagis gaimardii guianensis	478612	subspecies
502652		Myiopagis gaimardii macilvainii	478612	subspecies
502653		Myiopagis viridicata accola	196043	subspecies
502654		Myiopagis viridicata implacens	196043	subspecies
502655		Myiopagis viridicata jaliscensis	196043	subspecies
502656		Myiopagis viridicata pacifica	196043	subspecies
502657		Myiopagis viridicata placens	196043	subspecies
502658		Myiopagis viridicata restricta	196043	subspecies
502659		Myiopagis viridicata viridicata	196043	subspecies
502660	Bolivian tyrannulet	Zimmerius bolivianus	456437	species
502661	slender-footed tyrannulet	Zimmerius gracilipes	456437	species
502662	Peruvian tyrannulet	Zimmerius viridiflavus	456437	species
502663	Choco tyrannulet	Zimmerius albigularis	456437	species
502664	Guianan tyrannulet	Zimmerius acer	456437	species
502665		Zimmerius chrysops chrysops	495159	subspecies
502666		Zimmerius chrysops flavidifrons	495159	subspecies
502667		Zimmerius gracilipes gilvus	502661	subspecies
502668		Zimmerius gracilipes gracilipes	502661	subspecies
503981		Bolbopsittacus	9224	genus
503982		Bolbopsittacus lunulatus	503981	species
503983	cobalt-winged parakeet	Brotogeris jugularis	176017	species
503984		Cyclopsitta	9224	genus
503985		Cyclopsitta diophthalma	503984	species
503986		Geoffroyus	9224	genus
503987		Geoffroyus heteroclitus	503986	species
503988		Parvipsitta porphyrocephala	2823049	species
503989		Leptosittaca	9224	genus
503990		Leptosittaca branickii	503989	species
504062	White-naped lory	Lorius albidinucha	13113	species
504063		Neopsittacus musschenbroekii	176067	species
504064		Northiella	9224	genus
504065	bluebonnet	Northiella haematogaster	504064	species
504066		Phigys	35610	genus
504067		Phigys solitarius	504066	species
504068		Platycercus adscitus	35541	species
504069		Prioniturus luconensis	309872	species
504089		Touit batavicus	458124	species
504291		Emberiza buchanani	30424	species
504292		Emberiza cabanisi	30424	species
504293		Emberiza caesia	30424	species
504294	Cape bunting	Emberiza capensis	30424	species
504295	yellow-browed bunting	Emberiza chrysophrys	30424	species
504296		Emberiza cia	30424	species
504298	lark-like bunting	Emberiza impetuani	30424	species
504299		Emberiza jankowskii	30424	species
504300	Pine bunting	Emberiza leucocephalos	30424	species
504325		Emberiza sulphurata	30424	species
504327	cinnamon-breated bunting	Emberiza tahapisi	30424	species
504329	ochre-rumped bunting	Emberiza yessoensis	30424	species
504330		Emberiza striolata	30424	species
504331	Palm tanager	Thraupis palmarum	58208	species
504332		Sturnella superciliaris	56328	species
504338		Latoucheornis	400781	genus
504885	Scrub Euphonia	Euphonia affinis	62198	species
504886	Melodious blackbird	Dives dives	84796	species
504887	Ruddy ground-dove	Columbina talpacoti	111973	species
505297		Emberiza aureola ornata	433632	subspecies
505298		Emberiza buchanani neobscura	504291	subspecies
505299		Emberiza cabanisi cabanisi	504292	subspecies
505300		Emberiza capensis capensis	504294	subspecies
505301		Emberiza cia cia	504296	subspecies
505302		Emberiza cioides weigoldi	260902	subspecies
505303		Emberiza cirlus cirlus	100457	subspecies
505304		Emberiza citrinella citrinella	37595	subspecies
505305		Emberiza elegans elegans	160761	subspecies
505306		Emberiza fucata fucata	337179	subspecies
505307		Emberiza godlewskii omissa	460201	subspecies
505308		Emberiza impetuani sloggetti	504298	subspecies
505309		Emberiza leucocephalos leucocephalos	504300	subspecies
505310		Emberiza pallasi polaris	353556	subspecies
505311		Emberiza schoeniclus schoeniclus	30425	subspecies
505312		Emberiza spodocephala spodocephala	125294	subspecies
505313		Emberiza striolata striolata	504330	subspecies
505314		Emberiza tahapisi tahapisi	504327	subspecies
505315		Emberiza yessoensis yessoensis	504329	subspecies
505316		Emberiza calandra parroti	460200	subspecies
507472		Passer insularis	9159	species
507594		Himantopus leucocephalus	225398	subspecies
507595		Himantopus melanurus	225398	subspecies
507596		Recurvirostra andina	171274	species
507597		Sternula albifrons	425655	species
507598	Grey-tailed tattler	Tringa brevipes	161681	species
507599	Wandering tattler	Tringa incana	161681	species
507600	Willet	Tringa semipalmata	161681	species
507602		Sericulus aureus	34936	species
507603		Sericulus bakeri	34936	species
507604		Sericulus ardens	34936	species
507755		Aquila chrysaetos homeyeri	8962	subspecies
507756		Aquila chrysaetos daphanes	8962	subspecies
507936		Aegolius acadicus acadicus	56265	subspecies
507937		Asio capensis	56266	species
507939		Asio otus canariensis	111810	subspecies
507940		Asio otus otus	111810	subspecies
507941		Athene lilith	126785	species
507942		Athene noctua plumipes	126797	subspecies
507943		Athene noctua vidalii	126797	subspecies
507944		Bubo africanus africanus	126801	subspecies
507945		Bubo bubo bubo	30461	subspecies
507946		Bubo bubo interpositus	30461	subspecies
507947		Bubo bubo sibiricus	30461	subspecies
507948		Bubo bubo swinhoei	30461	subspecies
507949		Bubo bubo turcomanus	30461	subspecies
507950		Bubo bubo yenisseensis	30461	subspecies
507951		Bubo capensis	30460	species
507952		Bubo capensis capensis	507951	subspecies
507953		Bubo capensis mackinderi	507951	subspecies
507955		Bubo virginianus virginianus	56268	subspecies
507957	Black-capped screech-owl	Megascops atricapilla	349401	species
507958	Tropical screech-owl	Megascops choliba	349401	species
507959	Yungas screech-owl	Megascops hoyi	349401	species
507960		Megascops napensis	349401	species
507961	Southern boobook	Ninox boobook	56288	species
507962		Ninox connivens connivens	79238	subspecies
507963	Sumba boobook	Ninox rudolfi	56288	species
507964		Otus lettia erythrocampe	209070	subspecies
507965		Otus lettia glabripes	209070	subspecies
507966		Otus scops scops	126827	subspecies
507967		Otus spilocephalus latouchi	208453	subspecies
507968		Otus sunia malayanus	257818	subspecies
507969		Psiloscops	30459	genus
507971		Ptilopsis	30459	genus
507972		Ptilopsis granti	507971	species
507973	Northern white-faced owl	Ptilopsis leucotis	507971	species
507974		Strix aluco wilkonskii	111821	subspecies
507975		Strix nebulosa lapponica	126836	subspecies
507976		Strix uralensis macroura	36305	subspecies
507977		Strix woodfordii nigricantior	111824	subspecies
507978		Strix woodfordii woodfordii	111824	subspecies
507979		Tyto alba affinis	56313	subspecies
507980		Tyto alba alba	56313	subspecies
507981	North African barn owl	Tyto alba erlangeri	56313	subspecies
507982		Tyto alba guttata	56313	subspecies
507984	Tasmanian masked-owl	Tyto castanops	56312	species
507985	Australian barn owl	Tyto javanica delicatula	1906754	subspecies
507987		Tyto javanica lulu	1906754	subspecies
507988		Tyto javanica sumbaensis	1906754	subspecies
507989	American barn owl	Tyto furcata	56312	species
507990		Tyto furcata furcata	507989	subspecies
507991		Tyto furcata pratincola	507989	subspecies
507992		Tyto furcata tuidara	507989	subspecies
507993	Eastern grass-owl	Tyto longimembris	56312	species
507994	Australian masked-owl	Tyto novaehollandiae	56312	species
508667		Himantopus novaezelandiae	225397	species
508676	Trindade petrel	Pterodroma arminjoniana	37063	species
509043	green-striped brush-finch	Arremon virenticeps	241749	species
509919		Telespiza ultima	74862	species
509921		Loxops caeruleirostris	64803	species
511756		Zosterops flavifrons	36298	species
511759		Zosterops flavifrons flavifrons	511756	subspecies
511760		Zosterops flavifrons majuscula	511756	subspecies
511761		Zosterops flavifrons macgillivrayi	511756	subspecies
511762		Zosterops flavifrons efatensis	511756	subspecies
511763		Zosterops flavifrons brevicauda	511756	subspecies
511764		Zosterops flavifrons gauensis	511756	subspecies
511765		Zosterops flavifrons perplexa	511756	subspecies
511766		Zosterops rennellianus	36298	species
511767		Zosterops lateralis macmillani	43581	subspecies
512403		Laniarius sp. ZMUC_116798	2640430	species
512417		Acanthis flammea flammea	54769	subspecies
512418		Acanthis flammea rostrata	54769	subspecies
512419		Acanthis hornemanni exilipes	90719	subspecies
512420		Linaria flavirostris rufostrigata	90717	subspecies
512571	White-browed shama	Copsychus luzoniensis	125862	species
512572		Cyornis rufigastra	127912	species
512573	Hainan blue-flycatcher	Cyornis hainanus	127912	species
512574		Nectarinia sperata	145371	species
512575		Rhipidura javanica	107227	species
512576	Willie-wagtail	Rhipidura leucophrys	107227	species
512639		Laniarius luehderi castaneiceps	9198	subspecies
512640		Laniarius aethiopicus aethiopicus	9195	subspecies
512641		Laniarius aethiopicus mossambicus	9195	subspecies
513298		Acridotheres albocinctus	245037	species
513299		Acridotheres cinereus	245037	species
513300		Acridotheres melanopterus	245037	species
513301	purple-backed starling	Sturnus sturninus	9171	species
513302		Acridotheres burmannicus	245037	species
513303	White-headed starling	Sturnia erythropygia	2282479	species
515671		Platycercus caledonicus	35541	species
515672	Hooded parrot	Psephotellus dissimilis	1804610	species
516643		Chlorospingus inornatus	62170	species
516644		Chlorospingus tacarcunae	62170	species
516645		Pselliophorus luteoviridis	380365	species
516646		Chlorospingus ophthalmicus albifrons	166061	subspecies
516647		Chlorospingus ophthalmicus argentinus	166061	subspecies
516648		Chlorospingus ophthalmicus cinereocephalus	166061	subspecies
516649		Chlorospingus ophthalmicus dwighti	166061	subspecies
516650		Chlorospingus ophthalmicus honduratius	166061	subspecies
516651		Chlorospingus ophthalmicus jaqueti	166061	subspecies
516652		Chlorospingus ophthalmicus ophthalmicus	166061	subspecies
516653		Chlorospingus ophthalmicus peruvianus	166061	subspecies
516654		Chlorospingus ophthalmicus postocularis	166061	subspecies
516655		Chlorospingus ophthalmicus punctulatus	166061	subspecies
516656		Chlorospingus ophthalmicus regionalis	166061	subspecies
516657		Chlorospingus ophthalmicus wetmorei	166061	subspecies
516658		Chlorospingus ophthalmicus fulvigularis	62170	species
517002		Icterus cayanensis tibialis	84805	subspecies
517758	white-throated bushchat	Saxicola insignis	69509	species
517759	Jerdon's bushchat	Saxicola jerdoni	69509	species
517760	white-tailed stonechat	Saxicola leucurus	69509	species
517762		Saxicola torquata indica	230656	subspecies
517763		Saxicola torquata promiscua	230656	subspecies
517764		Saxicola torquata salax	230656	subspecies
517765		Saxicola torquata stonei	230656	subspecies
517766		Saxicola torquata voeltzkowi	230656	subspecies
517767		Saxicola caprata bicolor	491955	subspecies
517768		Saxicola caprata fruticola	491955	subspecies
517769		Saxicola caprata pyrrhonota	491955	subspecies
517770		Saxicola dacotiae dacotiae	230655	subspecies
517771		Saxicola dacotiae murielae	230655	subspecies
517772	white-bellied bushcat	Saxicola gutturalis	69509	species
517773		Saxicola gutturalis gutturalis	517772	subspecies
518695		Accipiter cirrocephalus	8956	species
518696		Accipiter rufiventris	8956	species
518697	Mangrove black-hawk	Buteogallus subtilis	223495	species
518698		Melierax poliopterus	321114	species
518701		Urotriorchis	8955	genus
518702		Urotriorchis macrourus	518701	species
518749		Accipiter cirrocephalus cirrocephalus	518695	subspecies
518750		Accipiter rufiventris rufiventris	518696	subspecies
518751		Buteo nitidus pallida	387814	subspecies
518752		Buteogallus subtilis bangsi	518697	subspecies
518756		Buteogallus urubitinga ridgwayi	223497	subspecies
518758		Kaupifalco monogrammicus meridionalis	223780	subspecies
518759		Pseudastur albicollis williaminae	321093	subspecies
518761		Morphnarchus princeps princeps	345746	subspecies
518762		Morphnarchus princeps zimmeri	345746	subspecies
518920		Aerodramus fuciphagus amechanus	46478	subspecies
519467		Scytalopus pachecoi	9168	species
519468		Scytalopus novacapitalis	9168	species
519469		Scytalopus iraiensis	9168	species
519470		Scytalopus speluncae	9168	species
519473	white-breasted tapaculo	Eleoscytalopus indigoticus	573004	species
519474	Bahia tapaculo	Eleoscytalopus psychopompus	573004	species
519475		Psilorhamphus	9167	genus
519476		Psilorhamphus guttatus	519475	species
519477		Merulaxis	9167	genus
519478		Merulaxis ater	519477	species
519479		Merulaxis stresemanni	519477	species
519480		Eugralla	9167	genus
519481		Eugralla paradoxa	519480	species
519484		Hylopezus ochroleucus	117177	species
519842	elegant martin	Progne elegans	72874	species
519843	Peruvian martin	Progne murphyi	72874	species
519844		Progne subis arboricola	173220	subspecies
519845		Progne subis subis	173220	subspecies
519846		Progne chalybea macrorhamphus	72875	subspecies
519847		Progne chalybea chalybea	72875	subspecies
520021		Trogon clathratus	56310	species
520022		Apaloderma aequatoriale	57396	species
520023		Pharomachrus fulgidus	57429	species
520160		Garrulax lanceolatus lanceolatus	201302	subspecies
520161	black-faced laughingthrush	Trochalopteron affine	1673679	species
520162		Trochalopteron affine affine	520161	subspecies
520163		Trochalopteron affine oustaleti	520161	subspecies
520164		Garrulax albogularis eous	201309	subspecies
520165		Garrulax albogularis ruficeps	201309	subspecies
520166		Garrulax chinensis lochmius	238863	subspecies
520167		Garrulax chinensis monachus	238863	subspecies
520168	moustached laughingthrush	Ianthocincla cineracea	2698657	species
520169		Garrulax davidi	98126	species
520170	Elliot's laughingthrush	Trochalopteron elliotii	1673679	species
520171		Garrulax formosus	98126	species
520172	streaked laughingthrush	Trochalopteron lineatum	1673679	species
520173		Garrulax lunulatus	98126	species
520176		Garrulax pectoralis	98126	species
520177		Garrulax perspicillatus	98126	species
520192		Ianthocincla cineracea cinereiceps	520168	subspecies
520193		Ianthocincla cineracea strenua	520168	subspecies
520194		Garrulax davidi davidi	520169	subspecies
520195		Trochalopteron elliotii elliotii	520170	subspecies
520196		Trochalopteron elliotii przewalskii	520170	subspecies
520197		Trochalopteron erythrocephalum woodi	201310	subspecies
520198		Garrulax formosus formosus	520171	subspecies
520199		Trochalopteron lineatum lineatum	520172	subspecies
520200		Garrulax lunulatus lunulatus	520173	subspecies
520201		Trochalopteron milnei sharpei	1743383	subspecies
520202		Ianthocincla ocellata maculipecta	201311	subspecies
520203		Garrulax pectoralis pingi	520176	subspecies
520204		Garrulax sannio comis	201312	subspecies
520205		Garrulax sannio sannio	201312	subspecies
520206		Heterophasia auricularis	201325	species
520207		Heterophasia capistrata nigriceps	201326	subspecies
520208		Heterophasia melanoleuca desgodinsi	201327	subspecies
520209		Leiothrix lutea yunnanensis	36275	subspecies
520210		Liocichla omeiensis	201337	species
520217		Actinodura cyanouroptera wingatei	201347	subspecies
520218		Minla ignotincta ignotincta	201348	subspecies
520219		Chrysominla strigula yunnanensis	201349	subspecies
520221		Erythrogenys gravivox odica	1608428	subspecies
520222		Pycnonotus sinensis sinensis	125283	subspecies
520223		Rhopophilus pekinensis pekinensis	330745	subspecies
520224		Cyanoderma ruficeps bhamoensis	181631	subspecies
520225		Yuhina flavicollis rouxi	181638	subspecies
521068		Pachycephala citreogaster	46903	species
521069		Pachycephala citreogaster citreogaster	521068	subspecies
521070		Pachycephala citreogaster sexuvaria	521068	subspecies
521082		Pachycephala melanura dahli	381036	subspecies
521083		Pachycephala melanura robusta	381036	subspecies
521084	yellow-throated whistler	Pachycephala orioloides	46903	species
521085		Pachycephala orioloides christophori	521084	subspecies
521086		Pachycephala orioloides feminina	521084	subspecies
521087		Pachycephala pectoralis fuliginosa	46904	subspecies
521088		Pachycephala pectoralis youngi	46904	subspecies
521089	Banda sea whistler	Pachycephala macrorhyncha	46903	species
521090		Pachycephala macrorhyncha fuscoflava	521089	subspecies
521259		Phoebastria	37067	genus
522418		Erythrura tricolor	44315	species
522419		Estrilda astrild rubriventris	187427	subspecies
522421		Spermestes bicolor nigriceps	135438	subspecies
522427		Euodice cantans cantans	247811	subspecies
522428		Lonchura kelaarti	40156	species
522429		Lonchura malacca malacca	357702	subspecies
522430		Lonchura punctulata punctulata	414892	subspecies
522431		Lonchura quinticolor	40156	species
522432		Mandingoa nitidula schlegeli	247718	subspecies
522433		Bathilda ruficauda clarescens	247737	subspecies
522434		Delacourella capistrata	2821310	species
522436		Ortygospiza atricollis atricollis	187439	subspecies
522438		Poephila cincta cincta	247741	subspecies
522439		Poephila personata	40586	species
522440		Poephila personata personata	522439	subspecies
522441		Pytilia melba melba	247528	subspecies
522443		Pytilia phoenicoptera phoenicoptera	247530	subspecies
522444		Sporopipes squamifrons	187448	species
522649		Charadrius marginatus	50391	species
523728		Poicephalus rufiventris	176044	species
526173		Elminia albicauda	81908	species
526174		Elminia albiventris	81908	species
526177		Illadopsis rufipennis	98130	species
526178		Linurgus olivaceus kilimensis	357701	subspecies
526179		Linurgus olivaceus olivaceus	357701	subspecies
526630		Gygis alba candida	297809	subspecies
526631		Gygis alba microrhyncha	297809	subspecies
526632		Gygis alba pacifica	297809	subspecies
526633		Gygis alba rothschildi	297809	subspecies
528158		Malurus cyaneus ashbyi	55807	subspecies
528159		Malurus cyaneus cyaneus	55807	subspecies
528160		Malurus cyaneus cyanochlamys	55807	subspecies
528161		Malurus cyaneus elizabethae	55807	subspecies
528162		Malurus cyaneus leggei	55807	subspecies
528170		Stenostiridae	9126	family
528194		Sylvia abyssinica	43162	species
528195		Sylvia abyssinica monachus	528194	subspecies
528334		Apalopteron familiare hahasima	43155	subspecies
530031		Lepidothrix suavissima	321397	species
530032		Corapipo leucorrhoa	415027	species
530139		Cyanomitra	135425	genus
530140	tufted olive sunbird	Cyanomitra obscura	530139	species
530586		Regulus ignicapilla ignicapilla	73322	subspecies
530587		Regulus satrapa satrapa	13245	subspecies
531388		Glaucidium sjostedti	78216	species
531389		Strix occidentalis x Strix varia	36304	species
531868		Fregilupus	9170	genus
531869		Fregilupus varius	531868	species
531870		Regulus satrapa olivaceus	13245	subspecies
531871		Regulus regulus sikkimensis	68468	subspecies
531872		Regulus regulus interni	68468	subspecies
531873		Regulus regulus ellenthalerae	68468	subspecies
531874		Regulus goodfellowi	13244	species
531875		Leptopoecile elegans	73331	species
535304		Picus rabieri	100824	species
535305		Picus erythropygius	100824	species
535306		Picus puniceus	100824	species
535307		Picus viridanus	100824	species
535309		Picus vittatus	100824	species
535310		Picus xanthopygaeus	100824	species
539402		Anas platyrhynchos x Anas fulvigula	8835	species
539403		Anas platyrhynchos x Anas rubripes	8835	species
541004		Anas crecca crecca	75839	subspecies
541009		Chloephaga poliocephala	8859	species
541010	Bewick's swan	Cygnus columbianus bewickii	8867	species
541011		Mergus merganser merganser	8880	subspecies
541013	rosy-billed pochard	Netta peposaca	30386	species
541014		Somateria mollissima mollissima	76058	subspecies
541015		Tadorna cana	8888	species
542843		Larus glaucescens x Larus occidentalis	8911	species
543285	olive sunbird	Cyanomitra olivacea	530139	species
543353	Olive-backed forest-robin	Stiphrornis pyrrholaemus	94611	species
543359		Garrulax taewanus	98126	species
543504		Curruca cantillans cantillans	208071	subspecies
543506		Curruca cantillans albistriata	208071	subspecies
543863		Otus capnodes	56271	species
543864		Otus insularis	56271	species
543865		Otus ireneae	56271	species
543866		Megascops koepckeae	349401	species
543867		Otus lettia ussuriensis	209070	subspecies
543868		Otus mayottensis	56271	species
543869		Otus moheliensis	56271	species
543870		Otus pauliani	56271	species
543871		Otus pembaensis	56271	species
543872		Otus senegalensis	56271	species
543873	Asian barred owlet	Glaucidium cuculoides	78216	species
543875		Otus sp. JJF-2008	2620078	species
545262	spotted honeyguide	Indicator maculatus	189528	species
546339		Orthotomus	81890	genus
547196		Rallina	9119	genus
547197		Rallina eurizonoides	547196	species
547198		Rallina eurizonoides sepiaria	547197	subspecies
547940		Conirostrum margaritae	182922	species
547941	slaty flowerpiercer	Diglossa plumbea	62192	species
547942	Rusty flowerpiercer	Diglossa sittoides	62192	species
547943	Venezuelan flowerpiercer	Diglossa venezuelensis	62192	species
547944	white-sided flowerpiercer	Diglossa albilatera	62192	species
547945	chestnut-bellied flowerpiercer	Diglossa gloriosissima	62192	species
547946	moustached flowerpiercer	Diglossa mystacalis	62192	species
547947	Merida flowerpiercer	Diglossa gloriosa	62192	species
547948	black-throated flowerpiercer	Diglossa brunneiventris	62192	species
547949	scaled flowerpiercer	Diglossa duidae	62192	species
547950		Diglossopis	400783	genus
547951	Indigo flowerpiercer	Diglossa indigotica	62192	species
547952	deep-blue flowerpiercer	Diglossa glauca	62192	species
547953	bluish flowerpiercer	Diglossa caerulescens	62192	species
547955		Haplospiza rustica	135434	species
547956		Idiopsar	400783	genus
547957		Idiopsar brachyurus	547956	species
548484		Lanio fulvus	62216	species
548486		Melanodera	400783	genus
548487		Melanodera xanthogramma	548486	species
548488	Great-billed seed-finch	Sporophila maximiliani	135449	species
548490		Sicalis lutea	163866	species
548491		Anisognathus melanogenys	62156	species
548492		Anisognathus lacrymosus	62156	species
548493		Anisognathus igniventris	62156	species
548494		Anisognathus somptuosus	62156	species
548496		Anisognathus notabilis	62156	species
548497		Bangsia	1619329	genus
548498		Bangsia arcaei	548497	species
548499		Bangsia melanochlamys	548497	species
548500		Bangsia rothschildi	548497	species
548501		Bangsia edwardsi	548497	species
548502		Bangsia aureocincta	548497	species
548503		Buthraupis eximia	62158	species
548504		Buthraupis aureodorsalis	62158	species
548505		Buthraupis wetmorei	62158	species
548506		Chlorochrysa nitidissima	62162	species
548507		Iridosornis jelskii	62211	species
548508	Purplish-mantled tanager	Iridosornis porphyrocephalus	62211	species
548509		Iridosornis reinhardti	62211	species
548510		Iridosornis rufivertex	62211	species
548511		Lophospingus griseocristatus	357705	species
548512		Paroaria gularis	116993	species
548513		Schistochlamys ruficapillus	62241	species
548514		Stephanophorus	1619329	genus
548515		Stephanophorus diadematus	548514	species
548516		Tangara cyanoventris	58206	species
548517		Tangara preciosa	58206	species
548518		Thraupis cyanoptera	58208	species
548519		Thraupis ornata	58208	species
548521		Wetmorethraupis	1619329	genus
548522		Wetmorethraupis sterrhopteron	548521	species
548524		Tangara icterocephala	58206	species
548806		Coturnicops exquisitus	302534	species
551000		Lagopus muta pyrenaica	64668	subspecies
552614	Saffron siskin	Spinus siemiradzkii	1647189	species
552615	Yellow-rumped siskin	Spinus uropygialis	1647189	species
552616	Spotted rosefinch	Carpodacus rodopeplus	30426	species
552617	Vinaceous rosefinch	Carpodacus vinaceus	30426	species
552618		Pyrrhoplectes	37599	genus
552619		Pyrrhoplectes epauletta	552618	species
552620		Pyrrhula erythrocephala	37606	species
552621	Black-faced canary	Crithagra capistrata	1892169	species
552622		Serinus hypostictus	9134	species
552623		Serinus melanochrous	9134	species
552624		Serinus mennelli	9134	species
552625		Serinus reichardi	9134	species
552626		Serinus whytii	9134	species
552877	gold-fronted leafbird	Chloropsis aurifrons	175116	species
552878	white-cheeked laughingthrush	Garrulax vassali	98126	species
552880	White-browed crombec	Sylvietta leucophrys	208068	species
552881		Sylviinae	36270	subfamily
552884		unclassified Sylviidae	36270	no rank
552892		Amaurocichla	552884	genus
552893	Bocage's longbill	Motacilla bocagii	45806	species
552894		Chersomanes	72205	genus
552896		Dromaeocercus	330750	genus
552897	brown emu-tail	Bradypterus brunneus	203786	species
552898		Eremomela	330750	genus
552899	karoo eremomela	Eremomela gregalis	552898	species
552917		Hartertula	1743362	genus
552918	wedge-tailed jery	Hartertula flavoviridis	552917	species
552919		Lioptilus	9173	genus
552920	blackcap mountain-babbler	Lioptilus nigricapillus	552919	species
552921		Nesillas	330750	genus
552922	Madagascan brush warbler	Nesillas typica	552921	species
552926	spotted thrush-babbler	Illadopsis turdina	98130	species
552927		Salpornis	73328	genus
552928	spotted creeper	Salpornis spilonota	552927	species
555099	rufous-thighed hawk	Accipiter erythronemius	8956	species
555142		Chrysomus	164646	genus
555143	Unicolored blackbird	Agelasticus cyanopus	2820825	species
555144	Yellow-winged blackbird	Agelasticus thilius	2820825	species
555145	Grey-bellied shrike-tyrant	Agriornis micropterus	123639	species
555146		Agriornis murinus	123639	species
555218		Amaurospiza moesta	460164	species
555219	Correndera pipit	Anthus correndera	36257	species
555220		Anthus hellmayri	36257	species
555221		Anthus lutescens	36257	species
555222		Arremon flavirostris	241749	species
555223	Austral canastero	Asthenes anthoides	9137	species
555224	Short-billed canastero	Asthenes baeri	9137	species
555225		Asthenes modesta	9137	species
555226		Pseudasthenes patagonica	2823193	species
555227		Asthenes pyrrholeuca	9137	species
555228		Pseudasthenes steinbachi	2823193	species
555229		Attagis malouinus	227232	species
555230		Basileuterus bivittatus	85518	species
555231		Botaurus pinnatus	110660	species
555232		Chaetura andrei	8896	species
555233	Puna plover	Charadrius alticola	50391	species
555234	Chestnut-capped blackbird	Chrysomus ruficapillus	555142	species
555235		Circus cinereus	8963	species
555236		Coccyzus cinereus	33602	species
555237		Colaptes campestris	9221	species
555238		Colaptes pitius	9221	species
555239		Colorhamphus	28728	genus
555240		Colorhamphus parvirostris	555239	species
555241		Contopus fumigatus	183520	species
555242		Dendrocincla turdina	183178	species
555243		Donacospiza	62155	genus
555244		Donacospiza albifrons	555243	species
555245		Drymophila rubricollis	88168	species
555246		Emberizoides ypiranganus	221970	species
555250		Eriocnemis glaucopoides	56652	species
555251		Chlorophonia cyanocephala	62166	species
555252		Euphonia pectoralis	62198	species
555253		Fulica ardesiaca	9120	species
555254		Fulica armillata	9120	species
555255		Fulica cornuta	9120	species
555256		Fulica gigantea	9120	species
555257	red-fronted coot	Fulica rufifrons	9120	species
555258		Gallinago paraguaiae	107376	species
555259		Grallaria albigula	117144	species
555260		Gubernatrix	1619329	genus
555261		Gubernatrix cristata	555260	species
555262		Haematopus leucopodus	32635	species
555263		Heteronetta	2068716	genus
555264		Heteronetta atricapilla	555263	species
555265	Scissor-tailed nightjar	Hydropsalis torquata	335116	species
555266		Ixobrychus involucris	110684	species
555267		Knipolegus aterrimus	377286	species
555268		Knipolegus hudsoni	377286	species
555269		Knipolegus signatus	377286	species
555270	scalloped woodcreeper	Lepidocolaptes falcinellus	75970	species
555271		Leptasthenura fuliginiceps	288031	species
555272		Leptasthenura platensis	288031	species
555273	White-bridled finch	Melanodera melanodera	548486	species
555274		Mimus dorsalis	58200	species
555276	Masked duck	Nomonyx dominicus	90705	species
555277		Nothura	8803	genus
555278		Nothura darwinii	555277	species
555279		Nothura maculosa	555277	species
555299		Nystalus chacuru	135177	species
555300	Andean duck	Oxyura ferruginea	8883	species
555301		Pardirallus	9119	genus
555302		Pardirallus sanguinolentus	555301	species
555303		Phacellodomus maculipectus	288034	species
555304		Phacellodomus rufifrons	288034	species
555305		Phacellodomus striaticeps	288034	species
555307		Phacellodomus striaticollis	288034	species
555309	Imperial shag	Leucocarbo atriceps	1523025	species
555310		Philydor lichtensteini	183164	species
555322		Phimosus	33574	genus
555323		Phimosus infuscatus	555322	species
555325		Phrygilus carbonarius	137212	species
555326		Phrygilus fruticeti	137212	species
555327		Phrygilus gayi	137212	species
555328		Phrygilus patagonicus	137212	species
555329		Podiceps gallardoi	37049	species
555330		Podiceps major	37049	species
555331	azure gallinule	Porphyrio flavirostris	54483	species
555332		Pseudocolopteryx flaviventris	478638	species
555333		Pseudocolopteryx sclateri	478638	species
555334		Pseudoscops	30459	genus
555335	striped owl	Pseudoscops clamator	555334	species
555336		Pseudoseisura gutturalis	183168	species
555337		Psilopsiagon	9224	genus
555338	mountain parakeet	Psilopsiagon aurifrons	555337	species
555339		Rollandia	30448	genus
555340		Rollandia rolland	555339	species
555342		Saltator similis	58204	species
555343		Sappho	9242	genus
555345		Sicalis luteocephala	163866	species
555346		Spartonoica	9136	genus
555347		Spartonoica maluroides	555346	species
555348		Stephanoxis	9242	genus
555349		Stephanoxis lalandi	555348	species
555350	Brown skua	Catharacta antarctica	54057	species
555351		Sturnella loyca	56328	species
555352		Synallaxis azarae	88180	species
555353		Tachyphonus coronatus	62250	species
555354		Tachyphonus rufus	62250	species
555355		Thalasseus	8910	genus
555356	Royal tern	Thalasseus maximus	555355	species
555357		Thalurania glaucopis	190701	species
555358		Theristicus melanopis	399596	species
555359		Tinamotis	8803	genus
555360		Tinamotis ingoufi	555359	species
555361		Tinamotis pentlandii	555359	species
555362		Trichothraupis	400783	genus
555363	black-goggled tanager	Trichothraupis melanops	555362	species
555364		Xiphocolaptes albicollis	183176	species
555365		Xolmis cinereus	123646	species
555366		Xolmis coronatus	123646	species
555367		Xolmis rubetra	123646	species
555788		Amytornis merrotsyi	266390	species
555854		Agelaius phoeniceus assimilis	39638	subspecies
555855		Agelaius phoeniceus phoeniceus	39638	subspecies
555856		Icterus cayanensis periporphyrus	84805	subspecies
555857		Icterus cayanensis cayanensis	84805	subspecies
556183		Amytornis merrotsyi pedleri	555788	subspecies
556184		Amytornis merrotsyi merrotsyi	555788	subspecies
556927		Amytornis housei	266390	species
557576	Phoenix petrel	Pterodroma alba	37063	species
557577		Pterodroma cervicalis	37063	species
557578		Pterodroma gouldi	53675	subspecies
559174		Hydrocoloeus	8910	genus
559175	Little gull	Hydrocoloeus minutus	559174	species
559176		Larus canus kamtschatschensis	28681	subspecies
559178		Lamprolia victoriae	461253	species
559495	Sichuan partridge	Arborophila rufipectus	9104	species
561547		Melanerpes formicivorus angustifrons	211600	subspecies
561548		Melanerpes formicivorus bairdi	211600	subspecies
561549		Melanerpes formicivorus formicivorus	211600	subspecies
561550		Melanerpes formicivorus lineatus	211600	subspecies
561551		Melanerpes formicivorus striatipectus	211600	subspecies
563179	golden-cheeked warbler	Setophaga chrysoparia	182948	species
563834		Zoothera margaretae	36287	species
563836		Zoothera everetti	36287	species
563837		Cochoa purpurea	311359	species
564711	grey-backed tern	Onychoprion lunatus	425647	species
564712	Bridled tern	Onychoprion anaethetus	425647	species
564713	Aleutian tern	Onychoprion aleuticus	425647	species
564719	fairy tern	Sternula nereis	425655	species
564721		Sternula saundersi	425655	species
565568		Abroscopus schisticeps	330770	species
565569		Phylloscopus subaffinis	9181	species
565570		Phylloscopus armandii armandii	274621	subspecies
565571		Phylloscopus armandii perplexus	274621	subspecies
565572		Phylloscopus fuscatus weigoldi	56430	subspecies
565573		Phylloscopus fuscatus robustus	56430	subspecies
565574		Phylloscopus fuligiventer	9181	species
570426		Agelastes niger	388967	species
570427		Anthreptes seimundi	208074	species
570429		Chalcomitra	135425	genus
570430		Chalcomitra fuliginosa	570429	species
570431		Chalcomitra rubescens	570429	species
570433		Cinnyris	135425	genus
570434	olive-bellied sunbird	Cinnyris chloropygius	570433	species
570435	Northern double-collared sunbird	Cinnyris reichenowi	570433	species
570436	blue-throated brown sunbird	Cyanomitra cyanolaema	530139	species
570437	green-headed sunbird	Cyanomitra verticalis	530139	species
570438		Deleornis	135425	genus
570439		Deleornis fraseri	570438	species
570448		Fraseria	36291	genus
570449		Fraseria cinerascens	570448	species
570450		Hedydipna	135425	genus
570451		Hedydipna collaris	570450	species
570452		Malimbus	135446	genus
570453	Gray's malimbe	Malimbus nitens	570452	species
570454		Muscicapa olivascens	69507	species
570455		Oriolus brachyrynchus	98139	species
570456		Parmoptila woodhousei	208081	species
570457	Yellow-throated tinkerbird	Pogoniulus subsulphureus	91774	species
570458		Quelea erythrops	158617	species
570459	black-headed paradise-flycatcher	Terpsiphone rufiventer	98151	species
570460		Zosterops stenocricotus	135989	subspecies
570635		Hemignathus kauaiensis	64797	species
570941		Gallirallus ripleyi	9124	species
570942		Gallirallus temptatus	9124	species
570943		Gallirallus pendiculentus	9124	species
570973		Gallirallus calayanensis	9124	species
570974		Gallirallus insignis	9124	species
570975		Gallirallus rovianae	9124	species
570978		Nesoclopeus	9119	genus
571885		Emberiza affinis	30424	species
571886	Red-fronted rosefinch	Carpodacus puniceus	30426	species
571887	Dark-rumped rosefinch	Carpodacus edwardsii	30426	species
571888		Leucosticte brandti	190693	species
571889		Urocynchramus	9133	genus
571890		Urocynchramus pylzowi	571889	species
572097		Moho	600333	genus
572098	Hawaii Oo	Moho nobilis	572097	species
572099		Moho bishopi	572097	species
572100		Gymnomyza	9146	genus
572101	Mao honeyeater	Gymnomyza samoensis	572100	species
572102		Corvus nasicus	30420	species
572103		Chaetoptila	600333	genus
572104		Chaetoptila angustipluma	572103	species
572105		Moho apicalis	572097	species
572106		Moho braccatus	572097	species
572144		Zoothera cinerea	36287	species
572145		Zoothera dohertyi	36287	species
572146		Zoothera guttata	36287	species
572148		Zoothera oberlaenderi	36287	species
572149		Zoothera peronii	36287	species
572150		Zoothera spiloptera	36287	species
572151		Zoothera tanganjicae	36287	species
572152		Zoothera wardii	36287	species
573004		Eleoscytalopus	9167	genus
573046		Eumyias	36291	genus
573047		Eumyias indigo	573046	species
573048	island flycatcher	Eumyias panayensis	573046	species
573049		Eumyias thalassinus	573046	species
573050		Phylloscopus olivaceus	9181	species
573051		Zosterops atricapilla	36298	species
573214		Passerina amoena x Passerina cyanea	84842	species
573593	Tibetan partridge	Perdix hodgsoniae	9051	species
577682	Waitaha penguin	Megadyptes waitaha	37084	species
580600	Ecuadorian ground-dove	Columbina buckleyi	111973	species
583363		Ptilogonys caudatus	254653	species
583364		Hypocolidae	9126	family
583365		Hypocolius	583364	genus
583366		Hypocolius ampelinus	583365	species
584663		Anthracothorax dominicus	118179	species
584664		Anthracothorax veraguensis	118179	species
584665		Anthracothorax viridigula	118179	species
584666		Avocettula	9242	genus
584667		Avocettula recurvirostris	584666	species
585464	Intermediate egret	Ardea intermedia	30389	species
585465		Ardea pacifica	30389	species
585466	Bush stone-curlew	Burhinus grallarius	85104	species
585469		Nycticorax caledonicus	8900	species
585470	Olive-backed oriole	Oriolus sagittatus	98139	species
585473		Trichoglossus chlorolepidotus	176048	species
585475		Artamus sp. CCJ-2008	2624608	species
585476		Cacatua sp. CCJ-2008	2639382	species
585477		Pardalotus sp. CCJ-2008	2641002	species
586367		Anabacerthia variegaticeps	329509	species
586368		Philepitta schlegeli	137531	species
586766		Gallinago nigripennis	107376	species
587449		Arremonops chloronotus	95652	species
587450		Arremonops conirostris	95652	species
587451		Melozone biarcuata	95654	species
587453	Rufous-winged sparrow	Peucaea carpalis	194933	species
587455	Black-chested sparrow	Peucaea humeralis	194933	species
587457	Bridled sparrow	Peucaea mystacalis	194933	species
587458	Tumbes sparrow	Rhynchospiza stolzmanni	194933	species
587459		Aimophila notosticta	194933	species
587460		Aimophila quinquestriata	194933	species
587461		Aimophila rufescens	194933	species
587462	Stripe-headed sparrow	Peucaea ruficauda	194933	species
587463	Stripe-capped sparrow	Rhynchospiza strigiceps	194933	species
587464	Cinnamon-tailed sparrow	Peucaea sumichrasti	194933	species
588856		Francolinus pondicerianus interpositus	9019	subspecies
589643		Ammomanes deserti	215303	species
589644		Anthus petrosus littoralis	45801	subspecies
589645		Anthus pratensis pratensis	45803	subspecies
589646		Anthus spinoletta spinoletta	45802	subspecies
589647		Bucanetes	64795	genus
589648	Trumpeter finch	Bucanetes githagineus	589647	species
589650		Bucanetes githagineus crassirostris	589648	subspecies
589651		Linaria cannabina bella	160757	subspecies
589652		Carpospiza	9158	genus
589653		Carpospiza brachydactyla	589652	species
589654		Emberiza buchanani cerrutii	504291	subspecies
589655		Eremophila alpestris albigula	135430	subspecies
589656		Hippolais icterina icterina	68497	subspecies
589657		Melanocorypha	72205	genus
589658		Melanocorypha bimaculata	589657	species
589659		Melanocorypha bimaculata torquata	589658	subspecies
589660		Melanocorypha calandra	589657	species
589661		Melanocorypha calandra psammochroa	589660	subspecies
589699		Rhodospiza	64795	genus
589700		Rhodospiza obsoleta	589699	species
589701		Sitta neumayer	50248	species
589703		Sitta tephronota	50248	species
589704		Sitta tephronota iranica	589703	subspecies
589705		Curruca curruca curruca	43163	subspecies
589706		Tyto furcata bargei	507989	subspecies
589707		Chlorocharis	36297	genus
589708		Chlorocharis emiliae	589707	species
589709		Garrulax mitratus	98126	species
589840		Hypocryptadius	36297	genus
589841		Hypocryptadius cinnamomeus	589840	species
589842		Lophozosterops	36297	genus
589843		Heleia goodfellowi	634298	species
589844		Heleia squamiceps	634298	species
589845		Heleia superciliaris	634298	species
589849		Macronous ptilosus	181646	species
589850		Malacopteron magnirostre	201342	species
589851		Oculocincta	36297	genus
589852		Heleia squamifrons	634298	species
589853		Pellorneum capistratum	98145	species
589854		Speirops brunneus	364609	species
589855		Speirops melanocephalus	364609	species
589856		Stachyris capitalis	98149	species
589858		Zosterornis hypogrammicus	2771526	species
589859		Zosterornis latistriatus	2771526	species
589860		Stachyris speciosa	98149	species
589862		Woodfordia	36297	genus
589863		Zosterops superciliosus	36298	species
589875		Zosterops atrifrons	36298	species
589876		Zosterops chloris	36298	species
589877		Zosterops cinerea	36298	species
589878		Zosterops citrinella	36298	species
589880		Zosterops fuscicapilla	36298	species
589881		Zosterops griseotinctus	36298	species
589882		Zosterops inornatus	36298	species
589884		Zosterops kulambangrae	36298	species
589899		Zosterops luteirostris	36298	species
589900		Zosterops luteus	36298	species
589901		Zosterops metcalfii	36298	species
589902		Zosterops murphyi	36298	species
589903		Zosterops rendovae	36298	species
589906		Zosterops splendidus	36298	species
589907		Zosterops stresemanni	36298	species
589908		Zosterops ugiensis	36298	species
589909		Zosterops vellalavella	36298	species
589910	green white-eye	Zosterops virens	36298	species
589911		Heleia wallacei	634298	species
589913	Mongolian finch	Bucanetes mongolicus	589647	species
589914		Eremopsaltria	64795	genus
589915		Carpodacus rubicilla	30426	species
589916		Leucosticte australis	190693	species
589917		Leucosticte nemoricola	190693	species
589921		Galerida theklae superflua	313444	subspecies
589922		Locustella naevia naevia	260105	subspecies
589923		Passer domesticus indicus	48849	subspecies
589925		Sitta neumayer neumayer	589701	subspecies
589926	black-throated thrush	Turdus atrogularis	9186	species
589930		Acrobatornis	9136	genus
589931		Acrobatornis fonsecai	589930	species
589932		Acropternis	9167	genus
589933		Acropternis orthonyx	589932	species
589934		Anabazenops	9136	genus
589935		Anabazenops fuscus	589934	species
589936		Ancistrops	9136	genus
589937		Ancistrops strigilatus	589936	species
589938		Asthenes humilis	9137	species
589939		Automolus infuscatus	190677	species
589961		Chamaeza nobilis	183182	species
589962	campo miner	Geositta poeciloptera	265633	species
589963		Grallaria andicolus	117144	species
589964		Gyalophylax	9136	genus
589965		Synallaxis hellmayri	88180	species
589966		Herpsilochmus axillaris	88172	species
589967		Hyloctistes	9136	genus
589968		Hyloctistes subulatus	589967	species
589979		Melanopareia elegans	30441	species
589980		Myrmoborus leucophrys	288069	species
589981		Roraimia	9136	genus
589982		Roraimia adusta	589981	species
589983	Puna thistletail	Asthenes helleri	9137	species
589984		Simoxenops	9136	genus
589986		Siptornis	9136	genus
589987		Siptornis striaticollis	589986	species
589988		Synallaxis stictothorax	88180	species
589990		Teledromas	9167	genus
589991		Teledromas fuscus	589990	species
589992		Thamnomanes ardesiacus	288065	species
589993		Thripophaga fusciceps	9140	species
589994		Microxenops milleri	2823045	species
591140		Chlorodrepanis virens virens	64799	subspecies
591142		Hemignathus flavus	64797	species
591636		Pheucticus melanocephalus x Pheucticus ludovicianus	135443	species
592149		Dupetor	8899	genus
592150	Black bittern	Ixobrychus flavicollis	110684	species
592172	brown crake	Amaurornis akool	72016	species
592173		Alauda gulgula	88111	species
592656		Phaethornis striigularis	46512	species
592657		Notharchus	135166	genus
592658		Notharchus macrorhynchos	592657	species
592659		Sclerurus guatemalensis	183180	species
592660		Poecilotriccus sylvia	360242	species
592663	lesser greenlet	Hylophilus decurtatus	158056	species
592665		Ramphocaenus	142857	genus
592666		Ramphocaenus melanurus	592665	species
592667	tropical gnatcatcher	Polioptila plumbea	66705	species
592668	yellow-faced grassquit	Tiaris olivaceus	93067	species
593244		Gallus gallus x Coturnix coturnix	2527878	species
600333		Mohoidae	9126	family
602073		Phaenicophilus poliocephalus	62232	species
604433		Arborophila rufogularis	9104	species
604435		Arborophila gingica	9104	species
613114		Aphrastura spinicauda bullocki	307076	subspecies
613115		Aphrastura spinicauda fulva	307076	subspecies
613116		Aphrastura spinicauda spinicauda	307076	subspecies
614051	Karoo scrub-robin	Tychaedon coryphoeus	228304	species
617101		Scytalopus sp. HHH-2009a	2637580	species
617238		Cyanolyca armillata	54576	species
617239		Cyanolyca turcosa	54576	species
617240		Cyanolyca pulchra	54576	species
617241		Cyanolyca pumilo	54576	species
617242		Cyanolyca nanus	54576	species
617243		Cyanolyca argentigula	54576	species
626376		Cinclosoma punctatum	461242	species
626377		Drymodes	38563	genus
626378		Drymodes brunneopygia	626377	species
626425		Acanthizidae	1931080	family
626426		Mohoua	626425	genus
626427		Mohoua albicilla	626426	species
626432		Oreoscopus	626425	genus
626433		Oreoscopus gutturalis	626432	species
626434		Peltops	2169681	genus
626435		Peltops blainvillii	626434	species
626499		Daphoenositta chrysoptera chrysoptera	254528	subspecies
626500		Daphoenositta chrysoptera striata	254528	subspecies
627345		Emberiza schoeniclus witherbyi	30425	subspecies
627346		Emberiza schoeniclus lusitanica	30425	subspecies
631713	Thin-billed prion	Pachyptila belcheri	37058	species
632108		Carduelis citrinella	36252	species
632109		Carduelis corsicana	36252	species
632590		Arachnothera affinis	237414	species
632591		Arachnothera chrysogenys	237414	species
632592		Arachnothera magna	237414	species
632593		Arachnothera robusta	237414	species
632594	White-crowned shama	Copsychus stricklandii	125862	species
632595	Yellow-sided flowerpecker	Dicaeum aureolimbatum	135426	species
632596	Buzzing flowerpecker	Dicaeum hypoleucum	135426	species
632597		Lalage maculosa	254545	species
632598		Cinnyris mariquensis	570433	species
632599		Cinnyris pulchellus	570433	species
632600		Leptocoma	135425	genus
632601	black sunbird	Leptocoma sericea	632600	species
632603	yellow-vented bulbul	Pycnonotus goiavier	125282	species
632605		Pycnonotus simplex	125282	species
632606		Rhipidura perlata	107227	species
632607		Nectarinia sp. RWD-1998a	2624528	species
632774		Euphonia gouldi	62198	species
633168		Myrmotherula schisticolor	88176	species
633169		Chlorospingus parvirostris medianus	166065	subspecies
633170		Chlorospingus canigularis signatus	166059	subspecies
633171		Chlorospingus canigularis paulus	166059	subspecies
633172		Chlorospingus canigularis olivaceiceps	166059	subspecies
633173		Chlorospingus flavigularis flavigularis	166060	subspecies
633174		Chlorospingus flavigularis hypophaeus	166060	subspecies
633175		Chlorospingus flavigularis marginatus	166060	subspecies
634293		Actinodura souliei griseinucha	181643	subspecies
634294		Chrysomma sinense sinense	201304	subspecies
634295		Dumetia	9173	genus
634296		Dumetia hyperythra	634295	species
634297		Dumetia hyperythra albogularis	634296	subspecies
634298		Heleia	36297	genus
634299		Heleia crassirostris	634298	species
634300		Illadopsis cleaveri batesi	201329	subspecies
634301		Kupeornis	1673678	genus
634302		Kupeornis gilberti	634301	species
634310		Lophozosterops javanicus	589842	species
634311		Lophozosterops javanicus frontalis	634310	subspecies
634314		Heleia superciliaris superciliaris	589845	subspecies
634315		Actinodura cyanouroptera sordida	201347	subspecies
634316		Passeriformes incertae sedis	9126	no rank
634317		Myzornis	634316	genus
634318		Myzornis pyrrhoura	634317	species
634319		Psittiparus gularis transfluvialis	2485345	subspecies
634320		Paradoxornis verreauxi	201370	species
634321		Suthora nipalensis craddocki	2712989	subspecies
634322		Parophasma	9173	genus
634323		Parophasma galinieri	634322	species
634324		Phyllanthus	1673678	genus
634342		Phyllanthus atripennis	634324	species
634343		Phyllanthus atripennis bohndorffi	634342	subspecies
634344		Pnoepyga	9173	genus
634345	scaly-breasted wren-babbler	Pnoepyga albiventer	634344	species
634346		Pnoepyga albiventer albiventer	634345	subspecies
634347	pygmy wren-babbler	Pnoepyga pusilla	634344	species
634348		Pnoepyga pusilla pusilla	634347	subspecies
634349		Illadopsis turdina turdina	552926	subspecies
634350		Rimator	9173	genus
634351		Rimator pasquieri	634350	species
634352		Zosterops lugubris lugubris	364610	subspecies
634353		Stachyris strialata	98149	species
634354		Napothera macrodactyla	201355	species
634355		Pomatorhinus superciliaris superciliaris	201369	subspecies
634356		Yuhina gularis gularis	98156	subspecies
634357		Aegithalos caudatus caudatus	73327	subspecies
634358		Alauda arvensis arvensis	88112	subspecies
634359		Donacobius atricapilla atricapilla	237420	subspecies
634360		Panurus biarmicus biarmicus	181101	subspecies
638628	olive-throated parakeet	Eupsittula nana	1548947	species
643518		Columba palumbus azorica	8934	subspecies
643522		Columba palumbus palumbus	8934	subspecies
643564		Limosa limosa limosa	161680	subspecies
643686		Quiscalus nicaraguensis	64277	species
643687		Quiscalus palustris	64277	species
643950		Nectarinia sp. AMNH DOT 12590	2624528	species
644770	Chestnut-eared finch	Taeniopygia castanotis	59728	species
644974	Many-striped canastero	Asthenes flammulata	9137	species
644975		Asthenes ottonis	9137	species
644976		Asthenes pudibunda	9137	species
644977		Asthenes punensis	9137	species
644978		Asthenes wyatti	9137	species
644979		Clibanornis	9136	genus
644980		Clibanornis dendrocolaptoides	644979	species
644982		Leptasthenura yanacensis	288031	species
644983		Limnoctites	9136	genus
644984		Limnoctites rectirostris	644983	species
644985		Phacellodomus erythrophthalmus	288034	species
644986	white-chinned thistletail	Asthenes fuliginosa	9137	species
644987		Siptornopsis	9136	genus
644988		Synallaxis hypochondriaca	88180	species
644989		Synallaxis erythrothorax	88180	species
644990		Thripadectes ignobilis	183162	species
646325		Phasianus colchicus strauchi	9054	subspecies
647652	pale-faced bare-eye	Phlegopsis borbae	255378	species
647673		Phlegopsis erythroptera erythroptera	288048	subspecies
647674		Phlegopsis erythroptera ustulata	288048	subspecies
647675		Phlegopsis nigromaculata confinis	255379	subspecies
647676		Phlegopsis nigromaculata nigromaculata	255379	subspecies
647677		Phlegopsis nigromaculata paraensis	255379	subspecies
649778		Alectrurus tricolor	495148	species
649779		Ampelion rufaxilla	9128	species
649780		Anairetes agraphia	74356	species
649781		Attila citriniventris	478620	species
649783	Yungas manakin	Chiroxiphia boliviana	196026	species
649785		Corapipo gutturalis	415027	species
649786	ringed antpipit	Corythopis torquatus	183329	species
649787		Euscarthmus rufomarginatus	478628	species
649788		Hemitriccus iohannis	265624	species
649789		Hemitriccus josephinae	265624	species
649790		Heterocercus flavivertex	415021	species
649791		Inezia subflava	377284	species
649792		Knipolegus poecilurus	377286	species
649793	rose-collared piha	Lipaugus streptophorus	114310	species
649794		Lophotriccus galeatus	360213	species
649795		Myiotheretes striaticollis	495229	species
649796		Myiozetetes luteiventris	478634	species
649797		Neopelma aurifrons	114328	species
649798	golden-browed chat-tyrant	Silvicultrix pulchella	1604844	species
649799		Phylloscartes nigrifrons	456418	species
649800		Phylloscartes ophthalmicus	456418	species
649801		Phylloscartes oustaleti	456418	species
649802	Wire-tailed manakin	Pipra filicauda	88178	species
649803		Pipreola intermedia	114365	species
649804		Pipreola whitelyi	114365	species
649805		Platyrinchus coronatus	360227	species
649806		Platyrinchus saturatus	360227	species
649807		Poecilotriccus russatus	360242	species
649808		Rhynchocyclus brevirostris	360247	species
649809		Todirostrum pictum	196048	species
649810		Xipholena atropurpurea	114391	species
649811		Carpornis	9127	genus
649812	blach-headed berryeater	Carpornis melanocephala	649811	species
649813		Ochthornis	28728	genus
649814		Ochthornis littoralis	649813	species
649815		Pseudelaenia	28728	genus
649816		Pseudelaenia leucospodia	649815	species
649817		Taeniotriccus	28728	genus
649818		Taeniotriccus andrei	649817	species
649819		Tyrannopsis	28728	genus
649820		Tyrannopsis sulphurea	649819	species
650015		Laterallus jamaicensis coturniculus	371915	subspecies
650165		Salpornis salvadori	552927	species
655235		Zonotrichia leucophrys nuttalli	44393	subspecies
655236		Zonotrichia leucophrys oriantha	44393	subspecies
655240		Pericrocotus ethologus annamensis	254642	subspecies
655241		Pericrocotus brevirostris affinis	424837	subspecies
655242		Pericrocotus cinnamomeus saturatus	424832	subspecies
655243		Pericrocotus divaricatus divaricatus	424830	subspecies
655244		Pericrocotus erythropygius erythropygius	424835	subspecies
655245		Pericrocotus ethologus ethologus	254642	subspecies
655246		Pericrocotus flammeus insulanus	424839	subspecies
655247		Pericrocotus flammeus siebersi	424839	subspecies
655248		Pericrocotus igneus igneus	424833	subspecies
655249		Pericrocotus solaris cinereigula	424836	subspecies
655250		Pericrocotus solaris montanus	424836	subspecies
655251		Pericrocotus cinnamomeus 487	424832	subspecies
656192	greater sand plover	Charadrius leschenaultii	50391	species
656543		Spindalis dominicensis	62247	species
656807	greater broad-billed moa	Euryapteryx gravis	230979	species
656838		Salpornis spilonota spilonota	552928	subspecies
657410		Cyanoliseus patagonus andinus	309862	subspecies
657411		Cyanoliseus patagonus bloxami	309862	subspecies
657413		Cyanoliseus patagonus conlara	309862	subspecies
657414		Cyanoliseus patagonus patagonus	309862	subspecies
658905		Anas cyanoptera orinomus	75840	subspecies
658907		Anas flavirostris andium	75845	subspecies
658908		Anas versicolor versicolor	75863	subspecies
658909		Anas versicolor fretensis	75863	subspecies
658910		Chloephaga hybrida	8859	species
658911		Chloephaga hybrida hybrida	658910	subspecies
658912		Chloephaga hybrida malvinarum	658910	subspecies
658913		Chloephaga picta leucoptera	8861	subspecies
658914		Chloephaga picta picta	8861	subspecies
658915		Chloephaga rubidiceps	8859	species
658916		Lophonetta specularioides alticola	75873	subspecies
658917		Lophonetta specularioides specularioides	75873	subspecies
658918		Merganetta	2068719	genus
658919		Merganetta armata	658918	species
658921		Netta erythrophthalma	30386	species
658922		Nettapus auritus	45640	species
658923		Plectropterus	2068720	genus
658924	spur-winged goose	Plectropterus gambensis	658923	species
658925		Tachyeres brachypterus	75880	species
658926		Tachyeres leucocephalus	75880	species
658927		Tachyeres patachonicus	75880	species
659163		Acrocephalus arundinaceus arundinaceus	39621	subspecies
659164		Acrocephalus baeticatus hallae	68472	subspecies
659165		Acrocephalus stentoreus levantinus	68485	subspecies
659166		Acrocephalus rufescens senegalensis	126875	subspecies
659167		Calamonastides gracilirostris gracilirostris	68492	subspecies
659168		Iduna natalensis massaica	98115	subspecies
659169		Iduna similis	659170	species
659170		Iduna	330750	genus
659171	Sykes's warbler	Iduna rama	659170	species
659172		Megalurus palustris forbesi	237427	subspecies
659173		Acrocephalus gracilirostris parvus	68482	subspecies
659174		Acrocephalus concinens concinens	126874	subspecies
659178		Bradypterus baboecala elgonensis	315534	subspecies
662061	eastern yellow wagtail	Motacilla tschutschensis	45806	species
662403		Coturnix novaezelandiae	9090	species
662866	Philippine Nightjar	Caprimulgus manillensis	48284	species
662867	White-tailed nightjar	Hydropsalis cayennensis	335116	species
662868		Lurocalis rufiventris	382312	species
662870		Nyctibius jamaicensis	48424	species
663261		Acrocephalus australis gouldi	68484	subspecies
664758	pileated finch	Coryphospingus pileatus	137236	species
664759		Dacnis venusta	62188	species
664760		Lanio leucothorax	62216	species
664761		Microspingus cinereus	2692229	species
664762	flame-rumped tanager	Ramphocelus flammigerus	36724	species
664763		Ramphocelus melanogaster	36724	species
664764		Rhodospingus	400783	genus
664765		Rhodospingus cruentus	664764	species
664766		Tachyphonus cristatus	62250	species
664767		Tachyphonus phoenicius	62250	species
664768		Tachyphonus rufiventer	62250	species
665136		Paroaria nigrogenis	548512	subspecies
665137		Paroaria baeri	116993	species
665138		Paroaria gularis cervicalis	548512	subspecies
665142		Eopsaltria georgiana	44317	species
665143		Eopsaltria griseogularis	44317	species
665144		Melanodryas vittata	254553	species
665145		Microeca flavigaster	254555	species
665146		Microeca griseoceps	254555	species
665147		Peneoenanthe	38563	genus
665149		Peneothello cyanus	254639	species
665150		Peneothello sigillata	254639	species
665151	Scarlet robin	Petroica boodang	228563	species
665152	Flame robin	Petroica phoenicea	228563	species
665154		Petroica rodinogaster	228563	species
665155		Poecilodryas	38563	genus
665156		Poecilodryas cerviniventris	665155	species
665157		Poecilodryas superciliosa	665155	species
665158	pale-yellow robin	Tregellasia capito	175138	species
665159		Microeca flavovirescens	254555	species
665438		Microeca flaviventris	254555	species
666326		Pternistis leucoscepus	1756210	species
666865		Larus brachyrhynchus	8911	species
666866		Larus canus canus	28681	subspecies
666869		Larus dominicanus judithae	37036	subspecies
666871		Larus dominicanus vetula	37036	subspecies
666873		Larus vegae birulae	119608	subspecies
667110		Larus canus heinei	28681	subspecies
667139		Aethopyga christinae	181089	species
667140		Aethopyga duyvenbodei	181089	species
667141		Aethopyga primigenia	181089	species
667142		Aethopyga siparaja	181089	species
667143		Anthreptes rectirostris	208074	species
667144		Chloropsis hardwickii	175116	species
667145	superb sunbird	Cinnyris superbus	570433	species
667146	Thick-billed flowerpecker	Dicaeum agile	135426	species
667147	Flame-crowned flowerpecker	Dicaeum anthonyi	135426	species
667148		Dicaeum bicolor	135426	species
667149	grey-sided flowerpecker	Dicaeum celebicum	135426	species
667150		Dicaeum chrysorrheum	135426	species
667151		Dicaeum concolor	135426	species
667152		Dicaeum cruentatum	135426	species
667153		Dicaeum everetti	135426	species
667154		Dicaeum eximium	135426	species
667155		Dicaeum geelvinkianum	135426	species
667156		Dicaeum igniferum	135426	species
667160		Dicaeum ignipectus	135426	species
667162		Dicaeum monticolum	135426	species
667163		Dicaeum nigrilore	135426	species
667164		Dicaeum pygmaeum	135426	species
667165		Dicaeum sanguinolentum	135426	species
667166		Dicaeum tristrami	135426	species
667167		Dicaeidae	175121	family
667168		Prionochilus	667167	genus
667169		Prionochilus maculatus	667168	species
667170	olive-backed flowerpecker	Prionochilus olivaceus	667168	species
667171		Prionochilus percussus	667168	species
667172		Prionochilus plateni	667168	species
667173		Prionochilus thoracicus	667168	species
667176		Prionochilus xanthopygius	667168	species
667179		Pyrgilauda	9158	genus
667180	plain-backed snowfinch	Pyrgilauda blanfordi	667179	species
667181		Rhipidura albolimbata	107227	species
667182		Rhipidura atra	107227	species
667183		Rhipidura aureola	107227	species
667184		Rhipidura brachyrhyncha	107227	species
667186		Rhipidura dahli	107227	species
667187		Rhipidura diluta	107227	species
667188		Rhipidura dryas	107227	species
667189		Rhipidura fuscorufa	107227	species
667190		Rhipidura leucothorax	107227	species
667191		Rhipidura nigrocinnamomea	107227	species
667192		Rhipidura phasiana	107227	species
667193	Mindanao blue-fantail	Rhipidura superciliaris	107227	species
667194		Rhipidura tenebrosa	107227	species
667195		Rhipidura teysmanni	107227	species
667196		Rhipidura verreauxi	107227	species
668902		Cinclodes fuscus oreobates	279548	subspecies
668903		Cinclodes fuscus fuscus	279548	subspecies
669015		Horizorhinus	552881	genus
669498		Ramphastos ambiguus ambiguus	322579	subspecies
669912		Mirafra africana	215311	species
670253		Gallinago gallinago gallinago	107377	subspecies
670254		Gallinago gallinago faeroeensis	107377	subspecies
670332		Anthus godlewskii	36257	species
670333		Anthus gustavi	36257	species
670334		Ardeola ralloides	188374	species
670335	Hume's lark	Calandrella acutirostris	215309	species
670336	Greater short-toed lark	Calandrella brachydactyla	215309	species
670337	Asian short-toed lark	Alaudala cheleensis	1862150	species
670340		Calidris minuta	8918	species
670341		Calidris subminuta	8918	species
670342		Hesperiphona	37599	genus
670343	Evening grosbeak	Hesperiphona vespertina	670342	species
670344		Gallinago megala	107376	species
670345		Glareola nordmanni	43315	species
670346	von Schrenck's bittern	Ixobrychus eurhythmus	110684	species
670347		Melanocorypha mongolica	589657	species
670348	scaly-sided merganser	Mergus squamatus	8877	species
670349	Asian brown flycatcher	Muscicapa latirostris	69507	species
670350		Muscicapa griseisticta	69507	species
670351		Phoenicurus erythronotus	121422	species
670352		Pluvialis apricaria	171272	species
670354		Porzana porzana	54491	species
670355	Brown accentor	Prunella fulvescens	175132	species
670356		Prunella himalayana	175132	species
670357		Prunella rubida	175132	species
670358		Tachymarptis	2607033	genus
670359		Tachymarptis melba	670358	species
670926	Yellow-tinted honeyeater	Ptilotula flavescens	2041612	species
670927		Chalcomitra senegalensis	570429	species
670928		Promerops gurneyi	254651	species
671078		Brotogeris tirica	176017	species
671079		Brotogeris cyanoptera	176017	species
671080		Brotogeris sanctithomae	176017	species
671085		Sheppardia aurantiithorax	74354	species
671086		Sheppardia poensis	74354	species
671090		Sheppardia cyornithopsis lopezi	94613	subspecies
671277		Sheppardia sharpei usambarae	141891	subspecies
671281		Euaegotheles	48275	genus
671282	Feline owlet-nightjar	Aegotheles insignis	48276	species
671283		Aegotheles crinifrons	48276	species
671284		Aegotheles tatei	48276	species
671285	Escudo hummingbird	Amazilia handleyi	57391	species
672337		Periparus ater britannicus	156567	subspecies
672338		Periparus ater chorassanicus	156567	subspecies
672339		Periparus ater cypriotes	156567	subspecies
672340		Periparus ater gaddi	156567	subspecies
672341		Periparus ater hibernicus	156567	subspecies
672342		Periparus ater kuatunensis	156567	subspecies
672343		Periparus ater ledouci	156567	subspecies
672344		Periparus ater michalowskii	156567	subspecies
672345		Periparus ater moltchanovi	156567	subspecies
672347		Periparus ater pekinensis	156567	subspecies
672348		Periparus ater phaeonotus	156567	subspecies
672349		Periparus ater sardus	156567	subspecies
672350		Periparus ater ptilosus	156567	subspecies
672351		Periparus ater vieirae	156567	subspecies
672352	Palawan tit	Pardaliparus amabilis	2185134	species
672474	Peruvian toucanet	Aulacorhynchus atrogularis	57398	species
672475		Aulacorhynchus atrogularis atrogularis	672474	subspecies
672495	Blue-throated toucanet	Aulacorhynchus caeruleogularis	57398	species
672496	Citron-throated toucan	Ramphastos citreolaemus	91780	species
673850		Fringilla teydea teydea	53951	subspecies
673902	Golden-bellied starfrontlet	Coeligena bonapartei	56649	species
673903		Coeligena helianthea	56649	species
673904		Coeligena orina	56649	species
673905		Coeligena phalerata	56649	species
673906	Black Inca	Coeligena prunellei	56649	species
674134		Estrilda nitidula	187426	species
674137	green-eyed bulbul	Iole propinqua	374643	species
674373		Troglodytes troglodytes troglodytes	36278	subspecies
674375		Alophoixus pallidus henrici	182879	subspecies
674986		Sinosuthora alphonsiana alphonsiana	2485304	subspecies
674987		Sinosuthora alphonsiana yunnanensis	2485304	subspecies
674988		Sinosuthora webbiana fulvicauda	337173	subspecies
674989		Sinosuthora webbiana webbiana	337173	subspecies
674990		Sinosuthora webbiana suffusa	337173	subspecies
674993		Paradoxornis webbianus/alphonsianus complex E01	201370	species
674994	Sichuan wood-owl	Strix davidi	36304	species
675632		Colluricincla boweri	156159	species
675634		Pachycephala cinerea plateni	449359	subspecies
675639	Sooty shrike-thrush	Pachycephala tenebrosa	46903	species
675640	Sangihe shrike-thrush	Coracornis sanghirensis	498419	species
678558	Papuan king-parrot	Alisterus chloropterus	309869	species
678559	olive-shouldered parrot	Aprosmictus jonquillaceus	274067	species
678565		Cacatua galerita fitzroyi	141274	subspecies
678566	fairy lorikeet	Charmosyna pulchella	176019	species
678568		Lathamus	9224	genus
678569	Swift parrot	Lathamus discolor	678568	species
678570		Loriculus catamene	60470	species
678571		Loriculus philippensis	60470	species
678580		Micropsitta finschii tristrami	57423	subspecies
678581	Orange-bellied parrot	Neophema chrysogaster	35536	species
678582		Neophema pulchella	35536	species
678583		Platycercus flaveolus	35541	species
678586		Prioniturus discurus	309872	species
678587	great-billed parrot	Tanygnathus megalorynchos	274072	species
678588		Trichoglossus johnstoniae	176048	species
678589		Psittinus	9224	genus
678590		Psittinus cyanurus	678589	species
679514		Pachycephala vitiensis	46903	species
679515		Pachycephala vitiensis ornata	679514	subspecies
680187	Wedge-tailed sabrewing	Campylopterus curvipennis	304604	species
680265		Hemiphaga chathamensis	262123	species
680266		Hemiphaga novaeseelandiae novaeseelandiae	262124	subspecies
680276		Hemiphaga novaeseelandiae spadicea	262124	subspecies
681182		Astrapia	9149	genus
681183		Astrapia mayeri	681182	species
681184		Astrapia nigra	681182	species
681185		Astrapia rothschildi	681182	species
681186		Astrapia splendidissima	681182	species
681187		Astrapia stephaniae	681182	species
681189		Drepanornis	9149	genus
681190		Drepanornis bruijnii	681189	species
681191		Lycocorax	9149	genus
681192		Lycocorax pyrrhopterus	681191	species
681193		Manucodia jobiensis	28717	species
681194		Paradigalla	9149	genus
681195		Paradigalla brevicauda	681194	species
681197		Paradigalla carunculata	681194	species
681198		Paradisaea apoda	36266	species
681199		Paradisaea decora	36266	species
681200		Paradisaea guilielmi	36266	species
681201		Parotia carolae	39959	species
681202		Parotia helenae	39959	species
681203		Parotia sefilata	39959	species
681204		Parotia wahnesi	39959	species
681205		Pteridophora	9149	genus
681206		Pteridophora alberti	681205	species
681207		Ptiloris intercedens	28719	species
681208		Ptiloris victoriae	28719	species
681209		Semioptera	9149	genus
681210		Semioptera wallacii	681209	species
682054	Peruvian warbling antbird	Hypocnemis peruviana	88174	species
685732		Coenocorypha aucklandica aucklandica	425631	subspecies
685733		Coenocorypha aucklandica meinertzhagenae	425631	subspecies
685734	Chatham Islands snipe	Coenocorypha pusilla	425630	species
685735		Coenocorypha huegeli	425631	subspecies
688841		Aglaeactis pamela	56647	species
688842		Amazilia amazilia	57391	species
688843		Amazilia lactea	57391	species
688844		Amazilia rosenbergi	57391	species
688846		Amazilia viridicauda	57391	species
689202		Anthocephala	9242	genus
689203		Anthocephala floriceps	689202	species
689204		Calliphlox amethystina	472783	species
689205		Campylopterus falcatus	304604	species
689206		Chaetocercus bombus	472789	species
689207		Chalcostigma olivaceum	66415	species
689208		Chalcostigma stanleyi	66415	species
689209		Chlorostilbon poortmani	57407	species
689210		Colibri serrirostris	214662	species
689211		Discosura langsdorffi	190683	species
689212		Eriocnemis cupreoventris	56652	species
689215	Black jacobin	Florisuga fusca	304639	species
689216		Heliangelus micraster	66416	species
689217		Heliangelus regalis	66416	species
689218		Heliangelus strophianus	66416	species
689219		Heliangelus zusii	66416	species
689220		Heliodoxa gularis	304646	species
689221		Heliothryx auritus	190687	species
689222		Leucippus	9242	genus
689223		Leucippus baeri	689222	species
689227		Lophornis chalybeus	304656	species
689228		Microstilbon	9242	genus
689229		Microstilbon burmeisteri	689228	species
689231		Myrmia	9242	genus
689232		Myrmia micrura	689231	species
689266		Oreotrochilus melanogaster	56662	species
689267		Phaeochroa cuvierii	2823181	species
689268		Phaethornis subochraceus	46512	species
689269		Polyonymus	9242	genus
689270		Polyonymus caroli	689269	species
689304		Taphrolesbia	9242	genus
689305		Taphrolesbia griseiventris	689304	species
689306		Thalurania fannyi	190701	species
689307		Thaumastura	9242	genus
689308		Thaumastura cora	689307	species
689309	rufous-vented whitetip	Urosticte ruficrissa	304691	species
690283		Zosterops xanthochroa	36298	species
690284		Zosterops minutus	36298	species
690592	Palawan bulbul	Alophoixus frater	147056	species
690593		Alophoixus bres gutturalis	182882	subspecies
690595		Hemixos castanonotus	374656	species
690596		Hemixos cinereus	374656	species
690602	Yellowish bulbul	Ixos everetti	374646	species
690603		Ixos everetti catarmanensis	690602	subspecies
690604		Ixos everetti everetti	690602	subspecies
690605		Hypsipetes guimarasensis	36295	species
690606		Hypsipetes mindorensis	36295	species
690607		Hypsipetes philippinus philippinus	374654	subspecies
690608		Hypsipetes philippinus saturatior	374654	subspecies
690609	Zamboanga bulbul	Ixos rufigularis	374646	species
690610	Streak-breasted bulbul	Ixos siquijorensis	374646	species
690611		Ixos siquijorensis cinereiceps	690610	subspecies
690612		Hypsipetes amaurotis amaurotis	374649	subspecies
690613		Hypsipetes amaurotis batanensis	374649	subspecies
690614		Hypsipetes amaurotis camiguinensis	374649	subspecies
690615		Hypsipetes amaurotis fugensis	374649	subspecies
690616	flavescent bulbul	Pycnonotus flavescens	125282	species
690617		Pycnonotus goiavier gourdini	632603	subspecies
690618		Pycnonotus goiavier samarensis	632603	subspecies
690619		Pycnonotus plumosus cinereifrons	270475	subspecies
690620		Pycnonotus plumosus hachisukae	270475	subspecies
690622		Pycnonotus plumosus hutzi	270475	subspecies
690623		Pycnonotus squamatus	125282	species
690624		Pycnonotus urostictus atricaudatus	289199	subspecies
690625		Pycnonotus urostictus basilanicus	289199	subspecies
690626		Pycnonotus urostictus philippensis	289199	subspecies
690627		Pycnonotus urostictus urostictus	289199	subspecies
690715	Franklin's gull	Larus pipixcan	328018	species
690890	Slaty spinetail	Synallaxis brachyura	88180	species
692105		Amalocichla	38563	genus
692106	Lesser ground-robin	Amalocichla incerta	692105	species
692107	Greater ground-robin	Amalocichla sclateriana	692105	species
692108		Crateroscelis	626425	genus
692110		Pachycare	254526	genus
692111	Goldenface	Pachycare flavogriseum	692110	species
693024		Cercomela	36291	genus
693025		Cercomela dubia	693024	species
693026		Cercomela familiaris	693024	species
693027		Cercomela fusca	693024	species
693028		Cercomela melanura	693024	species
693029		Cercomela schlegelii	693024	species
693030		Cercomela scotocerca	693024	species
693031		Cercomela sinuata	693024	species
693032	Moorland chat	Pinarochroa sordida	2823182	species
693033		Cercomela tractrac	693024	species
693034		Cercomela familiaris angolensis	693026	subspecies
693041		Cercomela familiaris hellmayri	693026	subspecies
693801		Locustella pryeri sinensis	69942	subspecies
693865	stout-legged moa	Pachyornis geranoides	8814	species
697287		Euphonia anneae	62198	species
698974		Anthornis	9146	genus
698975		Anthornis melanura	698974	species
700541	Stuhlmann's double-collared sunbird	Cinnyris stuhlmanni	570433	species
700765	Sapphire quail-dove	Geotrygon saphirina	115649	species
700768	Buff-throated foliage-gleaner	Automolus ochrolaemus	190677	species
700770	Ruddy foliage-gleaner	Automolus rubiginosus	190677	species
700771	Colombian antwren	Myrmotherula ignota	88176	species
700773		Microbates	142857	genus
700774	Tawny-faced gnatwren	Microbates cinereiventris	700773	species
701074	Northern black-flycatcher	Melaenornis edolioides	245055	species
701075		Monticola solitarius solitarius	36286	subspecies
701076		Monticola solitarius madoci	36286	subspecies
701077		Monticola solitarius pandoo	36286	subspecies
701078		Monticola solitarius longirostris	36286	subspecies
701079		Myrmecocichla	36291	genus
701080	Sooty chat	Myrmecocichla nigra	701079	species
701081		Thamnolaea	36291	genus
701082	Mocking cliff-chat	Thamnolaea cinnamomeiventris	701081	species
701083	White-winged cliff-chat	Monticola semirufus	36285	species
701737	House crow	Corvus splendens	30420	species
703278	black-chested jay	Cyanocorax affinis	54578	species
703280	purplish-backed jay	Cyanocorax beecheii	54578	species
703281	azure jay	Cyanocorax caeruleus	54578	species
703282	curl-crested jay	Cyanocorax cristatellus	54578	species
703283	white-naped jay	Cyanocorax cyanopogon	54578	species
703284	azure-naped jay	Cyanocorax heilprini	54578	species
703285	white-tailed jay	Cyanocorax mystacalis	54578	species
703286	San Blas jay	Cyanocorax sanblasianus	54578	species
703287	violaceous jay	Cyanocorax violaceus	54578	species
703972		Psittacula cyanocephala cyanocephala	232645	subspecies
703973	Seychelles black parrot	Coracopsis barklyi	176021	species
703974		Coracopsis nigra libs	281914	subspecies
703975		Coracopsis nigra nigra	281914	subspecies
703976		Coracopsis nigra sibilans	281914	subspecies
703977		Coracopsis vasa drouhardi	176022	subspecies
703980		Loriculus beryllinus	60470	species
703981		Loriculus stigmatus	60470	species
703982		Mascarinus	9224	genus
703983	Mascarene parrot	Mascarinus mascarinus	703982	species
703984		Poicephalus meyeri matschiei	281916	subspecies
703985		Poicephalus meyeri saturatus	281916	subspecies
703986		Psittacula alexandri fasciata	232635	subspecies
703988		Psittacula eupatria magnirostris	232655	subspecies
703989		Psittacula eupatria nipalensis	232655	subspecies
703990		Psittacula eupatria siamensis	232655	subspecies
703991	Grey-headed parakeet	Psittacula finschii	9227	species
703992		Psittacula krameri parvirostris	9228	subspecies
703993		Psittacula longicauda longicauda	232633	subspecies
703994		Psittacula longicauda tytleri	232633	subspecies
703995		Psittacula wardi	9227	species
704175	lesser flamingo	Phoeniconaias minor	2839957	species
704176		Phoenicoparrus	9215	genus
704177	Andean flamingo	Phoenicoparrus andinus	704176	species
704178	Puna flamingo	Phoenicoparrus jamesi	704176	species
706244		Agamia	8899	genus
706245		Agamia agami	706244	species
708585	Worthen's sparrow	Spizella wortheni	40206	species
709963	Sakalava rail	Amaurornis olivieri	72016	species
713086	Golden-browed warbler	Basileuterus belli	85518	species
713087	White-naped brush-finch	Atlapetes albinucha	65358	species
713105		Anser sp. GIGLV2009	2639525	species
714938	White-throated screech-owl	Megascops albogularis	349401	species
715202		Psittacula cyanocephala bengalensis	232645	subspecies
720575		Acanthornis	626425	genus
720576	Scrubtit	Acanthornis magna	720575	species
720577		Pyrrholaemus	626425	genus
720578	Speckled warbler	Pyrrholaemus sagittatus	720577	species
720580		Clytomyias	55805	genus
720581	Orange-crowned fairywren	Clytomyias insignis	720580	species
720582		Calamanthus	626425	genus
720583	Chestnut-rumped Hylacola	Hylacola pyrrhopygia	2821865	species
720584	Red-winged fairywren	Malurus elegans	55806	species
720585		Origma	626425	genus
720586		Origma solitaria	720585	species
720587		Pycnoptilus	626425	genus
720588	Pilotbird	Pycnoptilus floccosus	720587	species
720589	Redthroat	Pyrrholaemus brunneus	720577	species
721814	long-tailed fiscal	Lanius cabanisi	28712	species
721815		Lanius collaris humeralis	98117	subspecies
721816		Lanius collaris subcoronatus	98117	subspecies
721857		Deconychura longicauda typica	190682	subspecies
721858		Dendrocincla fuliginosa atrirostris	183179	subspecies
721859		Dendrocincla fuliginosa meruloides	183179	subspecies
721860		Dendrocincla fuliginosa neglecta	183179	subspecies
721861		Dendrocincla homochroa ruficeps	369592	subspecies
721862		Dendrocincla merula olivascens	261818	subspecies
721880		Dendrocincla tyrannina tyrannina	261817	subspecies
721887	Teita fiscal	Lanius dorsalis	28712	species
721920		Lanius excubitor bianchii	158049	subspecies
721921		Lanius excubitor borealis	158049	subspecies
721922		Lanius meridionalis buryi	219215	subspecies
721923		Lanius meridionalis elegans	219215	subspecies
721924		Lanius excubitor funereus	158049	subspecies
721925		Lanius excubitor homeyeri	158049	subspecies
721926		Lanius meridionalis lahtora	219215	subspecies
721928		Lanius excubitor leucopterus	158049	subspecies
721930		Lanius meridionalis leucopygos	219215	subspecies
721931		Lanius excubitor mollis	158049	subspecies
721956	steppe grey shrike	Lanius pallidirostris	28712	species
721958		Lanius excubitor sibiricus	158049	subspecies
721959		Lanius meridionalis uncinatus	219215	subspecies
721960	Grey-backed fiscal	Lanius excubitoroides	28712	species
721961		Lanius ludovicianus mexicanus	28713	subspecies
721962	Mackinnon's shrike	Lanius mackinnoni	28712	species
721963		Lanius schach bentet	276763	subspecies
721964	Somali fiscal	Lanius somalicus	28712	species
721965		Lanius sphenocercus giganteus	219214	subspecies
721966		Lanius sphenocercus sphenocercus	219214	subspecies
722443		Cercomacroides laeta	2767395	species
722444		Cercomacroides laeta sabinoi	722443	subspecies
722445	Blackish antbird	Cercomacroides nigrescens	2767395	species
722449		Cercomacroides nigrescens approximans	722445	subspecies
722450	Jet antbird	Cercomacra nigricans	183184	species
722451		Cercomacroides tyrannina crepera	468374	subspecies
722452		Coereba flaveola dispar	87177	subspecies
722453		Coereba flaveola mexicana	87177	subspecies
722454	Shining honeycreeper	Cyanerpes lucidus	62184	species
722455		Cymbilaimus lineatus fasciatus	419694	subspecies
722456		Deconychura longicauda connectens	190682	subspecies
722457		Deconychura longicauda darienensis	190682	subspecies
722458		Dendrocolaptes picumnus validus	81881	subspecies
722459	Spot-crowned Antvireo	Dysithamnus puncticeps	288067	species
722460		Dysithamnus puncticeps flemmingi	722459	subspecies
722461		Dysithamnus mentalis napensis	288068	subspecies
722462		Dysithamnus mentalis septentrionalis	288068	subspecies
722463		Dysithamnus mentalis tavarae	288068	subspecies
722464		Gymnocichla nudiceps erratilis	288102	subspecies
722465		Gymnocichla nudiceps nudiceps	288102	subspecies
722466		Gymnopithys leucaspis castaneus	288082	subspecies
722467		Gymnopithys leucaspis olivascens	288082	subspecies
722468		Hylophylax naevioides capnitis	419274	subspecies
722469		Hylophylax naevioides naevioides	419274	subspecies
722470		Willisornis poecilinotus lepidonota	292820	subspecies
722481		Lanio leucothorax leucothorax	664760	subspecies
722482		Lepidocolaptes affinis affinis	261819	subspecies
722483		Lepidocolaptes lacrymiger bolivianus	75976	subspecies
722484	White-striped woodcreeper	Lepidocolaptes leucogaster	75970	species
722485		Lepidocolaptes souleyetii compressus	75977	subspecies
722486		Lepidocolaptes souleyetii souleyetii	75977	subspecies
722487		Microrhopias quixensis consobrinus	288084	subspecies
722488		Microrhopias quixensis virgatus	288084	subspecies
722550		Poliocrania exsul exsul	2767975	subspecies
722551		Poliocrania exsul occidentalis	2767975	subspecies
722552		Myrmeciza immaculata macrorhyncha	468504	subspecies
722553		Myrmeciza immaculata zeledoni	468504	subspecies
722554		Myrmeciza laemosticta laemosticta	468496	subspecies
722555		Myrmeciza longipes griseipectus	468492	subspecies
722556		Myrmeciza longipes panamensis	468492	subspecies
722557		Myrmornis torquata torquata	255383	subspecies
722558		Myrmotherula axillaris albigula	123382	subspecies
722559		Myrmotherula axillaris axillaris	123382	subspecies
722571		Myrmotherula axillaris heterozyga	123382	subspecies
722572	Cherrie's antwren	Myrmotherula cherriei	88176	species
722573		Epinecrophylla fulviventris costaricensis	288045	subspecies
722574		Epinecrophylla fulviventris fulviventris	288045	subspecies
722575		Myrmotherula multostriata	88176	species
722576		Myrmotherula multostriata multostriata	722575	subspecies
722577	Pacific antwren	Myrmotherula pacifica	88176	species
722578		Myrmotherula schisticolor interior	633168	subspecies
722579		Myrmotherula schisticolor schisticolor	633168	subspecies
722580	Streaked antwren	Myrmotherula surinamensis	88176	species
722581		Myrmotherula surinamensis surinamensis	722580	subspecies
722582		Phaenostictus mcleannani mcleannani	288078	subspecies
722583		Quiscalus lugubris lugubris	84779	subspecies
722584		Quiscalus nicaraguensis nicaraguensis	643686	subspecies
722585		Quiscalus niger niger	84781	subspecies
722586		Ramphocelus costaricensis costaricensis	36728	subspecies
722591		Saltator coerulescens coerulescens	84783	subspecies
722592		Saltator coerulescens mutus	84783	subspecies
722593		Saltator maximus intermedius	460219	subspecies
722594		Sittasomus griseicapillus reiseri	75973	subspecies
722595	Variable seedeater	Sporophila corvina	135449	species
722596		Sporophila corvina hicksii	722595	subspecies
722597		Sporophila corvina hoffmannii	722595	subspecies
722598		Sporophila nigricollis nigricollis	138930	subspecies
722599		Sturnella magna paralios	56329	subspecies
722600		Tangara icterocephala icterocephala	548524	subspecies
722601		Taraba major melanocrissus	288056	subspecies
722602		Taraba major obscurus	288056	subspecies
722603	Rufous-rumped antwren	Terenura callinota	88182	species
722604		Terenura callinota callinota	722603	subspecies
722614		Thamnophilus atrinucha atrinucha	419681	subspecies
722615		Thamnophilus doliatus doliatus	81889	subspecies
722616		Thamnophilus doliatus nigricristatus	81889	subspecies
722617		Thamnophilus doliatus radiatus	81889	subspecies
722618		Xiphocolaptes promeropirhynchus sclateri	190285	subspecies
722619		Xiphorhynchus erythropygius punctigula	190292	subspecies
722620		Xiphorhynchus lachrymosus lachrymosus	190288	subspecies
722621		Dendroplex picus extimus	190282	subspecies
722622		Emberizoides ypiranganus ypiranganus	555246	subspecies
722629		Epinecrophylla fulviventris viduata	288045	subspecies
722641	Kalkadoon grasswren	Amytornis ballarae	266390	species
722644	Grey grasswren	Amytornis barbatus	266390	species
722645	Eyrean grasswren	Amytornis goyderi	266390	species
722646	Dusky grasswren	Amytornis purnelli	266390	species
722647	Western grasswren	Amytornis textilis	266390	species
722648	Banded whiteface	Aphelocephala nigricincta	117200	species
722649	Rufous Calamanthus	Calamanthus campestris	720582	species
722650	Striated Calamanthus	Calamanthus fuliginosus	720582	species
722651	Eastern bristlebird	Dasyornis brachypterus	243058	species
722652	Mangrove gerygone	Gerygone levigaster	117202	species
722653	Large-billed gerygone	Gerygone magnirostris	117202	species
722654	Fairy gerygone	Gerygone palpebrosa	117202	species
722674	Shy Hylacola	Hylacola cauta	2821865	species
722678	Yellow-tufted honeyeater	Lichenostomus melanops	43158	species
722679	Yellow-plumed honeyeater	Lichenostomus ornatus	43158	species
722681	Blue-breasted fairywren	Malurus pulcherrimus	55806	species
722682	Red-browed pardalote	Pardalotus rubricatus	108839	species
722683	Brown scrubwren	Sericornis humilis	27581	species
722684	Large scrubwren	Sericornis nouhuysi	27581	species
723173	Egyptian mightjar	Caprimulgus aegyptius	48284	species
723175	Bates's nightjar	Caprimulgus batesi	48284	species
723177	Square-tailed nightjar	Caprimulgus fossii	48284	species
723178	Madagascar nightjar	Caprimulgus madagascariensis	48284	species
723179	Fiery-necked nightjar	Caprimulgus pectoralis	48284	species
723182	Montane nightjar	Caprimulgus poliocephalus	48284	species
723188	Rufous-cheeked nightjar	Caprimulgus rufigena	48284	species
723191	Rufous nightjar	Antrostomus rufus	1854010	species
723194	Tawny-collared nightjar	Antrostomus salvini	1854010	species
723195	Dusky nightjar	Antrostomus saturatus	1854010	species
723269	Least nighthawk	Chordeiles pusillus	48288	species
723271	Spotted eared-nightjar	Eurostopodus argus	48159	species
723272	Chestnut-banded nighthawk	Lurocalis nattereri	382312	species
723273	Choco poorwill	Nyctiphrynus rosenbergi	57427	species
723274	Yucatan Poorwill	Nyctiphrynus yucatanicus	57427	species
723278		Siphonorhis	48283	genus
723279	Least poorwill	Siphonorhis brewsteri	723278	species
723280	Lyre-tailed nightjar	Uropsalis lyra	111826	species
723281	Black-shouldered nightjar	Caprimulgus nigriscapularis	48284	species
723282		Caprimulgus sp. KLH-2010a	2644279	species
727904	Chestnut-backed scimitar-babbler	Pomatorhinus montanus	98147	species
732177	Bank cormorant	Phalacrocorax neglectus	9207	species
732178	Auckland Island shag	Leucocarbo colensoi	1523025	species
732179	Bounty Island shag	Leucocarbo ranfurlyi	1523025	species
732180	South Georgia shag	Leucocarbo georgianus	1523025	species
732181	Antarctic shag	Leucocarbo bransfieldensis	1523025	species
740939	Bahama warbler	Setophaga flavescens	182948	species
748141		Aepyornis	147492	genus
748142		Aepyornis maximus	748141	species
748876		Bubo cinerascens	30460	species
748877		Bubo sumatranus	30460	species
749577		Neolestes	634316	genus
749578	Black-collared bulbul	Neolestes torquatus	749577	species
749579	Cameroon olive-greenbul	Phyllastrephus poensis	59967	species
752196		Gorsachius	8899	genus
752197	Malayan night-heron	Gorsachius melanolophus	752196	species
752198	Formosan magpie	Urocissa caerulea	56795	species
752199	Rufous-faced warbler	Abroscopus albogularis	330770	species
752200	orange-fronted parakeet	Eupsittula canicularis	1548947	species
752242		Picus viridis karelini	100825	subspecies
752243	Levaillant's woodpecker	Picus vaillantii	100824	species
753886	Italian grey partridge	Perdix perdix italica	9052	subspecies
757428	Royal spoonbill	Platalea regia	33577	species
757429	Yellow-billed spoonbill	Platalea flavipes	33577	species
757430		Platalea leucorodia archeri	257867	subspecies
757450		Brachypteryx	36291	genus
757451	White-browed shortwing	Brachypteryx montana	757450	species
757452		Campicoloides	36291	genus
757453	buff-streaked chat	Campicoloides bifasciatus	757452	species
757454	Black scrub-robbin	Cercotrichas podobe	228304	species
757455		Cichladusa	36291	genus
757456	Spotted morning-thrush	Cichladusa guttata	757455	species
757457		Cinclidium	36291	genus
757458	Blue-fronted robin	Cinclidium frontale	757457	species
757472	White-crowned robin-chat	Cossypha albicapillus	228313	species
757473	Rueppell's robin-chat	Cossypha semirufa	228313	species
757474	Blue-throated flycatcher	Cyornis rubeculoides	127912	species
757475		Empidornis	36291	genus
757476	Silverbird	Empidornis semipartitus	757475	species
758440	Brown-backed scrub-robin	Cercotrichas hartlaubi	228304	species
758441	African forest-flycatcher	Fraseria ocreata	570448	species
758442		Heinrichia	9183	genus
758443	Great shortwing	Heinrichia calligyna	758442	species
758444		Hodgsonius	36291	genus
758445	White-bellied redstart	Hodgsonius phoenicuroides	758444	species
758446		Irania	36291	genus
758447	White-throated robin	Irania gutturalis	758446	species
758456	Brown-breasted flycatcher	Muscicapa muttui	69507	species
758457		Myiomela	36291	genus
758458	Sunda robin	Myiomela diana	758457	species
758459	White-tailed robin	Myiomela leucura	758457	species
758460		Myioparus	36291	genus
758461	Grey tit-flycatcher	Myioparus plumbeus	758460	species
758462	Shiny whistling-thrush	Myophonus melanurus	869932	species
758463	White-headed black-chat	Myrmecocichla arnotti	701079	species
758464	Rufous-tailed jungle-flycatcher	Rhinomyias ruficauda	245064	species
758465		Saxicoloides	36291	genus
758466	Indian robin	Saxicoloides fulicatus	758465	species
758467		Trichixos	36291	genus
758468	Rufous-tailed shama	Copsychus pyrropygus	125862	species
758605	Black-and-tawny seedeater	Sporophila nigrorufa	135449	species
759712		Scepomycter	81890	genus
759713	Rubeho warbler	Scepomycter rubehoensis	759712	species
759764		Barnardius zonarius semitorquatus	309859	subspecies
761976	Araripe manakin	Antilophia bokermanni	208053	species
761979	Greater scythebill	Drymotoxeres pucheranii	2821312	species
762565		Aegithalos caudatus europaeus	73327	subspecies
762566		Aegithalos caudatus irbii	73327	subspecies
762567		Aegithalos caudatus taiti	73327	subspecies
762568	Silver-throated tit	Aegithalos glaucogularis	73326	species
762610		Aegithalos concinnus concinnus	312068	subspecies
762611		Aegithalos concinnus manipurensis	312068	subspecies
762612		Aegithalos concinnus talifuensis	312068	subspecies
762613	Sooty tit	Aegithalos fuliginosus	73326	species
762614	Black-browed tit	Aegithalos iouschistos	73326	species
762616		Aegithalos iouschistos iouschistos	762614	subspecies
762617	Black-browed tit	Aegithalos bonvaloti	73326	species
762618	Burmese tit	Aegithalos sharpei	73326	species
762619	White-cheeked tit	Aegithalos leucogenys	73326	species
762620	White-throated tit	Aegithalos niveogularis	73326	species
762623		Psaltriparus minimus minimus	88120	subspecies
762625	Lead-colored bushtit	Psaltriparus minimus plumbeus	88120	subspecies
763495		Buceros bicornis x Buceros rhinoceros hybrid 1	175829	species
763496		Buceros bicornis x Buceros rhinoceros hybrid 2	175829	species
766167		Laterallus jamaicensis jamaicensis	371915	subspecies
768464	hick-billed vireo	Vireo crassirostris	28732	species
768471	Mangrove vireo	Vireo pallens	28732	species
768601		Icterus bullockii bullockii	84822	subspecies
768602	Fuertes's oriole	Icterus fuertesi	84804	species
768603		Icterus nigrogularis nigrogularis	84827	subspecies
768612	orange-backed oriole	Icterus croconotus	84804	species
768613		Icterus croconotus croconotus	768612	subspecies
768614		Icterus pectoralis pectoralis	105520	subspecies
768615		Icterus prosthemelas prosthemelas	223164	subspecies
768640	White-tailed swallow	Hirundo megaensis	43149	species
768641	Black-and-rufous swallow	Hirundo nigrorufa	43149	species
768642	Levant barn swallow	Hirundo rustica transitiva	43150	subspecies
768643		Hirundo rustica tytleri	43150	subspecies
768644	Egyptian barn swallow	Hirundo rustica savignii	43150	subspecies
768645	Amur barn swallow	Hirundo rustica gutturalis	43150	subspecies
771893		unclassified Anseriformes	8826	no rank
771902		unclassified Apodiformes	8892	no rank
771904		unclassified Falconiformes	8948	no rank
771911		unclassified Passeriformes	9126	no rank
772020		unclassified Pelecaniformes	9205	no rank
772022		unclassified Piciformes	9219	no rank
772031		unclassified Psittaciformes	9223	no rank
772159		unclassified Strigiformes	30458	no rank
791162		unclassified Caprimulgiformes	8902	no rank
791175		unclassified Charadriiformes	8906	no rank
791185		unclassified Ciconiiformes	8920	no rank
791187		unclassified Columbiformes	8929	no rank
791191		unclassified Cuculiformes	8940	no rank
791196		unclassified Galbuliformes	118184	no rank
791198		unclassified Galliformes	8976	no rank
791207		unclassified Gruiformes	9108	no rank
795944	Yellow-breasted tit	Cyanistes flavipectus	156562	species
796028		Pternistis swierstrai	1756210	species
796029	Ahanta francolin	Pternistis ahantensis	1756210	species
796397		Columba vitiensis	8931	species
796398		Ducula melanochroa	115625	species
796399	Golden dove	Ptilinopus luteovirens	115696	species
796400		Ptilinopus magnificus	115696	species
796401		Ptilinopus regina	115696	species
796402		Ptilinopus solomonensis	115696	species
796403		Ptilinopus victor	115696	species
797017	Black shama	Copsychus cebuensis	125862	species
797018	White-vented shama	Copsychus niger	125862	species
797021		Copsychus sechellarum	125862	species
815412		Anseriformes sp. BOLD:AAB6382	771893	species
815413		Anseriformes sp. BOLD:AAC5015	771893	species
815414		Anseriformes sp. BOLD:AAC8331	771893	species
815415		Anseriformes sp. BOLD:AAC9324	771893	species
815416		Anseriformes sp. BOLD:AAD7995	771893	species
815417		Anseriformes sp. BOLD:AAF2227	771893	species
815418		Anseriformes sp. BOLD:AAF2888	771893	species
815419		Anseriformes sp. BOLD:AAK7050	771893	species
815495		Apodiformes sp. BOLD:AAJ5745	771902	species
816494		Caprimulgiformes sp. BOLD:AAD8459	791162	species
816495		Caprimulgiformes sp. BOLD:AAD8897	791162	species
816496		Caprimulgiformes sp. BOLD:AAE2088	791162	species
816708		Charadriiformes sp. BOLD:AAB4751	791175	species
816709		Charadriiformes sp. BOLD:AAB5364	791175	species
816710		Charadriiformes sp. BOLD:AAC3669	791175	species
816797		Ciconiiformes sp. BOLD:AAE7675	791185	species
818038		Columbiformes sp. BOLD:AAB3822	791187	species
818039		Columbiformes sp. BOLD:AAE7052	791187	species
818040		Columbiformes sp. BOLD:AAF7178	791187	species
818044		Cuculiformes sp. BOLD:AAF7348	791191	species
822863		Falconiformes sp. BOLD:AAC5641	771904	species
822864		Falconiformes sp. BOLD:AAE9111	771904	species
822865		Falconiformes sp. BOLD:AAE9878	771904	species
822866		Falconiformes sp. BOLD:AAF0183	771904	species
822867		Falconiformes sp. BOLD:AAF7832	771904	species
822868		Falconiformes sp. BOLD:AAG2003	771904	species
822925		Galbuliformes sp. BOLD:AAI3414	791196	species
822926		Galliformes sp. BOLD:AAD6972	791198	species
822927		Galliformes sp. BOLD:AAF7609	791198	species
822945		Gruiformes sp. BOLD:AAJ5612	791207	species
822946		Gruiformes sp. BOLD:AAL0480	791207	species
852583		Passeriformes sp. BOLD:AAA4006	771911	species
852584		Passeriformes sp. BOLD:AAA4164	771911	species
852585		Passeriformes sp. BOLD:AAA4165	771911	species
852586		Passeriformes sp. BOLD:AAA8503	771911	species
852587		Passeriformes sp. BOLD:AAA8767	771911	species
852588		Passeriformes sp. BOLD:AAA9452	771911	species
852589		Passeriformes sp. BOLD:AAA9914	771911	species
852590		Passeriformes sp. BOLD:AAB0328	771911	species
852591		Passeriformes sp. BOLD:AAB0997	771911	species
852592		Passeriformes sp. BOLD:AAB2154	771911	species
852593		Passeriformes sp. BOLD:AAB2914	771911	species
852594		Passeriformes sp. BOLD:AAB3149	771911	species
852595		Passeriformes sp. BOLD:AAB3618	771911	species
852596		Passeriformes sp. BOLD:AAB4962	771911	species
852597		Passeriformes sp. BOLD:AAB5167	771911	species
852598		Passeriformes sp. BOLD:AAB5241	771911	species
852599		Passeriformes sp. BOLD:AAB5335	771911	species
852600		Passeriformes sp. BOLD:AAB5357	771911	species
852601		Passeriformes sp. BOLD:AAB5891	771911	species
852602		Passeriformes sp. BOLD:AAB6005	771911	species
852603		Passeriformes sp. BOLD:AAB6423	771911	species
852604		Passeriformes sp. BOLD:AAB7009	771911	species
852605		Passeriformes sp. BOLD:AAB7010	771911	species
852606		Passeriformes sp. BOLD:AAB7036	771911	species
852607		Passeriformes sp. BOLD:AAB7212	771911	species
852608		Passeriformes sp. BOLD:AAB7518	771911	species
852609		Passeriformes sp. BOLD:AAB7766	771911	species
852610		Passeriformes sp. BOLD:AAB7767	771911	species
852611		Passeriformes sp. BOLD:AAB8076	771911	species
852612		Passeriformes sp. BOLD:AAB8392	771911	species
852613		Passeriformes sp. BOLD:AAB9159	771911	species
852614		Passeriformes sp. BOLD:AAB9673	771911	species
852615		Passeriformes sp. BOLD:AAB9819	771911	species
852616		Passeriformes sp. BOLD:AAB9855	771911	species
852617		Passeriformes sp. BOLD:AAB9859	771911	species
852618		Passeriformes sp. BOLD:AAC0354	771911	species
852619		Passeriformes sp. BOLD:AAC0709	771911	species
852620		Passeriformes sp. BOLD:AAC0944	771911	species
852621		Passeriformes sp. BOLD:AAC1714	771911	species
852622		Passeriformes sp. BOLD:AAC1766	771911	species
852623		Passeriformes sp. BOLD:AAC2758	771911	species
852624		Passeriformes sp. BOLD:AAC3797	771911	species
852625		Passeriformes sp. BOLD:AAC3960	771911	species
852626		Passeriformes sp. BOLD:AAC4136	771911	species
852627		Passeriformes sp. BOLD:AAC4760	771911	species
852628		Passeriformes sp. BOLD:AAC4939	771911	species
852629		Passeriformes sp. BOLD:AAC5806	771911	species
852630		Passeriformes sp. BOLD:AAC6056	771911	species
852631		Passeriformes sp. BOLD:AAC7035	771911	species
852632		Passeriformes sp. BOLD:AAC7319	771911	species
852633		Passeriformes sp. BOLD:AAC7545	771911	species
852634		Passeriformes sp. BOLD:AAC7605	771911	species
852635		Passeriformes sp. BOLD:AAC8067	771911	species
852636		Passeriformes sp. BOLD:AAC8254	771911	species
852637		Passeriformes sp. BOLD:AAC8822	771911	species
852638		Passeriformes sp. BOLD:AAC8978	771911	species
852639		Passeriformes sp. BOLD:AAC8979	771911	species
852640		Passeriformes sp. BOLD:AAC9030	771911	species
852641		Passeriformes sp. BOLD:AAC9150	771911	species
852642		Passeriformes sp. BOLD:AAD0057	771911	species
852643		Passeriformes sp. BOLD:AAD2190	771911	species
852644		Passeriformes sp. BOLD:AAD2458	771911	species
852645		Passeriformes sp. BOLD:AAD2463	771911	species
852646		Passeriformes sp. BOLD:AAD3755	771911	species
852647		Passeriformes sp. BOLD:AAD3933	771911	species
852648		Passeriformes sp. BOLD:AAD5529	771911	species
852649		Passeriformes sp. BOLD:AAD5564	771911	species
852650		Passeriformes sp. BOLD:AAD7410	771911	species
852651		Passeriformes sp. BOLD:AAD7947	771911	species
852652		Passeriformes sp. BOLD:AAD8373	771911	species
852653		Passeriformes sp. BOLD:AAE0006	771911	species
852654		Passeriformes sp. BOLD:AAE0307	771911	species
852655		Passeriformes sp. BOLD:AAE0471	771911	species
852656		Passeriformes sp. BOLD:AAE0645	771911	species
852657		Passeriformes sp. BOLD:AAE1087	771911	species
852658		Passeriformes sp. BOLD:AAE1444	771911	species
852659		Passeriformes sp. BOLD:AAE2905	771911	species
852660		Passeriformes sp. BOLD:AAE3085	771911	species
852661		Passeriformes sp. BOLD:AAE4275	771911	species
852662		Passeriformes sp. BOLD:AAE4576	771911	species
852663		Passeriformes sp. BOLD:AAE4894	771911	species
852664		Passeriformes sp. BOLD:AAE5947	771911	species
852665		Passeriformes sp. BOLD:AAE6150	771911	species
852666		Passeriformes sp. BOLD:AAE7043	771911	species
852667		Passeriformes sp. BOLD:AAE8492	771911	species
852668		Passeriformes sp. BOLD:AAE8834	771911	species
852669		Passeriformes sp. BOLD:AAE9055	771911	species
852670		Passeriformes sp. BOLD:AAE9500	771911	species
852671		Passeriformes sp. BOLD:AAE9778	771911	species
852672		Passeriformes sp. BOLD:AAF0313	771911	species
852673		Passeriformes sp. BOLD:AAF1415	771911	species
852674		Passeriformes sp. BOLD:AAF1573	771911	species
852675		Passeriformes sp. BOLD:AAF2720	771911	species
852676		Passeriformes sp. BOLD:AAF2894	771911	species
852677		Passeriformes sp. BOLD:AAF6898	771911	species
852678		Passeriformes sp. BOLD:AAF8418	771911	species
852679		Passeriformes sp. BOLD:AAH7867	771911	species
852680		Passeriformes sp. BOLD:AAH9030	771911	species
852681		Passeriformes sp. BOLD:AAI7180	771911	species
852682		Passeriformes sp. BOLD:AAI7428	771911	species
852683		Passeriformes sp. BOLD:AAI7987	771911	species
852684		Passeriformes sp. BOLD:AAJ3667	771911	species
852685		Passeriformes sp. BOLD:AAJ9661	771911	species
852686		Passeriformes sp. BOLD:AAK3115	771911	species
852687		Passeriformes sp. BOLD:AAK3584	771911	species
852688		Passeriformes sp. BOLD:AAK6726	771911	species
852689		Passeriformes sp. BOLD:AAK6841	771911	species
852699		Pelecaniformes sp. BOLD:AAD3667	772020	species
853690		Piciformes sp. BOLD:AAC1454	772022	species
853691		Piciformes sp. BOLD:AAC4432	772022	species
853692		Piciformes sp. BOLD:AAC9756	772022	species
853693		Piciformes sp. BOLD:AAD1299	772022	species
853694		Piciformes sp. BOLD:AAD6789	772022	species
853695		Piciformes sp. BOLD:AAE8911	772022	species
853696		Piciformes sp. BOLD:AAE9615	772022	species
853697		Piciformes sp. BOLD:AAF2180	772022	species
854124		Psittaciformes sp. BOLD:AAD2764	772031	species
854125		Psittaciformes sp. BOLD:AAF7435	772031	species
854827		Strigiformes sp. BOLD:AAB4826	772159	species
854828		Strigiformes sp. BOLD:AAB6046	772159	species
854829		Strigiformes sp. BOLD:AAC6752	772159	species
854830		Strigiformes sp. BOLD:AAC8515	772159	species
854831		Strigiformes sp. BOLD:AAE9025	772159	species
854832		Strigiformes sp. BOLD:AAF6629	772159	species
857051		Acrocephalus atyphus eremus	435339	subspecies
857052		Acrocephalus atyphus niauensis	435339	subspecies
857053		Acrocephalus atyphus palmarum	435339	subspecies
857054	Northern Marquesan reed-warbler	Acrocephalus percernis	39620	species
858298		Anabazenops dorsalis	589934	species
858299		Automolus melanopezus	190677	species
858301		Celeus spectabilis	315361	species
858302		Cercomacra manu	183184	species
858303		Crypturellus obsoletus	48395	species
858304		Crypturellus variegatus	48395	species
858328		Cymbilaimus sanctaemariae	419693	species
858329		Epinecrophylla ornata	468482	species
858330		Hemitriccus flammulatus	265624	species
858331		Hemitriccus griseipectus	265624	species
858332	Ihering's antwren	Myrmotherula iheringi	88176	species
858333		Philydor ruficaudatum	183164	species
858334		Synallaxis cabanisi	88180	species
858335		Synallaxis rutilans	88180	species
858641		Amazona leucocephala hesterna	241562	subspecies
860587	Oriental dwarf-kingfisher	Ceyx erithaca	57403	species
860615	blue-capped redstart	Phoenicurus coeruleocephala	121422	species
860616		Phoenicurus hodgsoni	121422	species
860617	Luzon water-redstart	Phoenicurus bicolor	121422	species
861240		Ara ararauna x Ara macao	9225	species
861241		Ara chloropterus x Ara macao	9225	species
862674	Eastern mourning wheatear	Oenanthe lugens lugens	391706	subspecies
862675		Oenanthe halophila	245059	species
862676	Schalow's wheatear	Oenanthe schalowi	245059	species
862702		Alectoris chukar dzungarica	9078	subspecies
862703		Alectoris chukar falki	9078	subspecies
862704		Alectoris chukar potanini	9078	subspecies
862705		Alectoris chukar pubescens	9078	subspecies
862708	Berezovski's blood pheasant	Ithaginis cruentus berezowskii	83285	subspecies
862709	Geoffroy's blood pheasant	Ithaginis cruentus geoffroyi	83285	subspecies
862710		Perdix dauurica przewalskii	114919	subspecies
862711		Perdix dauurica suschkini	114919	subspecies
862713		Perdix dauurica dauurica	114919	subspecies
862714		Perdix hodgsoniae hodgsoniae	573593	subspecies
862715		Perdix hodgsoniae koslowi	573593	subspecies
862716		Perdix hodgsoniae sifanica	573593	subspecies
862809		Tetraogallus himalayensis grombczewskii	109044	subspecies
862810		Tetraogallus himalayensis himalayensis	109044	subspecies
862811		Tetraogallus himalayensis koslowi	109044	subspecies
862813		Tetraogallus tibetanus przewalskii	267427	subspecies
862814		Tetraogallus tibetanus tibetanus	267427	subspecies
863590		Melithreptus validirostris	108835	species
863591		Melithreptus gularis	108835	species
863592	Black-headed honeyeater	Melithreptus affinis	108835	species
864511		Acrocephalus palustris x Acrocephalus schoenobaenus	39620	species
864763	Greater pewee	Contopus pertinax	183520	species
866354		Anorrhinus	57380	genus
866355	Brown hornbill	Anorrhinus tickelli	866354	species
866356	Austen's brown hornbill	Anorrhinus austeni	866354	species
866357	Bushy-crested hornbill	Anorrhinus galeritus	866354	species
866358	Rufous-necked hornbill	Aceros nipalensis	175823	species
866436		Rhyticeros	57380	genus
866437	Plain-pouched hornbill	Rhyticeros subruficollis	866436	species
866438	Wreathed hornbill	Rhyticeros undulatus	866436	species
866440		Rhinoplax	57380	genus
866441	Helmeted hornbill	Rhinoplax vigil	866440	species
866442		Tropicranus	57380	genus
866443	White-crested hornbill	Tropicranus albocristatus	866442	species
866444		Ocyceros	57380	genus
866445	Ceylon grey-hornbill	Ocyceros gingalensis	866444	species
866917		Ara ararauna x Ara chloropterus	9225	species
866918		Ara ambiguus x Ara chloropterus	9225	species
867192		Cercomacra brasiliana	183184	species
867193		Cercomacra carbonaria	183184	species
867196		Cercomacroides parkeri	2767395	species
867198		Epinecrophylla erythrura	468482	species
867199		Epinecrophylla gutturalis	468482	species
867201		Epinecrophylla leucophthalma	468482	species
867202		Epinecrophylla spodionota	468482	species
867203		Formicivora melanogaster	88170	species
867204		Herpsilochmus dorsimaculatus	88172	species
867205		Herpsilochmus longirostris	88172	species
867208		Herpsilochmus motacilloides	88172	species
867209		Herpsilochmus parkeri	88172	species
867211		Herpsilochmus stictocephalus	88172	species
867218		Myrmotherula ambigua	88176	species
867219		Myrmotherula assimilis	88176	species
867236		Myrmotherula grisea	88176	species
867237		Myrmotherula klagesi	88176	species
867238		Myrmotherula sclateri	88176	species
867239		Thamnomanes schistogynus	288065	species
867384	Golden-capped parakeet	Aratinga auricapillus	12945	species
867385	Socorro parakeet	Psittacara brevipes	1664462	species
867386	Hispaniolan parakeet	Psittacara chloropterus	1664462	species
867387	Cuban parakeet	Psittacara euops	1664462	species
867388	crimson-fronted parakeet	Psittacara finschi	1664462	species
867390	green parakeet	Psittacara holochlorus	1664462	species
867391	Scarlet-fronted Parakeet	Psittacara wagleri	1664462	species
867392		Hapalopsittaca melanotis	303327	species
867393		Conuropsis	9224	genus
867394	Carolina parakeet	Conuropsis carolinensis	867393	species
869457	Brazilian brown-throated parakeet	Eupsittula pertinax chrysogenys	492513	subspecies
869458	violaceous quail-dove	Geotrygon violacea	115649	species
869898		Melaenornis microrhynchus	245055	species
869899		Brachypteryx leucophris	757450	species
869900	Miombo scrub-robin	Cercotrichas barbata	228304	species
869901	rufous-tailed scrub-robin	Cercotrichas galactotes	228304	species
869902	forest scrub-robin	Cercotrichas leucosticta	228304	species
869903		Cercotrichas paena	228304	species
869904	bearded scrub-robin	Cercotrichas quadrivirgata	228304	species
869905	white-browed robin-chat	Cossypha heuglini	228313	species
869906		Cossypha humeralis	228313	species
869907		Cyornis concretus	127912	species
869908		Cyornis poliogenys	127912	species
869909		Cyornis unicolor	127912	species
869910		Enicurus ruficapillus	248149	species
869911		Luscinia brunnea	52791	species
869913		Muscicapa aquatica	69507	species
869914		Muscicapa cassini	69507	species
869915		Muscicapa gambagae	69507	species
869916	yellow-footed alseonax	Muscicapa sethsmithi	69507	species
869917		Myrmecocichla aethiops	701079	species
869918		Myrmecocichla albifrons	701079	species
869919		Myrmecocichla melaena	701079	species
869920		Niltava grandis	427696	species
869921		Niltava macgrigoriae	427696	species
869922		Niltava vivida	427696	species
869923		Phoenicurus moussieri	121422	species
869924		Rhinomyias additus	245064	species
869925		Rhinomyias insignis	245064	species
869926		Rhinomyias olivaceus	245064	species
869927		Rhinomyias umbratilis	245064	species
869928	Grey bushchat	Saxicola ferreus	69509	species
869929		Tarsiger hyperythrus	2823303	species
869930		Tarsiger indicus	2823303	species
869931		Tarsiger johnstoniae	2823303	species
869932		Myophonus	36291	genus
869933		Myophonus caeruleus	869932	species
869934		Myophonus glaucinus	869932	species
870235		Copsychus malabaricus indicus	1948888	subspecies
870237		Cossypha polioptera nigriceps	228319	subspecies
870536		Willisornis	81887	genus
870969	Dusky-billed parrotlet	Forpus modestus	69956	species
870970		Turtur tympanistria	187142	species
873176		Philydor erythrocercum	183164	species
873194		Basileuterus hypoleucus	85518	species
873195		Basileuterus melanogenys	85518	species
873196		Basileuterus trifasciatus	85518	species
873197		Myiothlypis chrysogaster	1851188	species
873198		Myiothlypis conspicillata	1851188	species
873200	pink-headed warbler	Cardellina versicolor	182911	species
873201		Basileuterus leucophrys	85518	species
873202	Bachman's warbler	Vermivora bachmanii	62258	species
874383	Willard's sooty boubou	Laniarius willardi	9194	species
874461		Gerygone igata	117202	species
874462		Mohoua novaeseelandiae	626426	species
874463		Mohoua ochrocephala	626426	species
875388		Basileuterus culicivorus x Basileuterus hypoleucus	85518	species
875389		Basileuterus culicivorus auricapilla	85526	subspecies
875390		Basileuterus culicivorus azarae	85526	subspecies
875391		Basileuterus culicivorus culicivorus	85526	subspecies
875392		Basileuterus culicivorus flavescens	85526	subspecies
877580		Sylvia moltonii	43162	species
878326		Graminicola bengalensis bengalensis	330742	subspecies
878327		Graminicola bengalensis sinicus	330742	subspecies
880542		Coracina lineata lineata	175001	subspecies
880543		Coracina papuensis sclaterii	381022	subspecies
880544		Coracina papuensis artamoides	381022	subspecies
880545		Edolisoma tenuirostre tenuirostre	381023	subspecies
880546		Edolisoma remotum	2071345	species
880547		Coracina ingens	108824	species
880548		Coracina salomonis	108824	species
880549		Lalage atrovirens	254545	species
880550		Lalage sharpei	254545	species
880551	cuckooshrikes	Campephagidae	192204	family
880553		Lobotos	880551	genus
880554		Lobotos oriolinus	880553	species
880806		Colaptes fernandinae	9221	species
880807	Gray-crowned woodpecker	Colaptes auricularis	9221	species
881912		Pachyptila crassirostris	37058	species
882739		Galbula cyanicollis	118186	species
882743	white-chested puffbird	Malacoptila fusca	488311	species
882748		Monasa	135166	genus
882749	black-fronted nunbird	Monasa nigrifrons	882748	species
882751		Notharchus tectus	592657	species
886685		Hemitesia	36270	genus
886686	Neumann's warbler	Hemitesia neumanni	886685	species
886687	Manchurian bush-warbler	Horornis borealis	1592217	species
886689		Phyllergates cucullatus hedymeles	330749	subspecies
886690		Horornis flavolivaceus intricatus (Hartert, E, 1909)	393613	subspecies
886691		Tesia olivea olivea	330764	subspecies
886792		Pternistis bicalcaratus bicalcaratus	57754	subspecies
886793	spot-winged wood quail	Odontophorus capueira	224314	species
886794	marbled wood quail	Odontophorus gujanensis	224314	species
886795	rufous-breasted wood quail	Odontophorus speciosus	224314	species
886860	grey tapaculo	Scytalopus parvirostris	9168	species
886862		Pternistis leucoscepus muhamedbenabdullah	666326	subspecies
886863		Pternistis leucoscepus infuscatus	666326	subspecies
886868		Pternistis hildebrandti helleri	57759	subspecies
886869		Pternistis hildebrandti fischeri	57759	subspecies
886870		Pternistis hildebrandti altumi	57759	subspecies
886871		Pternistis hildebrandti johnstoni	57759	subspecies
886873		Pternistis clappertoni sharpii	389011	subspecies
886874		Pternistis clappertoni nigrosquamatus	389011	subspecies
886875		Scleroptila levaillantii crawshayi	57760	subspecies
886876		Scleroptila levaillantii kikuyuensis	57760	subspecies
886879		Francolinus levaillantoides jugularis	57761	subspecies
886880		Francolinus levaillantoides pallidior	57761	subspecies
886881		Francolinus levaillantoides lorti	57761	subspecies
886883		Francolinus archeri	9018	species
886884		Francolinus archeri archeri	886883	subspecies
886885		Francolinus levaillantoides gutturalis	57761	subspecies
886891		Scleroptila psilolaema theresae	388999	subspecies
886892		Scleroptila psilolaema ellenbecki	388999	subspecies
886894		Pternistis hartlaubi crypticus	57758	subspecies
886905		Scleroptila shelleyi whytei	57764	subspecies
886906		Scleroptila shelleyi uluensis	57764	subspecies
886908		Pternistis bicalcaratus ayesha	57754	subspecies
886909		Pternistis bicalcaratus adamauae	57754	subspecies
886910		Pternistis bicalcaratus thornei	57754	subspecies
886911		Pternistis castaneicollis ogoensis	389019	subspecies
886912		Pternistis castaneicollis bottegi	389019	subspecies
886914		Pternistis squamatus maranensis	57765	subspecies
886915		Pternistis squamatus schuetti	57765	subspecies
886916		Peliperdix coqui maharao	9021	subspecies
886917		Peliperdix coqui thikae	9021	subspecies
887049	Pacific reef-egret	Egretta sacra	56073	species
887050	Endangered white-eared night-heron	Gorsachius magnificus	752196	species
889797		Actinodura waldeni	181642	species
889798		Actinodura morrisoniana	181642	species
889799		Actinodura egertoni	181642	species
889800		Actinodura ramsayi	181642	species
889801		Crypturellus cinnamomeus	48395	species
889804		Macropygia ruficeps	115674	species
889805		Myrmecocichla formicivora	701079	species
889874		Psittacella picta	458122	species
889875		Pezoporus flaviventris	35540	subspecies
890048		Oriolus albiloris	98139	species
890049		Oriolus bouroensis	98139	species
890050		Oriolus chinensis chinensis	409288	subspecies
890051		Oriolus chinensis diffusus	409288	subspecies
890053		Oriolus chinensis maculatus	409288	subspecies
890054		Oriolus chinensis melanisticus	409288	subspecies
890057		Oriolus chlorocephalus	98139	species
890058		Oriolus forsteni	98139	species
890059		Oriolus hosii	98139	species
890060		Oriolus isabellae	98139	species
890066		Oriolus kundoo	98139	species
890105	Timor oriole	Oriolus melanotis	98139	species
890106		Oriolus mellianus	98139	species
890108		Oriolus monacha	98139	species
890111		Oriolus nigripennis	98139	species
890112		Oriolus percivali	98139	species
890113		Oriolus phaeochromus	98139	species
890114		Oriolus steerii	98139	species
890115		Oriolus szalayi	98139	species
890116		Oriolus traillii	98139	species
891403		Phylloscopus calciatilis	9181	species
891410		Phylloscopus calciatilis x Phylloscopus ricketti	9181	species
891533		Apodiformes sp. BOLD:AAB0518	771902	species
891534		Apodiformes sp. BOLD:AAD9461	771902	species
891535		Apodiformes sp. BOLD:AAE9714	771902	species
891536		Apodiformes sp. BOLD:AAI6986	771902	species
891537		Apodiformes sp. BOLD:AAJ0618	771902	species
891538		Apodiformes sp. BOLD:AAK4539	771902	species
891539		Apodiformes sp. BOLD:AAL0199	771902	species
891675		Passeriformes sp. BOLD:AAC4302	771911	species
891676		Passeriformes sp. BOLD:AAC4303	771911	species
891677		Passeriformes sp. BOLD:AAD2398	771911	species
891678		Passeriformes sp. BOLD:AAD8096	771911	species
891679		Passeriformes sp. BOLD:AAF6567	771911	species
891680		Passeriformes sp. BOLD:AAM0075	771911	species
891681		Passeriformes sp. BOLD:AAM0891	771911	species
903561		Pternistis afer lehmanni	9020	subspecies
903868		Turdus xanthorhynchus	9186	species
903938	Kirk's francolin	Dendroperdix rovuma	388981	species
903939		Dendroperdix sephaena grantii	57763	subspecies
903940		Dendroperdix sephaena zambesiae	57763	subspecies
903943		Pternistis afer benguellensis	9020	subspecies
903944		Pternistis afer boehmi	9020	subspecies
903946		Pternistis afer harterti	9020	subspecies
903947		Francolinus lathami schubotzi	388979	subspecies
903948		Francolinus pictus	9018	species
903949		Peliperdix albogularis	388983	species
903950		Peliperdix albogularis buckleyi	903949	subspecies
903951		Peliperdix albogularis meinertzhageni	903949	subspecies
903952		Peliperdix coqui hubbardi	9021	subspecies
903953		Peliperdix coqui campbelli	9021	subspecies
903954		Peliperdix coqui angolensis	9021	subspecies
903955		Peliperdix coqui kasaicus	9021	subspecies
903956		Peliperdix coqui lynesi	9021	subspecies
903957		Peliperdix coqui vernayi	9021	subspecies
903963		Peliperdix schlegelii	388983	species
903964		Pternistis afer cranchii	9020	subspecies
903965		Pternistis afer nyanzae	9020	subspecies
903966		Pternistis afer itigi	9020	subspecies
903967		Pternistis afer intercedens	9020	subspecies
903976		Pternistis swainsonii lundazi	57766	subspecies
903977		Pternistis afer swynnertoni	9020	subspecies
903979		Peliperdix coqui spinetorum	9021	subspecies
903980		Pternistis afer castaneiventer	9020	subspecies
904409		Pternistis swainsoni chobiensis	57766	subspecies
904410		Peliperdix coqui coqui	9021	subspecies
904806		Cranioleuca subcristata	85406	species
904807		Margarornis bellulus	183166	species
904818		Premnoplex tatei	329505	species
904819		Synallaxis candei	88180	species
904820		Synallaxis cinnamomea	88180	species
906167		Passeriformes sp. BPSAI146-10	771911	species
906168		Passeriformes sp. BPSAI172-10	771911	species
907499		Anaplectes	135446	genus
907500	Red-headed weaver	Anaplectes rubriceps	907499	species
907501	Red-headed malimbe	Malimbus rubricollis	570452	species
908302		Apalis flavida florisuga	208067	subspecies
908303		Bernieria madagascariensis inceleber	374660	subspecies
908304		Cettia cetti orientalis	68486	subspecies
908305		Hylia prasina prasina	208073	subspecies
908306		Poodytes gramineus goulburni	260106	subspecies
908307		Orthotomus sutorius guzuratus	98142	subspecies
908308		Pycnonotus barbatus inornatus	175013	subspecies
908309		Scotocerca inquieta saharae	117183	subspecies
908311		Stachyris nigriceps yunnanensis x Stachyris rileyi	181630	subspecies
910421		Anthus gustavi menzbieri	670333	subspecies
910422		Anthus gustavi gustavi	670333	subspecies
912965		Amytornis dorotheae	266390	species
912966		Amytornis woodwardi	266390	species
913157		Amytornis barbatus barbatus	722644	subspecies
913158		Amytornis barbatus diamantina	722644	subspecies
913159		Amytornis striatus owensi	266391	subspecies
913176		Amytornis striatus rowleyi	266391	subspecies
913177		Amytornis striatus striatus	266391	subspecies
913178		Amytornis textilis textilis	722647	subspecies
913179		Amytornis textilis myall	722647	subspecies
915431		Ducula bakeri	115625	species
915432		Geopelia humeralis	115646	species
915434	Southern crowned-pigeon	Goura scheepmakeri	115653	species
915436		Turtur abyssinicus	187142	species
916465		Columbiformes sp. BOLD:AAC2913	791187	species
916466		Columbiformes sp. BOLD:AAC6355	791187	species
916467		Columbiformes sp. BOLD:AAF7841	791187	species
917771		Galbuliformes sp. BOLD:AAK4340	791196	species
917772		Galliformes sp. BOLD:AAE4995	791198	species
924116		Passeriformes sp. BOLD:AAA7930	771911	species
924117		Passeriformes sp. BOLD:AAA8667	771911	species
924118		Passeriformes sp. BOLD:AAB0009	771911	species
924119		Passeriformes sp. BOLD:AAB3819	771911	species
924120		Passeriformes sp. BOLD:AAB4120	771911	species
924121		Passeriformes sp. BOLD:AAB4908	771911	species
924122		Passeriformes sp. BOLD:AAB5244	771911	species
924123		Passeriformes sp. BOLD:AAB8613	771911	species
924124		Passeriformes sp. BOLD:AAC1608	771911	species
924125		Passeriformes sp. BOLD:AAC1631	771911	species
924126		Passeriformes sp. BOLD:AAC2414	771911	species
924127		Passeriformes sp. BOLD:AAC3018	771911	species
924128		Passeriformes sp. BOLD:AAC3597	771911	species
924129		Passeriformes sp. BOLD:AAC4716	771911	species
924130		Passeriformes sp. BOLD:AAC4823	771911	species
924131		Passeriformes sp. BOLD:AAC7687	771911	species
924132		Passeriformes sp. BOLD:AAD0051	771911	species
924133		Passeriformes sp. BOLD:AAD6341	771911	species
924134		Passeriformes sp. BOLD:AAD6643	771911	species
924135		Passeriformes sp. BOLD:AAD6725	771911	species
924136		Passeriformes sp. BOLD:AAD9437	771911	species
924137		Passeriformes sp. BOLD:AAE0996	771911	species
924138		Passeriformes sp. BOLD:AAE3078	771911	species
924139		Passeriformes sp. BOLD:AAE4301	771911	species
924140		Passeriformes sp. BOLD:AAE7170	771911	species
924141		Passeriformes sp. BOLD:AAE9591	771911	species
924142		Passeriformes sp. BOLD:AAF1005	771911	species
924143		Passeriformes sp. BOLD:AAF1413	771911	species
924144		Passeriformes sp. BOLD:AAF5480	771911	species
924145		Passeriformes sp. BOLD:AAF5579	771911	species
924146		Passeriformes sp. BOLD:AAF5864	771911	species
924147		Passeriformes sp. BOLD:AAF8382	771911	species
924148		Passeriformes sp. BOLD:AAF8385	771911	species
924149		Passeriformes sp. BOLD:AAI0234	771911	species
924150		Passeriformes sp. BOLD:AAI7890	771911	species
924151		Passeriformes sp. BOLD:AAJ4493	771911	species
924152		Passeriformes sp. BOLD:AAJ8015	771911	species
924153		Passeriformes sp. BOLD:AAK0374	771911	species
924509		Piciformes sp. BOLD:AAD4057	772022	species
924510		Piciformes sp. BOLD:AAK0692	772022	species
925459	Grey crowned-crane	Balearica regulorum	30413	species
925988		Malurus alboscapulatus	55806	species
926063		Campylopterus rufus	304604	species
927621		Numenius phaeopus variegatus	161676	subspecies
927622		Numenius hudsonicus	32638	species
927623		Pinicola enucleator flammula	175947	subspecies
927624		Pinicola enucleator kamtschatkensis	175947	subspecies
928650		Carpodacus vinaceus vinaceus	552617	subspecies
928652		Pinicola enucleator enucleator	175947	subspecies
928653		Pyrrhula aurantiaca	37606	species
928656		Pyrrhula owstoni	175815	subspecies
928665		Pyrrhula leucogenis	37606	species
928666		Pyrrhula leucogenis leucogenis	928665	subspecies
928667		Pyrrhula leucogenis steerei	928665	subspecies
928668		Pyrrhula nipalensis nipalensis	175937	subspecies
928669		Pyrrhula nipalensis ricketti	175937	subspecies
928670		Pyrrhula nipalensis uchidai	175937	subspecies
928671		Pyrrhula pyrrhula europoea	37607	subspecies
928672		Pyrrhula murina	37606	species
928673		Pyrrhula pyrrhula pyrrhula	37607	subspecies
928674		Pyrrhula pyrrhula pileata	37607	subspecies
932021		Pomatorhinus ferruginosus	98147	species
932022		Pomatorhinus ferruginosus orientalis	932021	subspecies
932024		Pomatorhinus hypoleucos	98147	species
932025		Pomatorhinus hypoleucos tickelli	932024	subspecies
932026		Pomatorhinus montanus occidentalis	727904	subspecies
932027		Pomatorhinus ochraceiceps ochraceiceps	98148	subspecies
932028	streak-breasted scimitar babbler	Pomatorhinus ruficollis	98147	species
932029		Pomatorhinus ruficollis similis	932028	subspecies
932030		Pomatorhinus musicus	98147	species
932031		Stachyris ambigua	98149	species
932032		Pomatorhinus superciliaris forresti	201369	subspecies
932674		Corvus cornix cornix	181096	subspecies
932683		Apalharpactes mackloti	2820828	species
932689		Harpactes fasciatus	57418	species
932690		Harpactes kasumba	57418	species
932691		Harpactes wardi	57418	species
932692		Harpactes whiteheadi	57418	species
932749		Pomatorhinus ruficollis stridulus	932028	subspecies
933618		Arremon schlegeli	241749	species
933619		Atlapetes latinuchus	65358	species
933621		Arremon castaneiceps	241749	species
934036		Locustella mandelli mandelli	1771280	subspecies
934038		Bradypterus alishanensis	203786	species
934416		Bradypterus baboecala centralis	315534	subspecies
934417		Bradypterus graueri	203786	species
934418		Bradypterus lopesi ufipae	327259	subspecies
934420		Bradypterus davidi suschkini	370327	subspecies
943952	Lava shearwater	Puffinus olsoni	30453	species
944221		Pterodroma sandwichensis	37063	species
944966		Myrmeciza palliata	288071	species
945971		Aulacorhynchus caeruleogularis caeruleogularis	672495	subspecies
945972		Pteroglossus azara azara	390974	subspecies
946003		Pteroglossus bitorquatus sturmii	283160	subspecies
946004		Pteroglossus bitorquatus reichenowi	283160	subspecies
946005		Pteroglossus castanotis australis	91779	subspecies
946006		Pteroglossus castanotis castanotis	91779	subspecies
946007		Pteroglossus inscriptus inscriptus	91792	subspecies
946016		Pteroglossus inscriptus humboldti	91792	subspecies
946033		Pteroglossus frantzii	91778	species
946035		Pteroglossus aracari aracari	283159	subspecies
946036		Pteroglossus aracari atricollis	283159	subspecies
946196		Hypogramma	135425	genus
946197		Kurochkinegramma hypogrammicum	2478814	species
946199		Orthotomus sericeus	546339	species
947011		Aphelocoma californica californica	142466	subspecies
947012		Aphelocoma californica caurina	142466	subspecies
947022		Aphelocoma woodhouseii cyanotis	247972	subspecies
947023		Aphelocoma woodhouseii grisea	247972	subspecies
947024		Aphelocoma californica hypoleuca	142466	subspecies
947026		Aphelocoma californica immanis	142466	subspecies
947027		Aphelocoma woodhouseii nevadae	247972	subspecies
947029		Aphelocoma californica obscura	142466	subspecies
947030		Aphelocoma californica oocleptica	142466	subspecies
947031		Aphelocoma sumichrasti remota	247970	subspecies
947032		Aphelocoma woodhouseii texana	247972	subspecies
947047		Aphelocoma unicolor unicolor	150905	subspecies
947048		Aphelocoma unicolor guerrerensis	150905	subspecies
947049		Aphelocoma unicolor oaxacae	150905	subspecies
947050		Aphelocoma unicolor griscomi	150905	subspecies
947051		Aphelocoma unicolor concolor	150905	subspecies
947499		Phylloscopus occisinensis	9181	species
947500		Cettia robustipes	36271	species
947502		Prinia flaviventris	81891	species
947503		Oligura	330750	genus
947504		Oligura castaneocoronata	947503	species
948074	Bryan's shearwater	Puffinus bryani	30453	species
958669	White-bellied blue robin	Sholicola albiventris	1960645	species
977916		Zentrygon frenata erythropareia	471131	subspecies
977917		Zentrygon frenata frenata	471131	subspecies
977918		Zentrygon goldmani	1471558	species
977919		Zentrygon lawrencii	1471558	species
977920		Geotrygon purpurata	115649	species
977921	olive-backed quail-dove	Leptotrygon veraguensis	1471557	species
977922		Leptotila cassini cassini	262117	subspecies
977923		Leptotila cassini cerviniventris	262117	subspecies
977924		Leptotila rufaxilla rufaxilla	115657	subspecies
977925		Leptotila verreauxi chalcauchenia	135631	subspecies
977926		Leptotila verreauxi decolor	135631	subspecies
977956		Gallicolumba hoedtii	187119	species
977957		Androphobus viridis	461240	species
977958		Gallicolumba canifrons	187119	species
977959		Gallicolumba crinigera	187119	species
977960		Gallicolumba erythroptera	187119	species
977961		Gallicolumba keayi	187119	species
977962		Gallicolumba kubaryi	187119	species
977963		Gallicolumba platenae	187119	species
977964		Gallicolumba rubescens	187119	species
977965		Gallicolumba rufigula	187119	species
977966		Gallicolumba sanctaecrucis	187119	species
977967		Gallicolumba stairi	187119	species
977968		Gallicolumba xanthonura	187119	species
978109	Rufous-headed hornbill	Rhyticeros waldeni	175823	species
979198		Oreocharis	254572	genus
979223	tit berrypecker	Oreocharis arfaki	979198	species
979563		Abroscopus albogularis fulvifacies	752199	subspecies
979564		Bradypterus bangwaensis	203786	species
979566		Bradypterus caudatus	203786	species
979567		Bradypterus caudatus unicolor	979566	subspecies
979569		Bradypterus cinnamomeus cinnamomeus	203787	subspecies
979570		Bradypterus cinnamomeus mildbreadi	203787	subspecies
979571		Bradypterus davidi davidi	370327	subspecies
979572		Bradypterus luteoventris	203786	species
979573		Bradypterus major	203786	species
979576		Cincloramphus cruralis	237417	species
979577		Eremiornis	36270	genus
979578		Poodytes carteri	2163166	species
980222		Locustella luscinioides luscinioides	68490	subspecies
980223		Locustella fasciolata fasciolata	69938	subspecies
980224		Locustella pryeri pryeri	69942	subspecies
980225	tawny grassbird	Cincloramphus timoriensis	237417	species
980226	New Zealand fernbird	Poodytes punctatus	2163166	species
980227		Poodytes punctatus vealeae	980226	subspecies
980228		Phylloscopus sindianus sindianus	52912	subspecies
980882		Anser sp. GIGHV2011	2639525	species
981581	Chinese penduline-tit	Remiz consobrinus	156568	species
985682		Columba janthina nitens	337444	subspecies
985688	Snowy plover	Charadrius nivosus	50391	species
985689		Charadrius peronii	50391	species
985690		Charadrius pecuarius	50391	species
986097	Western long-billed cockatoo	Cacatua pastinator	12981	species
986098		Calyptorhynchus lathami	35550	species
986099		Zanda baudinii	2818394	species
986100		Callocephalon	9224	genus
986101		Callocephalon fimbriatum	986100	species
986110		Calyptorhynchus banksii naso	35551	subspecies
986111		Calyptorhynchus banksii samueli	35551	subspecies
986112		Cacatua pastinator butleri	986097	subspecies
989647		Zosterops ficedulinus	36298	species
989648		Zosterops ficedulinus ficedulinus	989647	subspecies
989651		Zosterops griseovirescens	36298	species
989653		Speirops leucophoeus	364609	species
992232		Celeus torquatus	315361	species
992233		Celeus undatus	315361	species
992234		Celeus castaneus	315361	species
992236		Celeus obrieni	315361	species
992916		Acrocephalus luscinius astrolabii	435332	subspecies
992917		Acrocephalus musae	39620	species
992943		Arremon brunneinucha alleni	65378	subspecies
992944		Arremon brunneinucha allinornatus	65378	subspecies
992946		Buarremon atricapillus	65359	species
992947	grey-browed brush-finch	Arremon assimilis	241749	species
992948		Buarremon basilicus	65359	species
992949		Arremon torquatus borelli	65379	subspecies
992991		Arremon torquatus fimbriatus	65379	subspecies
992994		Arremon assimilis larensis	992947	subspecies
992996		Arremon assimilis nigrifrons	992947	subspecies
992998		Arremon assimilis poliophrys	992947	subspecies
992999		Arremon torquatus phaeopleurus	65379	subspecies
993000		Arremon torquatus phygas	65379	subspecies
993002		Arremon torquatus torquatus	65379	subspecies
993003		Buarremon atricapillus tacarcunae	992946	subspecies
993004		Arremon apertus	241749	species
993046	Pink-browed rosefinch	Carpodacus rodochroa	30426	species
993346	Yellow-hooded blackbird	Chrysomus icterocephalus	555142	species
993347		Chrysomus icterocephalus icterocephalus	993346	subspecies
993348		Chrysomus icterocephalus bogotensis	993346	subspecies
993363		Accipiter badius dussumieri	387787	subspecies
993364		Accipiter castanilius	8956	species
993365		Accipiter erythropus zenkeri	387793	subspecies
993366		Accipiter francesiae francesiae	387795	subspecies
993367		Accipiter francesiae brutus	387795	subspecies
993368		Accipiter francesiae griveaudi	387795	subspecies
993369		Accipiter francesiae pusillus	387795	subspecies
993370		Accipiter madagascariensis	8956	species
993371		Accipiter minullus	8956	species
993372		Accipiter nisus wolterstorffi	211598	subspecies
993373		Accipiter nisus punicus	211598	subspecies
993374		Accipiter tachiro pembaensis	387808	subspecies
993375		Accipiter tachiro sparsimfasciatus	387808	subspecies
993376		Accipiter toussenelii toussenelii	387809	subspecies
993377		Accipiter toussenelii macroscelides	387809	subspecies
993378		Accipiter toussenelii canescens	387809	subspecies
993379		Accipiter toussenelii lopezi	387809	subspecies
993380		Accipiter tachiro unduliventer	387808	subspecies
993691		Branta sp. BW-2011	2625966	species
994773		Basilornis mirandus	451429	species
994795	purple-throated sunbird	Leptocoma sperata	632600	species
998099		Lichenostomus cratitius	43158	species
998100	Mangrove honeyeater	Gavicalis fasciogularis	1921816	species
998102	Bridled honeyeater	Bolemoreus frenatus	1921801	species
998104		Lichenostomus keartlandi	43158	species
998105		Lichenostomus obscurus	43158	species
998106		Lichenostomus plumulus	43158	species
998531	Beck's petrel	Pseudobulweria becki	52127	species
998533		Pseudobulweria rostrata rostrata	52129	subspecies
998534	Fiji petrel	Pseudobulweria macgillivrayi	52127	species
998535		Pseudobulweria rostrata trouessarti	52129	subspecies
999515		Hylophilus pectoralis	158056	species
1001228	King Island Emu	Dromaius ater	8789	species
1001954		Sclerurus albigularis	183180	species
1002726		Agapornis swindernianus	60461	species
1002728		Anthus latistriatus	36257	species
1002729		Anthus leucophrys	36257	species
1002730		Anthus lineiventris	36257	species
1002731		Anthus cinnamomeus itombwensis	211418	subspecies
1002732		Anthus cinnamomeus lacuum	211418	subspecies
1002733		Anthus pallidiventris	36257	species
1002734	Long-billed pipit	Anthus similis	36257	species
1002735		Anthus vaalensis	36257	species
1002741		Apus caffer	8894	species
1002743		Ardeola idae	188374	species
1002746		Ardeola rufiventris	188374	species
1002747		Batis erlangeri	254443	species
1002748		Ploceidae	175121	family
1002749		Brachycope	1002748	genus
1002750		Brachycope anomala	1002749	species
1002751		Caprimulgus prigoginei	48284	species
1002752		Centropus monachus	57401	species
1002754		Chlorocichla laetissima	181091	species
1002755		Chlorocichla prigoginei	181091	species
1002756		Estrilda nigriloris	187426	species
1002782		Peliperdix coqui ruahdae	9021	subspecies
1002783		Glaucidium albertinum	78216	species
1002784		Graueria	36270	genus
1002785		Graueria vittata	1002784	species
1002787	Sladen's barbet	Gymnobucco sladeni	240718	species
1002788		Indicator indicator	189528	species
1002789		Indicator meliphilus	189528	species
1002790		Indicator willcocksi	189528	species
1002791		Ixobrychus sturmii	110684	species
1002792		Kupeornis chapini	634301	species
1002793		Kupeornis rufocinctus	634301	species
1002794	Black-backed barbet	Lybius minor	91769	species
1002796	Black-throated malimbe	Malimbus cassini	570452	species
1002797	Red-crowned malimbe	Malimbus coronatus	570452	species
1002798		Melaenornis ardesiacus	245055	species
1002799		Melichneutes	189527	genus
1002800		Melichneutes robustus	1002799	species
1002801		Melignomon	189527	genus
1002802		Melignomon eisentrauti	1002801	species
1002803		Melignomon zenkeri	1002801	species
1002806		Muscicapa lendu	69507	species
1002808		Phodilus prigoginei	111817	species
1002811		Ploceus nigerrimus castaneofuscus	441720	subspecies
1002868		Ploceus flavipes	135447	species
1002869	Compact weaver	Ploceus superciliosus	135447	species
1002871		Ploceus katangae upembae	441714	subspecies
1002872		Prionops plumatus poliocephalus	254645	subspecies
1002874		Prodotiscus	189527	genus
1002875		Prodotiscus insignis	1002874	species
1002876		Prodotiscus regulus	1002874	species
1002877		Prodotiscus zambesiae	1002874	species
1002878		Riparia congica	72879	species
1002879	red-chested flufftail	Sarothrura rufa	156765	species
1002881		Phylloscopus laurae	9181	species
1002882	Anchieta's barbet	Stactolaema anchietae	135182	species
1002883		Terpsiphone batesi	98151	species
1002890		Terpsiphone bedfordi	98151	species
1002898	Rufous-vented paradise-flycatcher	Terpsiphone rufocinerea	98151	species
1002901		Ardeola sp. GGS-2011	2628092	species
1002902		Francolinus sp. GGS-2011	2625120	species
1002903		Indicator sp. GGS-2011	2634862	species
1002904		Dendropicos sp. GGS-2011	2632814	species
1002905		Ploceus sp. GGS-2011	2629784	species
1002906		Quelea sp. GGS-2011	2639748	species
1002907		Anthus cinnamomeus katangae	211418	subspecies
1003837		Fulica alai	9120	species
1003838		Gallinula galeata	9122	species
1003839	red-vented bulbul	Pycnonotus cafer	125282	species
1003843		Halcyon smyrnensis	170865	species
1003845	red-wattled lapwing	Vanellus indicus	50403	species
1004780	grey-headed swamphen	Porphyrio poliocephalus	54483	species
1004782		Porphyrio poliocephalus poliocephalus	1004780	subspecies
1006159		Aulacorhynchus huallagae	57398	species
1006213		Canirallus	9119	genus
1006214		Mentocrex kioloides	2771525	species
1006215		Mentocrex beankaensis	2771525	species
1006542	Micronesian kingfisher	Todiramphus cinnamominus	325346	species
1006677		Pomatorhinus ferruginosus albogularis	932021	subspecies
1006679		Pomatorhinus ferruginosus formosus	932021	subspecies
1006681		Pomatorhinus ferruginosus stanfordi	932021	subspecies
1006682		Pomatorhinus ferruginosus dickinsoni	932021	subspecies
1006685		Pomatorhinus hypoleucos brevirostris	932024	subspecies
1006687		Pomatorhinus hypoleucos hainanus	932024	subspecies
1006724		Pomatorhinus ruficollis styani	932028	subspecies
1006725		Pomatorhinus ruficollis bakeri	932028	subspecies
1006727		Pomatorhinus ruficollis albipectus	932028	subspecies
1006729		Pomatorhinus ruficollis laurentei	932028	subspecies
1006730		Pomatorhinus ruficollis reconditus	932028	subspecies
1006731		Pomatorhinus ruficollis hunanensis	932028	subspecies
1006732		Pomatorhinus ruficollis nigrostellatus	932028	subspecies
1006733		Pomatorhinus ruficollis saturatus	932028	subspecies
1006734		Pomatorhinus horsfieldii	98147	species
1006735		Pomatorhinus schisticeps annamensis	201359	subspecies
1006736		Pomatorhinus schisticeps olivaceus	201359	subspecies
1006743		Pomatorhinus schisticeps fastidiosus	201359	subspecies
1006744		Pomatorhinus schisticeps humilis	201359	subspecies
1006745		Pomatorhinus schisticeps klossi	201359	subspecies
1006746		Pomatorhinus schisticeps leucogaster	201359	subspecies
1006747		Pomatorhinus schisticeps mearsi	201359	subspecies
1006748		Pomatorhinus schisticeps nuchalis	201359	subspecies
1006749		Napothera albostriata	201355	species
1006750		Cyanoderma melanothorax	2614578	species
1006752	black-chinned babbler	Cyanoderma pyrrhops	2614578	species
1006753		Stachyris thoracica	98149	species
1007899		Mentocrex kioloides berliozi	1006214	subspecies
1007900		Mentocrex kioloides kioloides	1006214	subspecies
1028790		Accipiter badius poliopsis	387787	subspecies
1032458		Megalaima franklinii franklinii	240713	subspecies
1032459		Megalaima haemacephala cebuensis	240716	subspecies
1032460		Megalaima haemacephala celestinoi	240716	subspecies
1032461		Megalaima haemacephala delica	240716	subspecies
1032462		Megalaima haemacephala haemacephala	240716	subspecies
1032463		Megalaima haemacephala indica	240716	subspecies
1032464		Megalaima haemacephala intermedia	240716	subspecies
1032465		Megalaima haemacephala mindanensis	240716	subspecies
1032466		Megalaima haemacephala rosea	240716	subspecies
1032467		Megalaima malabarica	91772	species
1032468		Megalaima rubricapillus	91772	species
1032469		Megalaima viridis	91772	species
1032512	black-billed mountain-toucan	Andigena nigrirostris	91760	species
1032513		Chelidoptera	135166	genus
1032514		Chelidoptera tenebrosa	1032513	species
1032525		Scolopax bukidnonensis	56298	species
1032621	Northern saddleback	Philesturnus rufusater	2133942	species
1032649		Pterodroma ultima	37063	species
1034722		Chenorhamphus campbelli	1931079	species
1034723		Chenorhamphus grayi	1931079	species
1034724		Clytomyias insignis oorti	720581	subspecies
1034725		Malurus alboscapulatus moretoni	925988	subspecies
1034726		Malurus alboscapulatus naimii	925988	subspecies
1034727		Malurus coronatus coronatus	481900	subspecies
1034728		Malurus cyanocephalus	55806	species
1034729		Malurus cyanocephalus bonapartii	1034728	subspecies
1034730		Malurus lamberti assimilis	228352	subspecies
1034746		Malurus lamberti lamberti	228352	subspecies
1034747		Sipodotus	55805	genus
1034748		Sipodotus wallacii	1034747	species
1036802		Loxigilla barbadensis	111864	species
1036803	chestnut munia	Lonchura atricapilla	40156	species
1036804		Erythrura psittacea	44315	species
1037253		Phyllastrephus debilis debilis	147051	subspecies
1037254		Phyllastrephus debilis rabai	147051	subspecies
1037255		Phyllastrephus debilis albigula	147051	subspecies
1037346	Cuban hawk	Accipiter gundlachi	8956	species
1037455	Audubon's warbler	Setophaga auduboni	111975	subspecies
1037456	myrtle warbler	Setophaga coronata coronata	111975	subspecies
1037457	Goldman's warbler	Setophaga goldmani	111975	subspecies
1037458	black-fronted warbler	Setophaga coronata nigrifrons	111975	subspecies
1042129		Micrastur buckleyi	56333	species
1042130		Micrastur mirandollei	56333	species
1042131		Micrastur mintoni	56333	species
1042132		Micrastur ruficollis	56333	species
1047206	Ruaha chat	Myrmecocichla collaris	701079	species
1048754	lesser necklaced laughingthrush	Garrulax monileger	98126	species
1048755		Garrulax nuchalis	98126	species
1048756		Sitta castanea	50248	species
1053994	Guatemala barred owl	Strix fulvescens	36304	species
1053996		Strix varia varia	57075	subspecies
1053998		Strix varia sartorii	57075	subspecies
1054831		Otus megalotis megalotis	56273	subspecies
1055197	White-eared catbird	Ailuroedus buccoides	28721	species
1055202		Chlamydera guttata	34930	species
1068087		Passeriformes sp. BOLD:AAB3817	771911	species
1068088		Passeriformes sp. BOLD:AAF6271	771911	species
1068483		unclassified Tinamiformes	8802	no rank
1068484		Tinamiformes sp. BOLD:AAE1945	1068483	species
1069110		Icterus gularis gigas	105515	subspecies
1069111		Icterus pustulatus microstictus	105521	subspecies
1069112		Icterus pustulatus pustulatus	105521	subspecies
1069440	Italian sparrow	Passer italiae	9159	species
1069444		Poecile weigoldicus	142475	species
1069445	Tenerife blue tit	Cyanistes teneriffae	156562	species
1069446		Cyanistes teneriffae teneriffae	1069445	subspecies
1069447	Palma blue tit	Cyanistes palmensis	156562	species
1069449	Fuerteventura blue tit	Cyanistes degener	156562	species
1069450	Hierro blue tit	Cyanistes ombriosus	156562	species
1069489	Songar tit	Poecile songarus	142475	species
1070449		Malacocincla sepiaria	201340	species
1070450		Malacopteron affine	201342	species
1070837		Hapalopsittaca amazonina theresae	303328	subspecies
1070838		Hapalopsittaca amazonina velezi	303328	subspecies
1070839		Hapalopsittaca fuertesi	303327	species
1070840		Hapalopsittaca pyrrhops	303327	species
1070841		Hapalopsittaca melanotis peruviana	867392	subspecies
1071634		Sinosuthora webbiana bulomacha	337173	subspecies
1071635		Sinosuthora webbiana mantschurica	337173	subspecies
1071636		Sinosuthora alphonsiana ganluoensis	2485304	subspecies
1071637		Sinosuthora alphonsiana stresemanni	2485304	subspecies
1071638		Paradoxornis brunneus	201370	species
1071639		Paradoxornis brunneus brunneus	1071638	subspecies
1071640		Paradoxornis brunneus ricketti	1071638	subspecies
1071643		Paradoxornis atrosuperciliaris	201370	species
1071644		Paradoxornis atrosuperciliaris atrosuperciliaris	1071643	subspecies
1071645		Suthora nipalensis nipalensis	2712989	subspecies
1071646		Suthora nipalensis poliotis	2712989	subspecies
1071650		Suthora nipalensis beaulieui	2712989	subspecies
1071651		Paradoxornis verreauxi morrisonianus	634320	subspecies
1071652		Paradoxornis fulvifrons	201370	species
1071654		Paradoxornis fulvifrons albifacies	1071652	subspecies
1071656		Paradoxornis fulvifrons cyanophrys	1071652	subspecies
1071657		Paradoxornis ruficeps	201370	species
1071658		Paradoxornis davidianus davidianus	201371	subspecies
1071659		Psittiparus gularis fokiensis	2485345	subspecies
1071664		Paradoxornis paradoxus	201370	species
1071678		Paradoxornis polivanovi	201370	species
1071680		Paradoxornis heudei heudei	484080	subspecies
1071681		Conostoma	9173	genus
1071682	great parrotbill	Conostoma aemodium	1071681	species
1071970		Zosterops chloronothos	36298	species
1071971		Zosterops mauritianus	36298	species
1071972		Cinnyris comorensis	570433	species
1071974		Cinnyris abbotti	570433	species
1073813		Phrygilus erythronotus	137212	species
1073814		Phrygilus punensis	137212	species
1077794		Picus viridis innominatus	100825	subspecies
1080345		Melanodryas vittata vittata	665144	subspecies
1080346		Petroica boodang boodang	665151	subspecies
1080355		Amalocichla incerta brevicauda	692106	subspecies
1080356		Amalocichla sclateriana sclateriana	692107	subspecies
1080357		Drymodes superciliaris	626377	species
1080358		Drymodes superciliaris brevirostris	1080357	subspecies
1080359		Drymodes superciliaris superciliaris	1080357	subspecies
1080360		Eopsaltria australis australis	44318	subspecies
1080361		Eopsaltria australis chrysorrhos	44318	subspecies
1080363		Eopsaltria griseogularis griseogularis	665143	subspecies
1080364		Eopsaltria griseogularis rosinae	665143	subspecies
1080366		Eugerygone rubra saturatior	254536	subspecies
1080367		Heteromyias albispecularis armiti	38565	subspecies
1080368		Heteromyias albispecularis centralis	38565	subspecies
1080369		Melanodryas cucullata cucullata	254554	subspecies
1080370		Melanodryas cucullata picata	254554	subspecies
1080371		Melanodryas cucullata westralensis	254554	subspecies
1080372		Microeca fascinans assimilis	461219	subspecies
1080373		Microeca fascinans fascinans	461219	subspecies
1080374		Microeca fascinans pallida	461219	subspecies
1080375		Microeca flavigaster flavigaster	665145	subspecies
1080376		Microeca flavigaster flavissima	665145	subspecies
1080377		Microeca flavigaster laetissima	665145	subspecies
1080466		Microeca flavovirescens cuicui	665159	subspecies
1080467		Microeca griseoceps kempi	665146	subspecies
1080468		Monachella	38563	genus
1080469		Monachella muelleriana	1080468	species
1080470		Monachella muelleriana muelleriana	1080469	subspecies
1080471		Pachycephalopsis hattamensis lecroyae	449355	subspecies
1080472		Pachycephalopsis poliosoma poliosoma	254571	subspecies
1080474		Peneothello pulverulenta alligator	1743260	subspecies
1080475		Peneothello bimaculata bimaculata	254640	subspecies
1080476		Peneothello cyanus subcyanea	665149	subspecies
1080477		Peneothello sigillata sigillata	665150	subspecies
1080707		Petroica boodang campbelli	665151	subspecies
1080708		Petroica boodang leggi	665151	subspecies
1080711		Petroica rodinogaster rodinogaster	665154	subspecies
1080713		Petroica rodinogaster inexpectata	665154	subspecies
1080714		Poecilodryas hypoleuca	665155	species
1080715		Poecilodryas hypoleuca hypoleuca	1080714	subspecies
1080716		Poecilodryas albonotata	665155	species
1080717		Poecilodryas albonotata griseiventris	1080716	subspecies
1080718		Poecilodryas placens	665155	species
1080719		Tregellasia capito capito	665158	subspecies
1080720		Tregellasia capito nana	665158	subspecies
1080721		Tregellasia leucops albifacies	175139	subspecies
1080722		Tregellasia leucops albigularis	175139	subspecies
1080730		Tregellasia leucops nigriceps	175139	subspecies
1084922		Malurus melanocephalus melanocephalus	175006	subspecies
1092978	black-throated blue robin	Calliope obscura	1874025	species
1093056		Mimus magnirostris	58200	species
1093106	Cobb's wren	Troglodytes cobbi	36277	species
1094189		Menura alberti	47691	species
1094192		Motacilla alba alba	45807	subspecies
1094195		Caracara	8949	genus
1094198		Caracara cheriway	1094195	species
1094199		Caracara cheriway cheriway	1094198	subspecies
1094228		Anabacerthia amaurotis	329509	species
1094229		Anabacerthia variegaticeps temporalis	586367	subspecies
1094230		Asthenes hudsoni	9137	species
1094231		Asthenes luizae	9137	species
1094240		Asthenes maculicauda	9137	species
1094241		Asthenes sclateri	9137	species
1094242		Asthenes virgata	9137	species
1094243		Automolus paraensis	190677	species
1094244		Automolus rubiginosus saturatus	700770	subspecies
1094245		Automolus rubiginosus watkinsi	700770	subspecies
1094246		Automolus rubiginosus nigricauda	700770	subspecies
1094390		Certhiasomus stictolaemus	2821141	species
1094391		Certhiaxis mustelinus	329500	species
1094393		Cichlocolaptes	9136	genus
1094394		Cichlocolaptes leucophrus	1094393	species
1094395		Cinclodes albidiventris	279542	species
1094396		Cinclodes albiventris	279542	species
1094398		Cranioleuca gutturata	85406	species
1094399		Cranioleuca hellmayri	85406	species
1094400		Cranioleuca muelleri	85406	species
1094401		Cranioleuca pallida	85406	species
1094402		Cranioleuca semicinerea	85406	species
1094403	Parker's spinetail	Cranioleuca vulpecula	85406	species
1094404		Dendrocolaptes certhia certhia	190289	subspecies
1094405	concolor woodcreeper	Dendrocolaptes concolor	81880	species
1094406		Furnarius torridus	81885	species
1094407		Furnarius minor	81885	species
1094409		Hylexetastes stresemanni	190298	species
1094410		Hylocryptus rectirostris	329513	species
1094411		Hyloctistes virgatus	589967	species
1094412		Hyloctistes virgatus assimilis	1094411	subspecies
1094413		Hyloctistes subulatus subulatus	589968	subspecies
1094414		Leptasthenura andicola	288031	species
1094415		Leptasthenura setaria	288031	species
1094416		Leptasthenura striolata	288031	species
1094417		Leptasthenura xenothorax	288031	species
1094418		Leptasthenura striata	288031	species
1094450		Margarornis stellatus	183166	species
1094454		Phacellodomus dorsalis	288034	species
1094455		Phacellodomus ferrugineigula	288034	species
1094456		Phacellodomus sibilatrix	288034	species
1094457		Philydor erythropterum	183164	species
1094458		Philydor fuscipenne	183164	species
1094459		Philydor rufum	183164	species
1094498		Pseudocolaptes lawrencii lawrencii	420957	subspecies
1094499		Pseudocolaptes johnsoni	329507	species
1094500		Pseudoseisura unirufa	183168	species
1094501		Schizoeaca coryi	329491	species
1094503		Schizoeaca griseomurina	329491	species
1094504		Schizoeaca palpebralis	329491	species
1094505		Schizoeaca perijana	329491	species
1094510		Sclerurus caudacutus	183180	species
1094511		Sclerurus rufigularis	183180	species
1094512		Simoxenops striatus	589984	species
1094514		Synallaxis albigularis	88180	species
1094515		Synallaxis albilora	88180	species
1094516		Synallaxis castanea	88180	species
1094517		Synallaxis cherriei	88180	species
1094518		Synallaxis courseni	88180	species
1094519		Synallaxis gujanensis	88180	species
1094520		Synallaxis hypospodia	88180	species
1094521		Synallaxis kollari	88180	species
1094522		Synallaxis macconnelli	88180	species
1094523		Synallaxis maranonica	88180	species
1094524		Synallaxis moesta	88180	species
1094525		Mazaria propinqua	2767937	species
1094526		Synallaxis subpudica	88180	species
1094527		Synallaxis tithys	88180	species
1094528		Synallaxis unirufa	88180	species
1094529		Synallaxis zimmeri	88180	species
1094530		Syndactyla dimidiata	329511	species
1094531		Syndactyla guttulata	329511	species
1094532		Syndactyla roraimae	329511	species
1094533		Syndactyla ruficollis	329511	species
1094534		Syndactyla subalaris	329511	species
1094535		Thripadectes holostictus	183162	species
1094536		Thripadectes melanorhynchus	183162	species
1094537		Thripadectes scrutator	183162	species
1094538		Thripadectes virgaticeps	183162	species
1094539		Thripophaga berlepschi	9140	species
1094540		Thripophaga cherriei	9140	species
1094541		Xenerpestes minlosi	329519	species
1094542		Xenops minutus littoralis	255386	subspecies
1094543		Xenops minutus minutus	255386	subspecies
1094544		Xenops minutus remoratus	255386	subspecies
1094545		Xenops tenuirostris	255385	species
1094546		Xiphocolaptes falcirostris	183176	species
1094548	Tschudi's woodcreeper	Xiphorhynchus chunchotambo	75968	species
1094549		Automolus lammi	190677	species
1095420		Alectura lathami lathami	81907	subspecies
1095584		Dendrocincla merula castanoptera	261818	subspecies
1095585		Dendrocincla merula merula	261818	subspecies
1095586		Dendrocincla merula remota	261818	subspecies
1095587		Dendrocincla merula bartletti	261818	subspecies
1095619		Dendrocincla fuliginosa ridgwayi	183179	subspecies
1095759		Nesospiza questi	381880	species
1095760		Nesospiza acunhae fraseri	381881	subspecies
1097393		Phylloscopus davisoni davisoni	274620	subspecies
1097430		Ardeola speciosa	188374	species
1097440		Ardeola bacchus/speciosa	188374	species
1098915		Nesospiza sp. hybrid AJvR-2011	2646964	species
1104343		Turdus sanchezorum	9186	species
1105350		Callacanthis	9133	genus
1105351		Callacanthis burtoni	1105350	species
1105353	Red-mantled rosefinch	Carpodacus rhodochlamys	30426	species
1105354		Carpodacus roborowskii	30426	species
1105355		Kozlowia	37599	genus
1105356		Carpodacus rubescens	30426	species
1105357		Carpodacus synoicus	30426	species
1105358		Chaunoproctus	9133	genus
1105359		Chaunoproctus ferreorostris	1105358	species
1105360		Chlorophonia cyanea	62166	species
1105361		Euphonia cayennensis	62198	species
1105362		Euphonia minuta	62198	species
1105363		Euphonia rufiventris	62198	species
1105364		Euphonia violacea	62198	species
1105365		Euphonia xanthogaster	62198	species
1105366		Pinicola subhimachala	175946	species
1105368		Rhodopechys sanguineus	163858	species
1105369		Rhynchostruthus	9133	genus
1105370		Rhynchostruthus socotranus	1105369	species
1105372		Serinus estherae	9134	species
1105373	Principe seedeater	Crithagra rufobrunnea	1892169	species
1107341		Prioniturus montanus	309872	species
1107342	Golden-shouldered parrot	Psephotellus chrysopterygius	1804610	species
1107398	Red-and-blue lory	Eos histrio	176063	species
1107399		Forpus modestus sclateri	870969	subspecies
1107400		Loriculus vernalis	60470	species
1107404		Vini peruviana	176050	species
1108006	New Zealand pipit	Anthus novaeseelandiae	36257	species
1108811		Pelecanus thagus	33617	species
1108851		Myzomela albigula	108837	species
1109022		Anopetia	9242	genus
1109023		Anopetia gounellei	1109022	species
1109024		Aramides axillaris	54569	species
1109025		Arremon semitorquatus	241749	species
1109026		Arremon taciturnus	241749	species
1109027		Attila cinnamomeus	478620	species
1109028		Boissonneaua	9242	genus
1109029		Boissonneaua matthewsii	1109028	species
1109032		Clytolaema	9242	genus
1109033		Clytolaema rubricauda	1109032	species
1109034		Compsothraupis	400783	genus
1109035		Compsothraupis loricata	1109034	species
1109036		Conopophaga melanops	123373	species
1109037		Conopophaga roberti	123373	species
1109038		Crypturellus soui soui	458187	subspecies
1109039		Drymophila malura	88168	species
1109040		Eudromia formosa	8804	species
1109041		Galbula dea	118186	species
1109042		Galbula galbula	118186	species
1109043		Galbula leucogastra	118186	species
1109044		Hemithraupis guira	62204	species
1109045		Hemitriccus orbitatus	265624	species
1109046		Herpsilochmus sellowi	88172	species
1109057		Hylexetastes uniformis	190298	species
1109058		Hylophilus semicinereus	158056	species
1109059		Hylophilus thoracicus	158056	species
1109060		Jacamerops	118185	genus
1109061		Jacamerops aureus	1109060	species
1109062		Lepidothrix vilasboasi	321397	species
1109063	rufous-necked puffbird	Malacoptila rufa	488311	species
1109064	crescent-chested puffbird	Malacoptila striata	488311	species
1109065		Microbates collaris	700773	species
1109079	crestless curassow	Mitu tomentosum	125062	species
1109080	white-fronted nunbird	Monasa morphoeus	882748	species
1109081		Rhopias gularis	2823195	species
1109082		Myrmotherula unicolor	88176	species
1109083		Nystalus striolatus	135177	species
1109084		Penelope albipennis	8985	species
1109085		Penelope barbata	8985	species
1109086		Phaethornis nattereri	46512	species
1109087		Picumnus lafresnayi	56080	species
1109088		Picumnus pygmaeus	56080	species
1109093		Pipra cornuta	88178	species
1109094		Poecilotriccus senex	360242	species
1109095	Guianan gnatcatcher	Polioptila guianensis	66705	species
1109096		Porzana spiloptera	54491	species
1109097		Sporophila lineola	135449	species
1109098	sooty grassquit	Tiaris fuliginosus	93067	species
1109099		Tinamus major serratus	30468	subspecies
1109100		Trochilus	9242	genus
1109101		Trochilus polytmus	1109100	species
1109102		Vireo modestus	28732	species
1109103		Vireo nanus	28732	species
1109104		Rhegmatorhina sp. EST-2011	2634445	species
1109733		Acrocephalus stentoreus amyae	68485	subspecies
1109734		Acrocephalus stentoreus harterti	68485	subspecies
1109735	Eastern olivaceous warbler	Iduna opaca	659170	species
1110374	booted warbler	Iduna caligata	659170	species
1110376	olivaceous warbler	Iduna pallida	659170	species
1110377		Iduna pallida elaeica	1110376	subspecies
1110496		Cinclosoma castaneothorax	461242	species
1110497		Cinclosoma marginatum	1110496	subspecies
1110498		Cinclosoma cinnamomeum	461242	species
1110499		Cinclosoma alisteri	461242	species
1110500	chestnut quail-thrush	Cinclosoma castanotum	461242	species
1110501		Cinclosoma ajax	461242	species
1110510		Cinclosoma marginatum x Cinclosoma castanotum	461242	species
1112028	white-vented storm-petrel	Oceanites gracilis	79652	species
1112029	New Zealand storm-petrel	Fregetta maoriana	37072	species
1112092		Fregetta grallaria leucogaster	79628	subspecies
1112093		Fregetta grallaria segethi	79628	subspecies
1112094		Fregetta grallaria titan	79628	subspecies
1112095		Oceanites gracilis galapagoensis	1112028	subspecies
1112096		Oceanites gracilis gracilis	1112028	subspecies
1112098		Oceanites oceanicus exasperatus	79653	subspecies
1112100		Pelagodroma marina albiclunis	37075	subspecies
1112101		Pelagodroma marina dulciae	37075	subspecies
1112102		Pelagodroma marina maoriana	37075	subspecies
1112834		Batis crypta	254443	species
1112835		Erpornis	9173	genus
1112836		Erpornis zantholeuca	1112835	species
1114288		Acrocephalus aequinoctialis aequinoctialis	435336	subspecies
1114289		Acrocephalus aequinoctialis pistor	435336	subspecies
1114290		Acrocephalus australis australis	68484	subspecies
1114291		Acrocephalus stentoreus sumbae	68485	subspecies
1114292		Acrocephalus musae garretti	992917	subspecies
1114297		Acrocephalus longirostris	39620	species
1114298		Acrocephalus luscinius luscinius	435332	subspecies
1114299		Acrocephalus hiwae	39620	species
1114300		Acrocephalus yamashinae	39620	species
1117246	Southern grey-headed sparrow	Passer diffusus	9159	species
1117295		Zosterops kirki	36298	species
1117297		Humblotia	36291	genus
1117298		Humblotia flavirostris	1117297	species
1117299		Zosterops mayottensis	36298	species
1118496		Aeronautes andecolus	190673	species
1118497		Aethopyga ignicauda	181089	species
1118498		Aethopyga nipalensis	181089	species
1118499		Aethopyga saturata	181089	species
1118500		Amazilia brevirostris	57391	species
1118501		Amazilia leucogaster	57391	species
1118502		Amaurolimnas	9119	genus
1118503		Amaurolimnas concolor	1118502	species
1118504	snowy-breasted hummingbird	Amazilia edward	57391	species
1118505		Anabathmis	135425	genus
1118506		Anabathmis reichenbachii	1118505	species
1118510		Anthus furcatus	36257	species
1118511	russet-crowned crake	Anurolimnas viridis	54494	species
1118512		Asio stygius	56266	species
1118513		Atlapetes personatus	65358	species
1118514		Brachygalba	118185	genus
1118515		Brachygalba lugubris	1118514	species
1118516		Bucco tamatia	135167	species
1118517	rufous hornbill	Buceros hydrocorax	175829	species
1118518		Centropus superciliosus	57401	species
1118519		Centropus unirufus	57401	species
1118520		Cephalopterus glabricollis	114275	species
1118521		Chaetura brachyura	8896	species
1118522		Chaetura spinicaudus	8896	species
1118524		Ciccaba nigrolineata	111828	species
1118525		Coccycua	8941	genus
1118526		Coccycua minuta	1118525	species
1118527		Collocalia marginata	46489	species
1118528		Conopias	28728	genus
1118529		Conopias albovittatus	1118528	species
1118530		Conopias parvus	1118528	species
1118531		Conopophaga melanogaster	123373	species
1118532		Contopus nigrescens	183520	species
1118535		Cotinga cotinga	114293	species
1118536		Crypturellus brevirostris	48395	species
1118537		Crypturellus cinereus	48395	species
1118538		Crypturellus erythropus	48395	species
1118539		Hierococcyx	8941	genus
1118540	large hawk-cuckoo	Hierococcyx sparverioides	1118539	species
1118541		Cypseloides cryptus	46499	species
1118542		Dacnis lineata	62188	species
1118543	Philippine woodpecker	Yungipicus maculatus	2823210	species
1118549		Electron	57387	genus
1118550		Electron platyrhynchum	1118549	species
1118552		Emberiza cineracea	30424	species
1118555		Euphonia chrysopasta	62198	species
1118556		Chlorophonia elegantissima	62166	species
1118557		Euphonia luteicapilla	62198	species
1118558		Euphonia plumbea	62198	species
1118559		Enicurus immaculatus	248149	species
1118560		Formicarius rufipectus	81883	species
1118562		Gallinago undulata	107376	species
1118563		Grammatoptila striata	2183783	species
1118564		Garrulax virgatus	98126	species
1118565		Herpsilochmus roraimae	88172	species
1118566		Herpsilochmus sticturus	88172	species
1118567		Hylopezus macularius	117177	species
1118568		Hylophilus muscicapinus	158056	species
1118569		Hylophilus sclateri	158056	species
1118570		Hypocnemoides melanopogon	288095	species
1118575		Knipolegus orenocensis	377286	species
1118576		Lanius collurioides	28712	species
1118577		Laterallus exilis	54362	species
1118728		Arachnothera flavigaster	237414	species
1118729		Arachnothera flammifera	237414	species
1118730		Arachnothera dilutior	237414	species
1118731		Arachnothera everetti	237414	species
1118732		Arachnothera clarae	237414	species
1118733		Arachnothera modesta	237414	species
1118734		Arachnothera crassirostris	237414	species
1118735		Arachnothera juliae	237414	species
1118736		Chalcoparia	135425	genus
1118737		Chalcoparia singalensis	1118736	species
1118738		Leptopogon superciliaris	196034	species
1118739		Arremon crassirostris	241749	species
1118740	white-whiskered puffbird	Malacoptila panamensis	488311	species
1118743		Megascops clarkii	349401	species
1118744	Tawny-bellied screech-owl	Megascops watsonii	349401	species
1118745		Lophornis ornatus	304656	species
1118746		Melaenornis pammelaina	245055	species
1118747		Mesembrinibis	33574	genus
1118748		Mesembrinibis cayennensis	1118747	species
1118749		Microcerculus ustulatus	241543	species
1118750		Micropygia	9119	genus
1118751		Micropygia schomburgkii	1118750	species
1118789		Mirafra assamica	215311	species
1118790		Molothrus oryzivorus	84832	species
1118791	black-tailed monarch	Symposiachrus verticalis	1576457	species
1118792	black nunbird	Monasa atra	882748	species
1118793		Myiodynastes hemichrysus	371927	species
1118794		Myiornis atricapillus	360215	species
1118795		Myiozetetes granadensis	478634	species
1118804		Neomorphus rufipennis	78207	species
1118811		Nesofregetta	85545	genus
1118812	Polynesian storm-petrel	Nesofregetta fuliginosa	1118811	species
1118813	Bismarck hawk-owl	Ninox variegata	56288	species
1118815		Pardirallus maculatus	555301	species
1118816		Penelope marail	8985	species
1118817		Penelope pileata	8985	species
1118818	New Ireland friarbird	Philemon eichhorni	108843	species
1118819		Phoenicircus carnifex	114337	species
1118820		Phylloscartes virescens	456418	species
1118821		Pilherodius	8899	genus
1118822		Pilherodius pileatus	1118821	species
1118823		Platyrinchus cancrominus	360227	species
1118829		Pogonotriccus chapmani	495249	species
1118830		Porzana albicollis	54491	species
1118832		Procelsterna	8910	genus
1118833	Blue noddy	Anous ceruleus	297801	species
1118835	streak-eared bulbul	Pycnonotus blanfordi	125282	species
1118838	Fiery-shouldered parakeet	Pyrrhura egregia	51909	species
1118839		Rhytipterna holerythra	204061	species
1118840		Rimator malacoptilus	634350	species
1118841		Selasphorus scintilla	29059	species
1118842		Sittiparus varius	1356396	species
1118843		Stachyris oglei	98149	species
1118844	Red-breasted blackbird	Leistes militaris	84808	species
1118845		Tachornis squamata	190699	species
1118846		Terenura spodioptila	88182	species
1118847	plumbeous ibis	Theristicus caerulescens	399596	species
1118848		Threnetes niger	214670	species
1118849		Treron pompadora	115701	species
1118850		Chatarrhaea gularis	2183864	species
1118851		Vanellus cayanus	50403	species
1118852		Veniliornis sanguineus	56075	species
1118853		Vireo carmioli	28732	species
1118854		Xenornis	81887	genus
1118855		Xenornis setifrons	1118854	species
1118856		Heteroxolmis	28728	genus
1118857		Heteroxolmis dominicana	1118856	species
1118858	black-eared ground-thrush	Zoothera camaronensis	36287	species
1118996		Dendrocopos leucotos owstoni	81522	subspecies
1118997		Dendrocopos leucotos stejnegeri	81522	subspecies
1118998		Dendrocopos leucotos namiyei	81522	subspecies
1120212		Dendrocolaptes platyrostris intermedius	261821	subspecies
1120213		Dendrocolaptes platyrostris platyrostris	261821	subspecies
1120784		Strepera fuliginosa	254662	species
1120785	black-backed butcherbird	Cracticus mentalis	254524	species
1120786		Melloria quoyi quoyi	254525	subspecies
1120787		Melloria quoyi spaldingi	254525	subspecies
1120788		Melloria quoyi rufescens	254525	subspecies
1120790		Melloria quoyi jardini	254525	subspecies
1120791	grey butcherbird	Cracticus torquatus	254524	species
1125616		Peucaea	62155	genus
1125617	Botteri's sparrow	Peucaea botterii	1125616	species
1125626		Basileuterus chlorophrys	85518	species
1125946		Cinclodes espinhacensis	279542	species
1126054		Orthotomus sepium	546339	species
1126073		Tesia cyaniventer	330763	species
1126074		Tesia everetti	330763	species
1126075		Tesia superciliaris	330763	species
1126076		Urosphena whiteheadi	260107	species
1126251		environmental samples	8782	no rank
1126252		birdstrike environmental sample	1126251	species
1127423		Cyanistes caeruleus calamensis	156563	subspecies
1127424	rufous-vented tit	Periparus rubidiventris	156566	species
1127438		Poecile songarus stotzneri	1069489	subspecies
1129037		Zosterops kulalensis	36298	species
1129038		Zosterops silvanus	36298	species
1129039		Zosterops winifredae	36298	species
1129741		Chroicocephalus	8910	genus
1131247		Scenopoeetes	9164	genus
1131631	African Swamphen	Porphyrio madagascariensis	54483	species
1131632	Philippine swamphen	Porphyrio pulverulentus	54483	species
1131633		Porphyrio poliocephalus seistanicus	1004780	subspecies
1131636	Jurua woodcreeper	Xiphorhynchus juruanus	75968	species
1131695	Bahama oriole	Icterus northropi	84804	species
1132477		Saundersilarus	8910	genus
1132478	Saunders's gull	Chroicocephalus saundersi	1129741	species
1132578		Calicalicus	461249	genus
1132579		Calicalicus madagascariensis	1132578	species
1132580		Vireolanius melitophrys	34959	species
1133753		Monarcha castaneiventris ugiensis	338458	subspecies
1133759		Monarcha castaneiventris megarhynchus	338458	subspecies
1134341		Setophaga petechia castaneiceps	123631	subspecies
1134342		Setophaga petechia chrysendeta	123631	subspecies
1134343		Setophaga petechia rhizophorae	123631	subspecies
1134344		Setophaga petechia xanthotera	123631	subspecies
1134345		Setophaga petechia babad	123631	subspecies
1134346		Setophaga petechia paraguanae	123631	subspecies
1134347		Setophaga petechia cienagae	123631	subspecies
1134348		Setophaga petechia aureola	123631	subspecies
1134349		Setophaga petechia aurifrons	123631	subspecies
1134350		Setophaga petechia aequatorialis	123631	subspecies
1134381		Setophaga petechia peruviana	123631	subspecies
1134382		Setophaga petechia eoa	123631	subspecies
1134383		Setophaga petechia gundlachi	123631	subspecies
1134384		Setophaga petechia albicollis	123631	subspecies
1134385		Setophaga petechia bartholemica	123631	subspecies
1134386		Setophaga petechia melanoptera	123631	subspecies
1134387		Setophaga petechia ruficapilla	123631	subspecies
1134388		Setophaga petechia cruciana	123631	subspecies
1138862		Passer domesticus biblicus	48849	subspecies
1138863		Passer domesticus persicus	48849	subspecies
1138864		Passer domesticus niloticus	48849	subspecies
1138865		Passer domesticus hyrcanus	48849	subspecies
1138868		Passer domesticus bactrianus	48849	subspecies
1149624		Alcippe nipalensis	181644	species
1149625		Garrulax maesi	98126	species
1149626		Garrulax merulinus	98126	species
1149627		Garrulax palliatus	98126	species
1149628		Moupinia	9173	genus
1149629		Moupinia poecilotis	1149628	species
1149631		Heterophasia gracilis	201325	species
1149632		Heterophasia pulchella	201325	species
1149633		Leioptila annectens	2183798	species
1149634		Heterophasia picaoides	201325	species
1149639		Leonardina	9173	genus
1149640		Leonardina woodi	1149639	species
1149641		Malacopteron albogulare	201342	species
1149642		Malacocincla cinereiceps	201340	species
1149643		Malacopteron magnum	201342	species
1149644		Malacopteron palawanense	201342	species
1149645		Malia	2116660	genus
1149646		Malia grata	1149645	species
1149647		Micromacronus	9173	genus
1149648		Micromacronus leytensis	1149647	species
1149649		Pellorneum albiventre	98145	species
1149650		Pellorneum pyrrogenys	98145	species
1149651		Gypsophila crispifrons	2828480	species
1149652	grey-sided scimitar-babbler	Erythrogenys swinhoei	1608426	species
1149653		Pseudoalcippe atriceps	201375	species
1149658		Ptilocichla	9173	genus
1149659		Ptilocichla leucogrammica	1149658	species
1149663		Ptilocichla falcata	1149658	species
1149664		Ptilocichla mindanensis	1149658	species
1149665		Rhopocichla	9173	genus
1149666		Rhopocichla atriceps	1149665	species
1149667		Robsonius rabori	2162876	species
1149668		Spelaeornis troglodytoides	202234	species
1149669		Stachyris grammiceps	98149	species
1149670		Stachyris leucotis	98149	species
1149672		Stachyris maculata	98149	species
1149673		Stachyris nigrocapitata	98149	species
1149674		Trichastoma celebense	135978	species
1149675		Stachyris nigricollis	98149	species
1149676		Turdoides reinwardtii	147061	species
1149677		Sphenocichla	9173	genus
1149678		Sphenocichla humei	1149677	species
1149679		Trichastoma rostratum	135978	species
1149680		Myiarchus magnirostris	190695	species
1149681	Nutting's flycatcher	Myiarchus nuttingi	190695	species
1150649		Hypotaenidia torquata celebensis	2861797	subspecies
1150650		Hypotaenidia torquata sulcirostris	2861797	subspecies
1150651		Hypotaenidia torquata torquata	2861797	subspecies
1150653		Eulabeornis	9119	genus
1150654		Eulabeornis castaneoventris	1150653	species
1150655		Habroptila	9119	genus
1150656		Habroptila wallacii	1150655	species
1150657	plain bush-hen	Amaurornis olivacea	72016	species
1150658		Aramidopsis	9119	genus
1150659		Aramidopsis plateni	1150658	species
1150660		Gallirallus lafresnayanus	9124	species
1150662		Gallirallus australis australis	9125	subspecies
1150663		Gallirallus australis greyi	9125	subspecies
1150664		Hypotaenidia philippensis mellori	2861860	subspecies
1150666		Hypotaenidia philippensis philippensis	2861860	subspecies
1150667		Hypotaenidia philippensis yorki	2861860	subspecies
1150668		Hypotaenidia philippensis assimilis	2861860	subspecies
1150669		Hypotaenidia philippensis sethsmithi	2861860	subspecies
1150670		Gallirallus striatus	9124	species
1150671		Lewinia	9119	genus
1150672	Lewin's rail	Lewinia pectoralis	1150671	species
1150673		Hypotaenidia woodfordi immaculata	2861862	subspecies
1150993		Porzana fusca	54491	species
1150994		Porzana paykullii	54491	species
1154683		Pyriglena atra	183186	species
1154693		Certhia himalayana yunnanensis	344963	subspecies
1154694		Certhia himalayana himalayana	344963	subspecies
1154695		Certhia brachydactyla mauritanica	73330	subspecies
1154696		Certhia brachydactyla dorotheae	73330	subspecies
1154697		Certhia brachydactyla megarhynchos	73330	subspecies
1154699		Certhia hodgsoni khamensis	344969	subspecies
1154700		Certhia hodgsoni mandellii	344969	subspecies
1154708		Certhia familiaris bianchii	73333	subspecies
1154709		Phylloscopus fuligiventer weigoldi	565574	subspecies
1154710		Phylloscopus fuligiventer fuligiventer	565574	subspecies
1155095		Spizixos semitorques cinereicapillus	241747	subspecies
1155786		Tetrastes	466585	genus
1155787	hazel grouse	Tetrastes bonasia	1155786	species
1156028		Gliciphila melanops	2821653	species
1156346		Garrulax galbanus	98126	species
1156347		Garrulax courtoisi	98126	species
1156348		Garrulax pectoralis picticollis	520176	subspecies
1156349		Argya squamiceps	2183803	species
1156350		Garrulax caerulatus	98126	species
1156353		Garrulax sukatschewi	98126	species
1156354		Pnoepyga immaculata	634344	species
1158111		Gerygone cinerea	117202	species
1158112		Gerygone ruficollis	117202	species
1158113		Gerygone tenebrosa	117202	species
1158114		Gerygone sulphurea	117202	species
1158115		Gerygone modesta	117202	species
1158116		Gerygone inornata	117202	species
1158117	fan-tailed gerygone	Gerygone flavolateralis	117202	species
1158118	green-backed flyeater	Gerygone chloronota	117202	species
1158920	Indian pond-heron	Ardeola grayii	188374	species
1159641		Eulidia	9242	genus
1159642	Chilean woodstar	Eulidia yarrellii	1159641	species
1160812		Apus unicolor	8894	species
1160816	pallid swift	Apus pallidus	8894	species
1160817		Apus batesi	8894	species
1160835		Apus balstoni	8894	species
1160836		Apus barbatus	8894	species
1160837		Apus bradfieldi	8894	species
1160838		Apus horus	8894	species
1160839		Apus berliozi	8894	species
1160840		Apus acuticauda	8894	species
1160841		Apus niansae	8894	species
1160842		Apus alexandri	8894	species
1160848		Tachymarptis aequatorialis	670358	species
1160849	grey currawong	Strepera versicolor	254662	species
1160850		Dyaphorophyia	461255	genus
1160851		Platysteira castanea	107225	species
1160893		Artamus maximus	175023	species
1160894		Machaerirhynchus nigripectus	338558	species
1162370		Hylopezus paraensis	1118567	subspecies
1162371		Hylopezus auricularis	117177	species
1162372		Hylopezus nattereri	117177	species
1162373		Hylopezus whittakeri	117177	species
1162374		Hylopezus sp. LSC-2012b	2642078	species
1162386		Amazilia candida	57391	species
1162387		Crypturellus boucardi	48395	species
1162389		Psarocolius montezuma	84844	species
1162390	pale-billed hornbill	Tockus pallidirostris	81910	species
1162391	golden vireo	Vireo hypochryseus	28732	species
1165718		Eriocnemis derbyi	56652	species
1165719		Lepidopyga goudoti	304653	species
1165723		Malurus lamberti dulcis	228352	subspecies
1165724		Malurus lamberti rogersi	228352	subspecies
1167642		Hylophilus hypoxanthus	158056	species
1167643	Imeri warbling antbird	Hypocnemis flavescens	88174	species
1167644	rufous-bellied antwren	Isleria guttata	2821867	species
1167645		Percnostola minor	324748	species
1167646		Pheugopedius	69501	genus
1167647	Coraya's wren	Pheugopedius coraya	1167646	species
1167651		Topaza pyra	304689	species
1167959		Knipolegus poecilocercus	377286	species
1171711	Blue crane	Anthropoides paradiseus	9114	species
1171716		Anthropoides	9109	genus
1175648		Newtonia archboldi	125289	species
1175649		Newtonia amphichroa	125289	species
1175650		Xenopirostris polleni	125314	species
1175651	red-shouldered vanga	Calicalicus rufocarpalis	1132578	species
1175652		Newtonia fanovanae	125289	species
1176404		Thectocercus acuticaudatus acuticaudatus	211510	subspecies
1176440		Acrocephalus atyphus atyphus	435339	subspecies
1176745	Aldabra fody	Foudia aldabrana	441682	species
1176746		Foudia eminentissima algondae	441684	subspecies
1176747		Foudia eminentissima consobrina	441684	subspecies
1176748		Foudia eminentissima anjuanensis	441684	subspecies
1176752		Foudia eminentissima eminentissima	441684	subspecies
1177618	Baer's pochard	Aythya baeri	30384	species
1178542		Calyptura	634316	genus
1178543	kinglet Calyptura	Calyptura cristata	1178542	species
1178546	Imperial snipe	Gallinago imperialis	107376	species
1178547		Limnodromus semipalmatus	161677	species
1178549		Limosa limosa islandica	161680	subspecies
1178550		Limosa limosa melanuroides	161680	subspecies
1182784	Salvadori's fig-parrot	Psittaculirostris salvadorii	274069	species
1187130		Saxicola maurus maurus	230657	subspecies
1192863	Grey-headed gull	Larus cirrocephalus	1129741	species
1192867	Black-headed gull	Chroicocephalus ridibundus	1129741	species
1193118		Anairetes agraphia agraphia	649780	subspecies
1193120		Anairetes alpinus bolivianus	83297	subspecies
1193121		Anairetes flavirostris flavirostris	74357	subspecies
1193122		Anairetes flavirostris huancabambae	74357	subspecies
1193123		Anairetes flavirostris arequipae	74357	subspecies
1193124		Anairetes flavirostris cuzcoensis	74357	subspecies
1193126		Anairetes parulus parulus	83300	subspecies
1193127		Anairetes parulus aequatorialis	83300	subspecies
1193129		Anairetes reguloides reguloides	83301	subspecies
1193130		Anairetes reguloides albiventris	83301	subspecies
1194683		Corvus macrorhynchos mandshuricus	36249	subspecies
1194684		Corvus macrorhynchos connectens	36249	subspecies
1194685		Corvus levaillantii	36249	subspecies
1196223	little crow	Corvus bennetti	30420	species
1196224	Cape crow	Corvus capensis	30420	species
1196225		Corvus coronoides coronoides	108826	subspecies
1196226		Corvus coronoides perplexus	108826	subspecies
1196271	thick billed raven	Corvus crassirostris	30420	species
1196281	Somali raven	Corvus edithae	30420	species
1196282	slender-billed crow	Corvus enca	30420	species
1196283		Corvus enca compilator	1196282	subspecies
1196284		Corvus enca pusillus	1196282	subspecies
1196285		Corvus enca celebensis	1196282	subspecies
1196286	Flores crow	Corvus florensis	30420	species
1196287	brown-headed crow	Corvus fuscicapillus	30420	species
1196288	Tamaulipas crow	Corvus imparatus	30420	species
1196294	Bismarck crow	Corvus insularis	30420	species
1196295	Jamaican crow	Corvus jamaicensis	30420	species
1196296	white-necked crow	Corvus leucognaphalus	30420	species
1196297		Corvus macrorhynchos philippinus	36249	subspecies
1196298	Bougainville crow	Corvus meeki	30420	species
1196299	little raven	Corvus mellori	30420	species
1196301	Cuban palm-crow	Corvus minutus	30420	species
1196302	New Caledonian crow	Corvus moneduloides	30420	species
1196303		Corvus orru cecilae	254520	subspecies
1196304	Hispaniolan palm-crow	Corvus palmarum	30420	species
1196305	collared crow	Corvus pectoralis	30420	species
1196306		Corvus rhipidurus	30420	species
1196307	brown-necked raven	Corvus ruficollis	30420	species
1196309	Sinaloa crow	Corvus sinaloae	30420	species
1196310	forest raven	Corvus tasmanicus	30420	species
1196311		Corvus tasmanicus boreus	1196310	subspecies
1196312		Corvus tasmanicus tasmanicus	1196310	subspecies
1196314	grey crow	Corvus tristis	30420	species
1196315	piping crow	Corvus typicus	30420	species
1196317	Banggai crow	Corvus unicolor	30420	species
1196318	long-billed crow	Corvus validus	30420	species
1196319	violaceous crow	Corvus violaceus	30420	species
1196320	white-billed crow	Corvus woodfordi	30420	species
1196321	Uhehe fiscal	Lanius marwitzi	28712	species
1196725	Western horned owl	Bubo virginianus subarcticus	56268	subspecies
1196726	Virginia great horned owl	Bubo virginianus pallescens	56268	subspecies
1196727		Bubo virginianus pinorum	56268	subspecies
1196728	Northwestern Horned Owl	Bubo virginianus lagophonus	56268	subspecies
1196729	St.Michael horned owl	Bubo virginianus saturatus	56268	subspecies
1197116	Siberian nuthatch	Sitta arctica	50248	species
1197681	Cape white-eye	Zosterops capensis	36298	species
1198646	American raven	Corvus corax sinuatus	56781	subspecies
1198668		Corvus corax jordansi	56781	subspecies
1199189	Macleay honeyeater	Xanthotis macleayanus	266388	species
1200311		Cisticola erythrops	52621	species
1200312	Philippine tailorbird	Orthotomus castaneiceps	546339	species
1200313		Orthotomus cinereiceps	546339	species
1200314		Orthotomus derbianus	546339	species
1200315		Orthotomus frontalis	546339	species
1200316		Orthotomus nigriceps	546339	species
1200317		Orthotomus ruficeps	546339	species
1200318		Orthotomus samarensis	546339	species
1200323		Phyllergates heterolaemus	2697549	species
1200804	Monteiro's storm-petrel	Oceanodroma monteiroi	52123	species
1200834		Zoothera sp. YS-2012	2642695	species
1200847		Orthotomus atrogularis atrogularis	330748	subspecies
1200848		Orthotomus castaneiceps castaneiceps	1200312	subspecies
1200849		Phyllergates cucullatus coronatus	330749	subspecies
1200850		Phyllergates cucullatus philippinus	330749	subspecies
1200851		Phyllergates cucullatus cinereicollis	330749	subspecies
1200852		Orthotomus derbianus derbianus	1200314	subspecies
1200853		Orthotomus derbianus nilesi	1200314	subspecies
1200854		Orthotomus ruficeps cineraceus	1200317	subspecies
1200855		Orthotomus ruficeps borneoensis	1200317	subspecies
1200856		Orthotomus sepium sepium	1126054	subspecies
1200857		Orthotomus sericeus hesperius	946199	subspecies
1200858		Orthotomus sericeus sericeus	946199	subspecies
1200859		Orthotomus sutorius longicauda	98142	subspecies
1200860		Orthotomus sutorius edela	98142	subspecies
1200861		Orthotomus sutorius maculicollis	98142	subspecies
1200947		Orthotomus cinereiceps obscurior	1200313	subspecies
1200958		Artamus fuscus	175023	species
1200959	Indian jungle crow	Corvus culminatus	30420	species
1200960		Dendrocitta frontalis	257852	species
1200961		Dendrocitta vagabunda	257852	species
1200962		Garrulus lanceolatus	56782	species
1200963		Lanius vittatus	28712	species
1200964	Indian nutcracker	Nucifraga multipunctata	56785	species
1200965		Oriolus tenuirostris	98139	species
1200966		Pericrocotus speciosus	254641	species
1200967		Urocissa flavirostris	56795	species
1202453	Spix's warbling antbird	Hypocnemis striata	88174	species
1202455		Terenura maculata	88182	species
1202462		Frederickena fulva	265637	species
1206065	Hainan partridge	Arborophila ardens	9104	species
1207001		Oenanthe hispanica hispanica	358820	subspecies
1207002		Myrmecocichla tholloni	701079	species
1207003		Oenanthe leucopyga leucopyga	391700	subspecies
1207004		Oenanthe leucopyga ernesti	391700	subspecies
1207468		Colius sp. AM-2012	2642200	species
1208738		Cinnyris minullus	570433	species
1208751	white-eared bulbul	Pycnonotus leucotis	125282	species
1208752		Anairetes parulus patagonicus	83300	subspecies
1208753		Uromyias agilis	83305	species
1209394	yellow-lored parrot	Amazona xantholora	12929	species
1209821		Lanius collaris smithii	98117	subspecies
1209822		Lanius collaris pyrrhostictus	98117	subspecies
1209823		Lanius collaris aridicolus	98117	subspecies
1209824		Lanius collaris capelli	98117	subspecies
1209825		Lanius newtoni	28712	species
1209826		Lanius validirostris	28712	species
1209827		Lanius souzae	28712	species
1209828		Lanius souzae tacitus	1209827	subspecies
1212470	Spotted flycatcher	Muscicapa striata	182948	species
1213183		Diopsittaca nobilis nobilis	178888	subspecies
1214231		Corvus brachyrhynchos brachyrhynchos	85066	subspecies
1214232		Corvus macrorhynchos macrorhynchos	36249	subspecies
1214233		Corvus macrorhynchos tibetosinensis	36249	subspecies
1214234		Corvus splendens splendens	701737	subspecies
1214235		Corvus splendens insolens	701737	subspecies
1214236		Corvus splendens protegatus	701737	subspecies
1214238		Corvus woodfordi woodfordi	1196320	subspecies
1214239		Corvus fuscicapillus fuscicapillus	1196287	subspecies
1214240		Corvus rhipidurus rhipidurus	1196306	subspecies
1214241		Corvus rhipidurus stanleyi	1196306	subspecies
1214243		Corvus ruficollis ruficollis	1196307	subspecies
1214245		Corvus capensis capensis	1196224	subspecies
1214246		Corvus palmarum palmarum	1196304	subspecies
1214247		Corvus enca enca	1196282	subspecies
1214917		Vauriella gularis	2823213	species
1214918		Micromacronus sordidus	1149647	species
1215352	Japanese night-heron	Gorsachius goisagi	752196	species
1215892		Psittacara mitratus mitratus	136503	subspecies
1217058		Phalcoboenus carunculatus	56344	species
1217059		Phalcoboenus albogularis	56344	species
1217365	Seychelles paradise-flycatcher	Terpsiphone corvina	98151	species
1217572		Sclerurus mexicanus mexicanus	265632	subspecies
1217575		Sclerurus mexicanus pullus	265632	subspecies
1217577		Sclerurus mexicanus andinus	265632	subspecies
1217578		Sclerurus mexicanus obscurior	265632	subspecies
1217579		Sclerurus mexicanus macconnelli	265632	subspecies
1217580		Sclerurus mexicanus peruvianus	265632	subspecies
1217880		Eubucco bourcierii aequitorialis	91767	subspecies
1217881		Capito auratus nitidior	322578	subspecies
1217882		Eubucco tucinkae	91766	species
1217883	Sira barbet	Capito fitzpatricki	91764	species
1217884		Capito brunneipectus	91764	species
1218671		Chloropsis aurifrons aurifrons	552877	subspecies
1218672		Chloropsis aurifrons incompta	552877	subspecies
1218673		Chloropsis aurifrons inornata	552877	subspecies
1218674		Chloropsis aurifrons insularis	552877	subspecies
1218675		Chloropsis aurifrons pridii	552877	subspecies
1218676		Chloropsis cochinchinensis chlorocephala	175117	subspecies
1218677		Chloropsis cochinchinensis cochinchinensis	175117	subspecies
1218678		Chloropsis cochinchinensis kinneari	175117	subspecies
1218679		Chloropsis cochinchinensis moluccensis	175117	subspecies
1218680		Chloropsis cochinchinensis serithai	175117	subspecies
1218681		Chloropsis cochinchinensis viridinucha	175117	subspecies
1218682		Chloropsis cyanopogon	175116	species
1218683		Chloropsis cyanopogon cyanopogon	1218682	subspecies
1218684		Chloropsis cyanopogon septentrionalis	1218682	subspecies
1218685		Chloropsis flavipennis	175116	species
1218686		Chloropsis hardwickii hardwickii	667144	subspecies
1218687		Chloropsis hardwickii malayana	667144	subspecies
1218688		Chloropsis hardwickii melliana	667144	subspecies
1218689		Chloropsis jerdoni	175116	species
1218690		Chloropsis kinabaluensis	175116	species
1218691		Chloropsis media	175116	species
1218692		Chloropsis palawanensis	175116	species
1218693		Chloropsis sonnerati sonnerati	452102	subspecies
1218694		Chloropsis sonnerati zosterops	452102	subspecies
1218695		Chloropsis venusta	175116	species
1218696		Irena cyanogastra cyanogastra	175120	subspecies
1218697		Irena cyanogastra ellae	175120	subspecies
1218698		Irena cyanogastra hoogstraali	175120	subspecies
1218700		Irena puella crinigera	175119	subspecies
1218701		Irena puella malayensis	175119	subspecies
1218702		Irena puella puella	175119	subspecies
1218703		Irena puella turcosa	175119	subspecies
1218704		Irena puella tweeddalei	175119	subspecies
1218705		Irena puella sikkimensis	175119	subspecies
1219335		Centropus senegalensis	57401	species
1219336		Tringa sp. PCE-2012	2625771	species
1220172		Bubo flavipes	30460	species
1220512		Zosterops lateralis griseonota	43581	subspecies
1220513		Zosterops lateralis tropicus	43581	subspecies
1220514		Zosterops albogularis	36298	species
1220515		Zosterops explorator	36298	species
1220516		Zosterops gibbsi	36298	species
1220518		Zosterops lateralis gouldi	43581	subspecies
1220519		Zosterops lateralis cornwalli	43581	subspecies
1220520		Zosterops lateralis flaviceps	43581	subspecies
1220521		Zosterops lateralis halmaturina	43581	subspecies
1220522		Zosterops lateralis lateralis	43581	subspecies
1220523		Zosterops lateralis melanops	43581	subspecies
1220524		Zosterops lateralis nigrescens	43581	subspecies
1220525		Zosterops lateralis ramsayi	43581	subspecies
1220526		Zosterops lateralis vatensis	43581	subspecies
1220527		Zosterops luteus balstoni	589900	subspecies
1220528		Zosterops luteus luteus	589900	subspecies
1220529		Zosterops strenuus	36298	species
1220530		Zosterops tenuirostris	36298	species
1220531		Zosterops tephropleurus	36298	species
1226176		Catamenia homochroa	138963	species
1226177		Chrysothlypis salmoni	62174	species
1226178		Conirostrum cinereum	182922	species
1226179		Conirostrum ferrugineiventre	182922	species
1226180		Conirostrum leucogenys	182922	species
1226181		Conirostrum rufum	182922	species
1226182		Conirostrum tamarugense	182922	species
1226183		Creurgops dentatus	62182	species
1226184		Dacnis albiventris	62188	species
1226185		Dacnis flaviventer	62188	species
1226186		Dacnis hartlaubi	62188	species
1226187		Dacnis nigripes	62188	species
1226188		Dacnis viguieri	62188	species
1226189		Diuca speculifera	460192	species
1226190		Emberizoides duidae	221970	species
1226191		Hemispingus goeringi	62202	species
1226192		Hemispingus reyi	62202	species
1226193		Hemithraupis ruficapilla	62204	species
1226194		Oryzoborus atrirostris	138934	species
1226195		Oryzoborus nuttingi	138934	species
1226196		Pheucticus tibialis	135443	species
1226198		Poospiza rubecula	136968	species
1226200		Saltator cinctus	58204	species
1226201		Saltator fuliginosus	58204	species
1226202		Saltator maxillosus	58204	species
1226203		Saltator orenocensis	58204	species
1226204		Sicalis auriventris	163866	species
1226205		Sicalis citrina	163866	species
1226206		Sicalis columbiana	163866	species
1226207		Sicalis lebruni	163866	species
1226208		Sicalis luteiventris	163866	species
1226209		Sicalis raimondii	163866	species
1226210		Sicalis taczanowskii	163866	species
1226211		Sicalis uropygialis	163866	species
1226212		Sporophila albogularis	135449	species
1226213		Sporophila frontalis	135449	species
1226214		Sporophila simplex	135449	species
1226215		Tangara phillipsi	58206	species
1226216		Tangara rufigenis	58206	species
1226217		Thlypopsis fulviceps	62256	species
1226218		Thlypopsis inornata	62256	species
1226219		Thlypopsis ornata	62256	species
1226220		Thlypopsis pectoralis	62256	species
1226227		Charitospiza	400783	genus
1226228		Charitospiza eucosma	1226227	species
1226229		Coryphaspiza	400783	genus
1226230		Coryphaspiza melanotis	1226229	species
1226231		Cyanicterus	400783	genus
1226232		Cyanicterus cyanicterus	1226231	species
1226233		Incaspiza	400783	genus
1226234		Incaspiza ortizi	1226233	species
1226235		Incaspiza personata	1226233	species
1226236		Incaspiza pulchra	1226233	species
1226237		Iridophanes	400783	genus
1226238		Iridophanes pulcherrimus	1226237	species
1226239		Orchesticus	400783	genus
1226240		Orchesticus abeillei	1226239	species
1226241		Piezorhina	400783	genus
1226242		Piezorhina cinerea	1226241	species
1226243		Urothraupis	400783	genus
1226244		Urothraupis stolzmanni	1226243	species
1226245		Xenospingus	400783	genus
1226246		Xenospingus concolor	1226245	species
1226578		Cephalopyrus	9153	genus
1226579		Cephalopyrus flammiceps	1226578	species
1227501		Dendropicos gabonensis	165735	species
1229466		Ammomanes deserti annae	589643	subspecies
1229467		Cisticola carruthersi	52621	species
1229468		Eremomela pusilla	552898	species
1229475		Montifringilla nivalis groumgrzimaili	356903	subspecies
1229476		Prinia gracilis	81891	species
1229511		bird environmental sample	1126251	species
1230190	sulphur-breasted parakeet	Aratinga maculata	12945	species
1233215		Lyrurus	466585	genus
1233216	black grouse	Lyrurus tetrix	1233215	species
1233217		Lyrurus tetrix tschusii	1233216	subspecies
1233976		Prosobonia	8917	genus
1233977		Prosobonia leucoptera	1233976	species
1233978		Aechmorhynchus	8917	genus
1233979		Prosobonia parvirostris	1233976	species
1233980		Acrocephalus luscinius nijoi	435332	subspecies
1235293		Grus grus grus	40816	subspecies
1235294		Grus grus lilfordi	40816	subspecies
1235296		Grus grus archibaldi	40816	subspecies
1235304		Grus grus korelovi	40816	subspecies
1235644	pale-eyed blackbird	Agelasticus xanthophthalmus	2820825	species
1236203		Drymophila hellmayri	88168	species
1236204		Drymophila klagesi	88168	species
1236205		Drymophila striaticeps	88168	species
1236216		Thryophilus	69501	genus
1236217	banded wren	Thryophilus pleurostictus	1236216	species
1236219	rufous-and-white wren	Thryophilus rufalbus	1236216	species
1236343		Thryophilus nicefori	1236216	species
1236344		Thryophilus sernai	1236216	species
1236346		Prioniturus platurus platurus	309873	subspecies
1236347		Prioniturus platurus talautensis	309873	subspecies
1236348		Prioniturus verticalis	309872	species
1236349		Prioniturus waterstradti	309872	species
1236350		Prioniturus flavicans	309872	species
1236351		Prioniturus mada	309872	species
1236352		Prioniturus mindorensis	309872	species
1236363		Prioniturus discurus discurus	678586	subspecies
1236364		Prioniturus discurus whiteheadi	678586	subspecies
1236389		Prioniturus platenae	309872	species
1236562		Lagopus lagopus x Lagopus muta	30409	species
1236705		Hypothymis puella	107209	species
1236706		Hypothymis coelestis	107209	species
1236707		Terpsiphone atrocaudata	98151	species
1236708		Terpsiphone atrocaudata atrocaudata	1236707	subspecies
1236709		Terpsiphone atrocaudata illex	1236707	subspecies
1236710		Terpsiphone atrochalybeia	98151	species
1236711		Terpsiphone bourbonnensis	98151	species
1236712		Terpsiphone bourbonnensis bourbonnensis	1236711	subspecies
1236713		Terpsiphone bourbonnensis desolata	1236711	subspecies
1236714		Terpsiphone cinnamomea cinnamomea	203785	subspecies
1236715		Terpsiphone cinnamomea talautensis	203785	subspecies
1236716		Terpsiphone cinnamomea unirufa	203785	subspecies
1236717		Terpsiphone cyanescens	98151	species
1236718		Terpsiphone mutata mutata	198852	subspecies
1236719		Terpsiphone mutata singetra	198852	subspecies
1236720		Terpsiphone paradisi affinis	107201	subspecies
1236721		Terpsiphone paradisi australis	107201	subspecies
1236724		Terpsiphone paradisi borneensis	107201	subspecies
1236725		Terpsiphone paradisi ceylonensis	107201	subspecies
1236726		Terpsiphone paradisi floris	107201	subspecies
1236727		Terpsiphone paradisi incei	107201	subspecies
1236728		Terpsiphone paradisi indochinensis	107201	subspecies
1236729		Terpsiphone paradisi insularis	107201	subspecies
1236730		Terpsiphone paradisi leucogaster	107201	subspecies
1236731		Terpsiphone paradisi nicobarica	107201	subspecies
1236732		Terpsiphone paradisi paradisi	107201	subspecies
1236733		Terpsiphone paradisi procera	107201	subspecies
1236734		Terpsiphone paradisi sumbaensis	107201	subspecies
1236735		Terpsiphone rufiventer mayombe	570459	subspecies
1236736		Terpsiphone rufiventer tricolor	570459	subspecies
1236737		Terpsiphone smithii	98151	species
1236738		Terpsiphone viridis ferretti	98152	subspecies
1236739		Terpsiphone viridis granti	98152	subspecies
1236740		Terpsiphone viridis plumbeiceps	98152	subspecies
1236741		Terpsiphone viridis speciosa	98152	subspecies
1236742		Terpsiphone viridis ungujaensis	98152	subspecies
1236743		Terpsiphone viridis viridis	98152	subspecies
1238172		Ara militaris mexicanus	57237	subspecies
1238232	red-throated parakeet	Psittacara rubritorquis	1664462	species
1238238		Amazona barbadensis barbadensis	229553	subspecies
1238685		Amazona farinosa chapmani	151760	subspecies
1240228	Muscovy Duck (domestic type)	Cairina moschata domestica	8855	subspecies
1242994		Columba sp. ARA-2012	2643597	species
1243780		Pelecanus occidentalis californicus	37043	subspecies
1243781		Pelecanus occidentalis carolinensis	37043	subspecies
1243782		Pelecanus rufescens	33617	species
1244801		Aceros leucocephalus	175823	species
1244802		Penelopides affinis	175833	species
1244803	Luzon hornbill	Penelopides manillae	175833	species
1244804		Penelopides manillae manillae	1244803	subspecies
1244805		Penelopides manillae subniger	1244803	subspecies
1246550		Aphrastura masafuerae	307075	species
1247835		Anthus nyassae	36257	species
1254981		Otus socotranus	56271	species
1254983		Otus pamelae	56271	species
1265749	yellow-faced parrotlet	Forpus xanthops	69956	species
1265750	spectacled parrotlet	Forpus conspicillatus	69956	species
1265751		Forpus conspicillatus conspicillatus	1265750	subspecies
1265752		Forpus conspicillatus metae	1265750	subspecies
1265753		Forpus conspicillatus caucae	1265750	subspecies
1265754	Mexican parrotlet	Forpus cyanopygius	69956	species
1265801		Forpus cyanopygius insularis	1265754	subspecies
1265802		Forpus cyanopygius cyanopygius	1265754	subspecies
1265803		Forpus cyanopygius pallidus	1265754	subspecies
1265807		Forpus modestus eidos	870969	subspecies
1265808		Forpus passerinus cyanochlorus	69957	subspecies
1265809		Forpus passerinus cyanophanes	69957	subspecies
1265810		Forpus passerinus deliciosus	69957	subspecies
1265812		Forpus passerinus passerinus	69957	subspecies
1265813		Forpus passerinus viridissimus	69957	subspecies
1265814		Forpus xanthopterygius spengeli	345187	subspecies
1269711		Peltops montanus	626434	species
1269712	silver-backed butcherbird	Cracticus argenteus	254524	species
1269713		Cracticus argenteus argenteus	1269712	subspecies
1269714		Cracticus argenteus colletti	1269712	subspecies
1269716		Cracticus cassicus	254524	species
1269717		Cracticus cassicus cassicus	1269716	subspecies
1269718		Cracticus louisiadensis	254524	species
1269719		Cracticus mentalis kempi	1120785	subspecies
1269720		Cracticus mentalis mentalis	1120785	subspecies
1269789		Cracticus nigrogularis nigrogularis	459955	subspecies
1269790		Cracticus nigrogularis picatus	459955	subspecies
1269795		Gymnorhina tibicen dorsalis	9132	subspecies
1269796		Gymnorhina tibicen eylandtensis	9132	subspecies
1269799		Gymnorhina tibicen telonocua	9132	subspecies
1269800		Gymnorhina tibicen terraereginae	9132	subspecies
1269803		Gymnorhina tibicen tibicen	9132	subspecies
1269805		Cracticus torquatus cinereus	1120791	subspecies
1269806		Cracticus torquatus leucopterus	1120791	subspecies
1269807		Cracticus torquatus torquatus	1120791	subspecies
1271575		Torreornis	1729112	genus
1271576	Zapata sparrow	Torreornis inexpectata	1271575	species
1271577		Orthogonys	62155	genus
1271578	olive-green tanager	Orthogonys chloricterus	1271577	species
1271579		Oreothraupis	1729112	genus
1271580	tanager finch	Oreothraupis arremonops	1271579	species
1271623		Camaroptera superciliaris	98120	species
1271624		Cisticola chubbi	52621	species
1271625		Cisticola tinniens	52621	species
1271626		Poliolais	634316	genus
1271627		Poliolais lopesi	1271626	species
1271633		Prinia flavicans	81891	species
1271780		Phaethon lepturus fulvus	97097	subspecies
1271781		Cathartes aura ruficollis	43455	subspecies
1271782		Eumomota	57387	genus
1271783		Eumomota superciliosa	1271782	species
1273586		Apalis thoracica griseiceps	330756	subspecies
1273587		Artisornis metopias metopias	405073	subspecies
1273588		Camaroptera brachyura brachyura	315542	subspecies
1273589		Camaroptera brevicaudata brevicaudata	98121	subspecies
1273590		Camaroptera brevicaudata tincta	98121	subspecies
1273679		Camaroptera chloronota chloronota	405076	subspecies
1273680		Cisticola brachypterus brachypterus	98224	subspecies
1273681		Cisticola cantans belli	208061	subspecies
1273684		Cisticola chubbi adametzi	1271624	subspecies
1273685		Cisticola discolor	52621	species
1273689		Cisticola marginatus	52621	species
1273690		Cisticola marginatus amphilectus	1273689	subspecies
1273691		Cisticola tinniens perpullus	1271625	subspecies
1273692		Poliolais lopesi manengubae	1271627	subspecies
1273693		Prinia superciliaris	81891	species
1273694		Prinia bairdii obscura	181627	subspecies
1273695		Prinia bairdii bairdii	181627	subspecies
1273700		Prinia flavicans bihe	1271633	subspecies
1273701		Prinia subflava mutatrix	208062	subspecies
1273704		Prinia subflava subflava	208062	subspecies
1278208	chestnut-bellied sandgrouse	Pterocles exustus	56296	species
1278323	Bahia spinetail	Synallaxis cinerea	88180	species
1281444		Pseudibis	33574	genus
1281445	red-naped ibis	Pseudibis papillosa	1281444	species
1281446		Bostrychia	33574	genus
1281447	Hadada ibis	Bostrychia hagedash	1281446	species
1285388		Zimmerius parvus	456438	subspecies
1285389	Venezuelan tyrannulet	Zimmerius improbus	456437	species
1285390		Zimmerius petersi	1285389	subspecies
1285391	Mishana tyrannulet	Zimmerius villarejoi	456437	species
1285392	red-billed tyrannulet	Zimmerius cinereicapilla	456437	species
1285394		Zimmerius minimus	495159	subspecies
1286966	Siberian lesser whitethroat	Curruca curruca blythi	43163	subspecies
1286967	Margelanic lesser whitethroat	Sylvia margelanica	43162	species
1286968	Hume's whitethroat	Curruca althaea	1930205	species
1286969	Eastern lesser whitethroat	Curruca curruca halimodendri	43163	subspecies
1286970	small whitethroat	Sylvia minula	43162	species
1286977	Pinto's spinetail	Synallaxis infuscata	88180	species
1286984		Synallaxis whitneyi	88180	species
1287000		Synallaxis sp. 1 HBF-2013	2636136	species
1288289		Ichthyaetus	8910	genus
1288290		Ichthyaetus melanocephalus	1288289	species
1288292	Audouin's gull	Ichthyaetus audouinii	1288289	species
1288897	superb parrot	Polytelis swainsonii	35544	species
1290859	Azure-crowned hummingbird	Amazilia cyanocephala	57391	species
1290860	violet-crowned hummingbird	Amazilia violiceps	57391	species
1290861	green-fronted hummingbird	Amazilia viridifrons	57391	species
1290863	Wakatobi flowerpecker	Dicaeum kuehni	135426	species
1291350		Caprimulgus longirostris decussatus	48285	subspecies
1293958	spotted flycatcher	Muscicapa striata	69507	species
1294515	black crake	Amaurornis flavirostra	72016	species
1294516	little wood-rail	Aramides mangle	54569	species
1294517		Dryolimnas	9119	genus
1294518	white-throated rail	Dryolimnas cuvieri	1294517	species
1294520	brown-banded rail	Lewinia mirifica	1150671	species
1294522	black-banded crake	Laterallus fasciatus	54362	species
1294523	Auckland Island rail	Lewinia muelleri	1150671	species
1294524		Neocrex	9119	genus
1294525	paint-billed crake	Neocrex erythrops	1294524	species
1294526	Allen's gallinule	Porphyrio alleni	54483	species
1294531	little crake	Porzana parva	54491	species
1294532	Australian crake	Porzana fluminea	54491	species
1294533	blackish rail	Pardirallus nigricans	555301	species
1294534	Kaffir rail	Rallus caerulescens	54360	species
1294535	red-necked crake	Rallina tricolor	547196	species
1294536	white-browed crake	Poliolimnas cinereus	2823183	species
1294538	red-legged crake	Rallina fasciata	547196	species
1294539		Diaphorapteryx	9119	genus
1294540	Giant Chatham Island rail	Diaphorapteryx hawkinsi	1294539	species
1295619	brown-backed antwren	Epinecrophylla fjeldsaai	468482	species
1296545		Zosterops meyeni	36298	species
1296546		Bubo philippensis	30460	species
1296548	bar-backed partridge	Arborophila brunneopectus	9104	species
1296568		Zosterops chlorocephalus	36298	species
1297554	green-throated greenbul	Andropadus chlorigula	59947	species
1297556	Northern mountain greenbul	Andropadus fusciceps	59947	species
1297580	olive-breasted greenbul	Arizelocichla kikuyuensis	1743244	species
1297583	Uluguru mountain greenbul	Arizelocichla neumanni	1743244	species
1297585		Arizelocichla nigriceps usambarae	447920	subspecies
1302145	Gould's sunbird	Aethopyga gouldiae	181089	species
1302148	Lina's sunbird	Aethopyga linaraborae	181089	species
1302149	metallic-winged sunbird	Aethopyga pulcherrima	181089	species
1302150	handsome sunbird	Aethopyga shelleyi	181089	species
1302152	Temminch's sunbird	Aethopyga temminckii	181089	species
1302180	Junin tapaculo	Scytalopus gettyae	9168	species
1303020	Malabar pied-hornbill	Anthracoceros coronatus	57394	species
1303021	Palawan hornbill	Anthracoceros marchei	57394	species
1303022	Sulu hornbill	Anthracoceros montani	57394	species
1303036		Buceros rhinoceros rhinoceros	175835	subspecies
1303038		Buceros hydrocorax hydrocorax	1118517	subspecies
1303065	white-thighed hornbill	Bycanistes albotibialis	175842	species
1303066	brown-cheeked hornbill	Bycanistes cylindricus	175842	species
1303088	piping hornbill	Bycanistes fistulator	175842	species
1303089		Bycanistes fistulator duboisi	1303088	subspecies
1303091	yellow-casqued Hornbill	Ceratogymna elata	175831	species
1303092	Indian Grey-hornbill	Ocyceros birostris	866444	species
1303247	Malabar grey-hornbill	Ocyceros griseus	866444	species
1303248		Penelopides affinis affinis	1244802	subspecies
1303249	Sulawesi hornbill	Penelopides exarhatus	175833	species
1303251		Penelopides exarhatus exarhatus	1303249	subspecies
1303252	Mindoro hornbill	Penelopides mindorensis	175833	species
1303253		Penelopides samarensis	175833	species
1303254		Rhyticeros everetti	866436	species
1303255		Rhyticeros narcondami	866436	species
1303258	Blyth's hornbill	Rhyticeros plicatus	866436	species
1303259		Rhyticeros plicatus ruficollis	1303258	subspecies
1303288		Tockus alboterminatus angolensis	175818	subspecies
1303289		Tockus alboterminatus australis	175818	subspecies
1303290	Bradfield's hornbill	Tockus bradfieldi	81910	species
1303301		Lophoceros camurus pulchrirostris	458195	subspecies
1303302		Tockus fasciatus semifasciatus	175821	subspecies
1303304		Tockus flavirostris somaliensis	302528	subspecies
1303305		Tockus flavirostris flavirostris	302528	subspecies
1303307	black dwarf hornbill	Tockus hartlaubi	81910	species
1303308		Tockus hartlaubi granti	1303307	subspecies
1303309		Tockus hartlaubi hartlaubi	1303307	subspecies
1303311	Hemprich's hornbill	Tockus hemprichii	81910	species
1303313	Jackson's hornbill	Tockus jacksoni	81910	species
1303321		Tockus leucomelas parvior	153645	subspecies
1303322		Tockus leucomelas elegans	153645	subspecies
1303323		Tockus monteiri majoriae	153646	subspecies
1303324		Tockus nasutus epirhinus	118205	subspecies
1303325		Tockus nasutus dorsalis	118205	subspecies
1303326		Tockus nasutus nasutus	118205	subspecies
1303327		Tockus pallidirostris neumanni	1162390	subspecies
1303328		Tockus pallidirostris pallidirostris	1162390	subspecies
1303329	Tanzanian red-billed hornbill	Tockus ruahae	81910	species
1303330	Southern red-billed hornbill	Tockus rufirostris	81910	species
1303331		Tropicranus albocristatus albocristatus	866443	subspecies
1303332		Tropicranus albocristatus macrourus	866443	subspecies
1303333		Tropicranus albocristatus cassini	866443	subspecies
1304817		Eurystomus glaucurus glaucurus	188340	subspecies
1304818		Eurystomus glaucurus suahelicus	188340	subspecies
1306874		Cisticola guinea	52621	species
1306875		Cisticola exilis	52621	species
1306876		Cisticola lais	52621	species
1306877		Cisticola nigriloris	52621	species
1306880		Drymocichla	81890	genus
1306881		Drymocichla incana	1306880	species
1306882		Malcorus	81890	genus
1306883		Malcorus pectoralis	1306882	species
1306884		Oreophilais	81890	genus
1306885		Oreophilais robertsi	1306884	species
1306886		Phragmacia	81890	genus
1306887		Phragmacia substriata	1306886	species
1306890		Phyllolais	81890	genus
1306891		Phyllolais pulchella	1306890	species
1306892		Urorhipis	81890	genus
1306893		Urorhipis rufifrons	1306892	species
1306919		Laticilla	1743389	genus
1306920	long-tailed grass warbler	Laticilla burnesii	1306919	species
1314640	Sharpe's wren	Cinnycerthia olivascens	241532	species
1314641	fulvous wren	Cinnycerthia fulva	241532	species
1314661	yellow-breasted warbling antbird	Hypocnemis subflava	88174	species
1314662	black-streaked puffbird	Malacoptila fulvogularis	488311	species
1314665	yellow-billed nunbird	Monasa flavirostris	882748	species
1314668	rufous-breasted chat-tyrant	Ochthoeca rufipectoralis	456399	species
1314673	Puna tapaculo	Scytalopus simonsi	9168	species
1315731	blue-tailed hummingbird	Amazilia cyanura	57391	species
1315732		Calothorax lucifer	240705	species
1315733		Campylopterus excellens	304604	species
1315734		Chlorostilbon canivetii	57407	species
1315735		Eupherusa cyanophrys	472808	species
1315736		Eupherusa poliocerca	472808	species
1315737		Heliangelus spencei	66416	species
1315738		Leucippus taczanowskii	689222	species
1315739		Doricha	9242	genus
1315740		Doricha eliza	1315739	species
1315741		Tilmatura	9242	genus
1315742		Tilmatura dupontii	1315741	species
1316271	Hooded warbler	Setophaga citrina	182948	species
1316415		Erythropitta	9161	genus
1316416		Hydrornis	9161	genus
1316417	red-bellied pitta	Erythropitta erythrogaster	1316415	species
1316418		Erythropitta erythrogaster aruensis	1316417	subspecies
1316419		Erythropitta erythrogaster bernsteini	1316417	subspecies
1316420		Erythropitta erythrogaster caeruleitorques	1316417	subspecies
1316421		Erythropitta erythrogaster celebensis	1316417	subspecies
1316422		Erythropitta erythrogaster cyanonota	1316417	subspecies
1316423		Erythropitta erythrogaster digglesi	1316417	subspecies
1316424		Erythropitta erythrogaster dohertyi	1316417	subspecies
1316425		Erythropitta erythrogaster erythrogaster	1316417	subspecies
1316426		Erythropitta erythrogaster extima	1316417	subspecies
1316427		Erythropitta erythrogaster finschii	1316417	subspecies
1316428		Erythropitta erythrogaster gazellae	1316417	subspecies
1316429		Erythropitta erythrogaster habenichti	1316417	subspecies
1316430		Erythropitta erythrogaster inspeculata	1316417	subspecies
1316431		Erythropitta erythrogaster kuehni	1316417	subspecies
1316432		Erythropitta erythrogaster loriae	1316417	subspecies
1316433		Erythropitta erythrogaster macklotii	1316417	subspecies
1316434		Erythropitta erythrogaster meeki	1316417	subspecies
1316435		Erythropitta erythrogaster novaehibernicae	1316417	subspecies
1316436		Erythropitta erythrogaster obiensis	1316417	subspecies
1316437		Erythropitta erythrogaster palliceps	1316417	subspecies
1316438		Erythropitta erythrogaster piroensis	1316417	subspecies
1316439		Erythropitta erythrogaster propinqua	1316417	subspecies
1316440		Erythropitta erythrogaster rubrinucha	1316417	subspecies
1316441		Erythropitta erythrogaster rufiventris	1316417	subspecies
1316442		Erythropitta erythrogaster splendida	1316417	subspecies
1316443		Erythropitta erythrogaster thompsoni	1316417	subspecies
1316683		Erythropitta erythrogaster oblita	1316417	subspecies
1316684		Erythropitta erythrogaster yairocho	1316417	subspecies
1319836		Cyanistes caeruleus raddei	156563	subspecies
1319837		Cyanistes caeruleus satunini	156563	subspecies
1319839		Cyanistes teneriffae hedwigii	1069445	subspecies
1323832	Cory's shearwater	Calonectris borealis	52121	species
1324573		Myrmotherula iheringi heteroptera	858332	subspecies
1324574		Myrmotherula oreni	88176	species
1325687		Pterodroma mollis x Pterodroma lessonii	37063	species
1329383		Oreothlypis	400782	genus
1329780	Broad-billed flycatcher	Myiagra ruficollis	107223	species
1330465	Tuamotu kingfisher	Todiramphus gambieri	325346	species
1330466	grey-green fruit-dove	Ptilinopus purpuratus	115696	species
1332035		Xiphorhynchus chunchotambo brevirostris	1094548	subspecies
1332036		Xiphorhynchus chunchotambo chunchotambo	1094548	subspecies
1332037		Xiphorhynchus chunchotambo napensis	1094548	subspecies
1332038		Xiphorhynchus ocellatus beauperthuysii	190284	subspecies
1333333	South Island rifleman	Acanthisitta chloris chloris	57068	subspecies
1333336		Alcedo atthis atthis	36245	subspecies
1333337		Apus apus apus	8895	subspecies
1333342		Cariama cristata cristata	54380	subspecies
1333347		Carpodacus erythrinus erythrinus	175930	subspecies
1333473		Cathartes aura aura	43455	subspecies
1333478		Ciconia ciconia ciconia	8928	subspecies
1333522	purple sunbird	Cinnyris asiaticus	570433	species
1333526		Cinnyris asiaticus asiaticus	1333522	subspecies
1333527		Chroicocephalus ridibundus ridibundus	1192867	subspecies
1333598	Eurasian marsh tit	Poecile palustris palustris	48890	subspecies
1333621		Prunella modularis modularis	181117	subspecies
1333622		Struthio camelus camelus	8801	subspecies
1333623		Tachybaptus ruficollis ruficollis	100828	subspecies
1333624		Trogon viridis viridis	59419	subspecies
1333663		Xiphorhynchus ocellatus perplexus	190284	subspecies
1333879		Piculus sp.	2632324	species
1333880		Alcedo sp.	2637222	species
1335096		Campylorhamphus gyldenstolpei	190294	species
1335097	Tapajos scythebill	Campylorhamphus cardosoi	190294	species
1335605		Junco insularis	40213	species
1337066		Acrocephalus scirpaceus x Acrocephalus palustris	39620	species
1338370		Dendrocolaptes certhia juruanus	190289	subspecies
1338371		Dendrocolaptes certhia medius	190289	subspecies
1338372		Dendrocolaptes concolor ridgwayi	1094405	subspecies
1338373		Dendrocolaptes certhia radiolatus	190289	subspecies
1338374		Dendrocolaptes retentus	81880	species
1338375		Hemitriccus cohnhafti	265624	species
1338376	Inambari woodcreeper	Lepidocolaptes fatimalimae	75970	species
1338377		Nystalus sp. 1 KJZ-2013	2647721	species
1338378		Nystalus obamai	135177	species
1343485	Indian roller	Coracias benghalensis	56291	species
1343486	black-rumped flameback	Dinopium benghalense	367956	species
1343487	ashy-crowned sparrow-lark	Eremopterix griseus	72218	species
1343492	large grey babbler	Argya malcolmi	2183803	species
1343865	Taiwan cupwing	Pnoepyga formosana	634344	species
1344024	Taiwan partridge	Arborophila crudigularis	9104	species
1344035	Chinese grouse	Tetrastes sewerzowi	1155786	species
1344560	Northern boobook	Ninox japonica	56288	species
1344800	long-billed corella	Cacatua tenuirostris	12981	species
1347786	North Island kokako	Callaeas wilsoni	192206	species
1351673	Yemen accentor	Prunella fagani	175132	species
1351674	maroon-backed accentor	Prunella immaculata	175132	species
1351675	rufous-breasted accentor	Prunella strophiata	175132	species
1351676	Mongolian accentor	Prunella koslowi	175132	species
1351677	Radde's accentor	Prunella ocularis	175132	species
1351678	robin accentor	Prunella rubeculoides	175132	species
1351679		Prunella atrogularis atrogularis	248154	subspecies
1351680		Prunella atrogularis huttoni	248154	subspecies
1351681		Prunella collaris erythropygia	175133	subspecies
1351701	Athi short-toed lark	Calandrella athensis	215309	species
1351743		Prunella collaris montana	175133	subspecies
1352769		Chunga	54378	genus
1352770	Black-legged seriema	Chunga burmeisteri	1352769	species
1353519		Automolus infuscatus badius	589939	subspecies
1353520		Automolus infuscatus infuscatus	589939	subspecies
1353521		Automolus leucophthalmus sulphurascens	190678	subspecies
1353522		Automolus ochrolaemus hypophaeus	700768	subspecies
1353523		Automolus ochrolaemus ochrolaemus	700768	subspecies
1353524		Automolus ochrolaemus pallidigularis	700768	subspecies
1353525		Automolus ochrolaemus turdinus	700768	subspecies
1353801		Automolus rubiginosus cinnamomeigula	700770	subspecies
1353802		Automolus rubiginosus guerrerensis	700770	subspecies
1353807		Automolus rubiginosus obscurus	700770	subspecies
1353808		Automolus rubiginosus veraepacis	700770	subspecies
1353809		Automolus rubiginosus sasaimae	700770	subspecies
1353810		Automolus rufipileatus consobrinus	265631	subspecies
1353811		Hylocryptus erythrocephalus palamblae	329514	subspecies
1353813		Thripadectes flammulatus flammulatus	183163	subspecies
1353829		Thripadectes melanorhynchus melanorhynchus	1094536	subspecies
1353830		Thripadectes virgaticeps virgaticeps	1094538	subspecies
1355937	black-throated bobwhite	Colinus nigrogularis	9013	species
1355938		Callipepla douglasii bensoni	67772	subspecies
1355939		Colinus nigrogularis nigrogularis	1355937	subspecies
1355940	spot-bellied bobwhite	Colinus leucopogon	9013	species
1355941		Colinus leucopogon hypoleucus	1355940	subspecies
1355942		Colinus cristatus continentis	114915	subspecies
1355943		Colinus leucopogon sclateri	1355940	subspecies
1355944		Philortyx	224313	genus
1355945		Philortyx fasciatus	1355944	species
1355946		Dactylortyx	224313	genus
1355947		Dactylortyx thoracicus	1355946	species
1355948		Dactylortyx thoracicus sharpei	1355947	subspecies
1355949		Dactylortyx thoracicus chiapensis	1355947	subspecies
1355950		Dactylortyx thoracicus lineolatus	1355947	subspecies
1355951		Cyrtonyx ocellatus	9016	species
1355952		Dendrortyx	224313	genus
1355953		Dendrortyx barbatus	1355952	species
1355954		Dendrortyx leucophrys	1355952	species
1355955		Dendrortyx macroura	1355952	species
1355956		Rhynchortyx	224313	genus
1355957	tawny-faced quail	Rhynchortyx cinctus	1355956	species
1355958	spotted wood quail	Odontophorus guttatus	224314	species
1355959	rufous-fronted wood quail	Odontophorus erythrops	224314	species
1355960	starred wood quail	Odontophorus stellatus	224314	species
1355961	black-eared wood quail	Odontophorus melanotis	224314	species
1355962	chestnut wood quail	Odontophorus hyperythrus	224314	species
1355963	gorgeted wood quail	Odontophorus strophium	224314	species
1355964	black-backed wood quail	Odontophorus melanonotus	224314	species
1355965	Venezuelan wood quail	Odontophorus columbianus	224314	species
1355966	stripe-faced wood quail	Odontophorus balliviani	224314	species
1355967		Odontophorus sp. 1 DW-2013	2688735	species
1356036	rufous-winged buzzard	Butastur liventer	335206	species
1356360		Cyanistes cyanus hyperriphaeus	156570	subspecies
1356361		Anthoscopus parvulus	156560	species
1356362	Cinereous tit	Parus cinereus	9154	species
1356363	dark-grey tit	Periparus rufonuchalis	156566	species
1356364		Poecile hypermelaenus	142475	species
1356365		Poecile hyrcanus	142475	species
1356366		Poecile lugubris lugubris	156554	subspecies
1356368		Poecile montanus affinis	48895	subspecies
1356369		Melaniparus	9153	genus
1356370	grey tit	Melaniparus afer	1356369	species
1356371	stripe-breasted tit	Melaniparus fasciiventer	1356369	species
1356372	White-bellied tit	Melaniparus albiventris	1356369	species
1356373		Melaniparus carpi	1356369	species
1356374		Melaniparus cinerascens	1356369	species
1356375		Melaniparus fringillinus	1356369	species
1356376	dusky tit	Melaniparus funereus	1356369	species
1356377		Melaniparus griseiventris	1356369	species
1356378		Melaniparus guineensis	1356369	species
1356379		Machlolophus	9153	genus
1356380	yellow tit	Machlolophus holsti	1356379	species
1356381		Melaniparus leucomelas	1356369	species
1356382		Melaniparus leucomelas insignis	1356381	subspecies
1356383		Melaniparus leucomelas leucomelas	1356381	subspecies
1356384		Melaniparus leuconotus	1356369	species
1356385		Melaniparus niger	1356369	species
1356386		Machlolophus nuchalis	1356379	species
1356387		Melaniparus pallidiventris	1356369	species
1356388	rufous-bellied tit	Melaniparus rufiventris	1356369	species
1356389	yellow-cheeked tit	Machlolophus spilonotus	1356379	species
1356390		Machlolophus spilonotus basileus	1356389	subspecies
1356391		Machlolophus spilonotus rex	1356389	subspecies
1356392		Machlolophus spilonotus subviridis	1356389	subspecies
1356393		Melaniparus thruppi	1356369	species
1356394	black-lored tit	Machlolophus xanthogenys	1356379	species
1356395		Machlolophus xanthogenys xanthogenys	1356394	subspecies
1356396		Sittiparus	9153	genus
1356397	white-fronted tit	Sittiparus semilarvatus	1356396	species
1356489	yellow-headed manakin	Chloropipo flavicapilla	170867	species
1356490		Lepidothrix isidorei	321397	species
1356491		Machaeropterus striolatus	114315	species
1356492		Pipra chloromeros	88178	species
1356508		Ceratopipra	114313	genus
1356509		Cryptopipo	114313	genus
1356566		Cryptopipo holochlora	1356509	species
1356567		Cryptopipo holochlora holochlora	1356566	subspecies
1356568		Cryptopipo holochlora litae	1356566	subspecies
1356576		Callipepla californica catalinensis	67771	subspecies
1356577		Callipepla californica plumbea	67771	subspecies
1356578		Callipepla douglasii douglasii	67772	subspecies
1356579		Callipepla douglasii impedita	67772	subspecies
1356580		Callipepla douglasii teres	67772	subspecies
1356581		Callipepla gambelii fulvipectus	67773	subspecies
1356582		Callipepla gambelii gambelii	67773	subspecies
1356583		Callipepla gambelii ignoscens	67773	subspecies
1356584		Callipepla gambelii pembertoni	67773	subspecies
1356585		Callipepla gambelii sana	67773	subspecies
1356586		Callipepla squamata squamata	9009	subspecies
1356587		Colinus cristatus badius	114915	subspecies
1356588		Colinus cristatus bogotensis	114915	subspecies
1356589		Colinus leucopogon dickeyi	1355940	subspecies
1356591		Colinus leucopogon incanus	1355940	subspecies
1356592		Colinus cristatus leucotis	114915	subspecies
1356593		Colinus cristatus mariae	114915	subspecies
1356594		Colinus cristatus mocquerysi	114915	subspecies
1356595		Colinus cristatus panamensis	114915	subspecies
1356596		Colinus cristatus parvicristatus	114915	subspecies
1356597		Colinus cristatus sonnini	114915	subspecies
1356598		Colinus nigrogularis caboti	1355937	subspecies
1356599		Colinus nigrogularis persiccus	1355937	subspecies
1356600		Colinus nigrogularis segoviensis	1355937	subspecies
1356601		Colinus virginianus floridanus	9014	subspecies
1356602		Colinus virginianus graysoni	9014	subspecies
1356603		Colinus virginianus insignis	9014	subspecies
1356604		Colinus virginianus texanus	9014	subspecies
1356605		Colinus virginianus thayeri	9014	subspecies
1356606		Cyrtonyx montezumae mearnsi	9017	subspecies
1356607		Odontophorus erythrops parambe	1355959	subspecies
1356608		Odontophorus gujanensis buckleyi	886794	subspecies
1356609		Odontophorus gujanensis castigatus	886794	subspecies
1356610		Odontophorus gujanensis gujanensis	886794	subspecies
1356611		Odontophorus gujanensis marmoratus	886794	subspecies
1356612		Odontophorus gujanensis medius	886794	subspecies
1356613		Odontophorus gujanensis pachyrhynchus	886794	subspecies
1356614		Odontophorus melanotis melanotis	1355961	subspecies
1356615		Odontophorus speciosus soederstroemii	886795	subspecies
1356616		Oreortyx pictus confinis	9029	subspecies
1356617		Oreortyx pictus palmeri	9029	subspecies
1356618		Oreortyx pictus pictus	9029	subspecies
1356619		Oreortyx pictus plumifer	9029	subspecies
1356620		Rhynchortyx cinctus australis	1355957	subspecies
1356621		Rhynchortyx cinctus cinctus	1355957	subspecies
1356622		Colinus virginianus cf. thayeri AMNH 775890	9014	no rank
1357968		Colinus virginianus cf. thayeri AMNH 778227	9014	no rank
1358119	Indian black-lored tit	Parus aplonotus	9154	species
1358780	maroon-fronted parrot	Rhynchopsitta terrisi	309840	species
1358953		Coturnix coturnix x Coturnix japonica	9090	species
1364856		Trochilus scitulus	1109100	species
1364861	Himalayan bush-robin	Tarsiger rufilatus	2823303	species
1364862	Orange-flanked bush-robin	Tarsiger cyanurus	2823303	species
1364863		Tarsiger cyanurus pallidior	1364862	subspecies
1364911	Razo lark	Alauda razae	88111	species
1364912	red-capped lark	Calandrella cinerea	215309	species
1364920	fawn-colored lark	Calendulauda africanoides	1364976	species
1364976		Calendulauda	72205	genus
1364977	Abyssinian lark	Calendulauda alopex	1364976	species
1364978	Barlow's lark	Calendulauda barlowi	1364976	species
1364979		Calendulauda burra	1364976	species
1364980	pink-breasted lark	Calendulauda poecilosterna	1364976	species
1364981		Certhilauda benguelensis	72206	species
1364982		Chersomanes beesleyi	552894	species
1364983	Dunn's lark	Eremalauda dunni	215318	species
1364984		Eremopterix leucopareia	72218	species
1364985		Eremopterix signatus	72218	species
1365146		Galerida macrorhyncha	215305	species
1365147	sun lark	Galerida modesta	215305	species
1365149		Heteromirafra	72205	genus
1365150	Archer's lark	Heteromirafra archeri	1365149	species
1365151		Heteromirafra ruddi	1365149	species
1365152	white-winged lark	Melanocorypha leucoptera	589657	species
1365153	Tibetan lark	Melanocorypha maxima	589657	species
1365163	black lark	Melanocorypha yeltoniensis	589657	species
1365168		Mirafra affinis	215311	species
1365169		Mirafra angolensis	215311	species
1365170	Cape Clapper lark	Mirafra apiata	215311	species
1365171		Mirafra cantillans	215311	species
1365174		Mirafra cheniana	215311	species
1365175		Mirafra erythrocephala	215311	species
1365177		Mirafra erythroptera	215311	species
1365178		Mirafra fasciolata	215311	species
1365181		Mirafra hova	215311	species
1365182		Mirafra hypermetra	215311	species
1365184		Mirafra microptera	215311	species
1365194		Mirafra rufocinnamomea	215311	species
1365195		Mirafra williamsi	215311	species
1365196		Pinarocorys	72205	genus
1365197		Pinarocorys erythropygia	1365196	species
1365198		Pinarocorys nigricans	1365196	species
1365199		Ramphocoris	72205	genus
1365200		Ramphocoris clotbey	1365199	species
1365201		Spizocorys fringillaris	215316	species
1365202		Spizocorys personata	215316	species
1365203		Pseudalaemon	72205	genus
1365204		Pseudalaemon fremantlii	1365203	species
1365494		Alaemon alaudipes alaudipes	215280	subspecies
1365495		Alaemon alaudipes desertorum	215280	subspecies
1365497		Alauda japonica dulcivox	344228	subspecies
1365498		Alauda gulgula inconspicua	592173	subspecies
1365499		Ammomanes cinctura arenicolor	215304	subspecies
1365500		Ammomanes deserti payni	589643	subspecies
1365501		Ammomanes deserti phoenicuroides	589643	subspecies
1365503		Ammomanopsis grayi hoeschi	215323	subspecies
1365504		Calandrella acutirostris tibetana	670335	subspecies
1365505		Calandrella brachydactyla dukhunensis	670336	subspecies
1365506		Calandrella brachydactyla longipennis	670336	subspecies
1365507		Calandrella brachydactyla rubiginosa	670336	subspecies
1365510		Alaudala cheleensis cheleensis	670337	subspecies
1365511		Calandrella cinerea cinerea	1364912	subspecies
1365512		Calandrella cinerea williamsi	1364912	subspecies
1365513		Alaudala raytal raytal	2716173	subspecies
1365514		Calandrella rufescens minor	215310	subspecies
1365515		Calendulauda africanoides austinrobertsi	1364920	subspecies
1365516		Calendulauda albescens guttata	72207	subspecies
1365517		Calendulauda alopex intercedens	1364977	subspecies
1365523		Calendulauda barlowi patae	1364978	subspecies
1365524		Calendulauda sabota bradfieldi	215326	subspecies
1365527		Certhilauda benguelensis benguelensis	1364981	subspecies
1365528		Certhilauda curvirostris curvirostris	72213	subspecies
1365594		Certhilauda semitorquata algida	72216	subspecies
1365596		Certhilauda subcoronata subcoronata	72217	subspecies
1365597		Chersomanes albofasciata boweni	215321	subspecies
1365598		Chersophilus duponti duponti	452474	subspecies
1365599		Eremalauda dunni eremodites	1364983	subspecies
1365600		Eremophila alpestris atlas	135430	subspecies
1365601		Eremophila alpestris brandti	135430	subspecies
1365603		Eremophila alpestris elwesi	135430	subspecies
1365604		Eremophila alpestris flava	135430	subspecies
1365605		Eremophila alpestris praticola	135430	subspecies
1365607		Eremopterix nigriceps affinis	215302	subspecies
1365608		Eremopterix nigriceps melanauchen	215302	subspecies
1365609		Eremopterix verticalis verticalis	72219	subspecies
1365610		Galerida cristata brachyura	215306	subspecies
1365612		Galerida macrorhyncha randonii	1365146	subspecies
1365613		Galerida modesta nigrita	1365147	subspecies
1365614		Galerida theklae ruficolor	313444	subspecies
1365616	Sidamo lark	Heteromirafra sidamoensis	1365149	species
1365617		Lullula arborea pallida	215315	subspecies
1365619		Melanocorypha calandra calandra	589660	subspecies
1365620		Mirafra africana harterti	669912	subspecies
1365623		Mirafra angolensis antonii	1365169	subspecies
1365624		Mirafra apiata apiata	1365170	subspecies
1365625		Mirafra cantillans cantillans	1365171	subspecies
1365626		Mirafra cantillans marginata	1365171	subspecies
1365627		Mirafra cantillans simplex	1365171	subspecies
1365629		Mirafra erythroptera sindiana	1365177	subspecies
1365630		Mirafra fasciolata fasciolata	1365178	subspecies
1365632		Mirafra hypermetra hypermetra	1365182	subspecies
1365633		Mirafra javanica athertonensis	215312	subspecies
1365634		Mirafra javanica forresti	215312	subspecies
1365635		Mirafra javanica horsfieldii	215312	subspecies
1365637		Mirafra javanica javanica	215312	subspecies
1365638		Mirafra javanica woodwardi	215312	subspecies
1365639		Mirafra rufocinnamomea torrida	1365194	subspecies
1365640		Pinarocorys nigricans nigricans	1365198	subspecies
1365641		Pinarocorys nigricans occidentis	1365198	subspecies
1365642		Pseudalaemon fremantlii delamerei	1365204	subspecies
1365643		Spizocorys conirostris conirostris	215317	subspecies
1365645		Spizocorys personata intensa	1365202	subspecies
1367499	Guianan toucanet	Selenidera piperivora	91782	species
1367502	tawny-tufted toucanet	Selenidera nattereri	91782	species
1367507		Andigena hypoglauca hypoglauca	91761	subspecies
1367508		Andigena hypoglauca lateralis	91761	subspecies
1367509		Andigena nigrirostris spilorhynchus	1032512	subspecies
1367510		Selenidera reinwardtii reinwardtii	240743	subspecies
1380739		unclassified Stercorarius	54057	no rank
1381564	Northern hawk-cuckoo	Hierococcyx hyperythrus	1118539	species
1381581	Latham's snipe	Gallinago hardwickii	107376	species
1381582	Amami woodcock	Scolopax mira	56298	species
1381583	Matsudaira's storm-petrel	Oceanodroma matsudairae	52123	species
1383879		Clamator coromandus	78202	species
1385491		Tringa solitaria solitaria	279954	subspecies
1385492		Tringa solitaria cinnamomea	279954	subspecies
1387080		Anas georgica georgica	75847	subspecies
1389676	rufous-collared monarch	Arses insularis	338443	species
1389677	pied monarch	Arses kaupi	338443	species
1389678	frill-necked monarch	Arses lorealis	338443	species
1389680		Arses telescopthalmus lauterbachi	338444	subspecies
1389681		Arses telescopthalmus aruensis	338444	subspecies
1389682		Arses telescopthalmus batantae	338444	subspecies
1389683		Arses telescopthalmus harterti	338444	subspecies
1389684		Arses telescopthalmus telescopthalmus	338444	subspecies
1389704	torrent-lark	Grallina bruijnii	254540	species
1389705	white-collared monarch	Symposiachrus vidua	1576457	species
1389712	Samoan flycatcher	Myiagra albiventris	107223	species
1389714		Myiagra alecto alecto	338447	subspecies
1389715		Myiagra alecto chalybeocephala	338447	subspecies
1389716		Myiagra alecto wardelli	338447	subspecies
1389784	Biak flycatcher	Myiagra atra	107223	species
1389785	blue-crested flycatcher	Myiagra azureocapilla	107223	species
1389786		Myiagra azureocapilla azureocapilla	1389785	subspecies
1389787		Myiagra caledonica marinae	107224	subspecies
1389788		Myiagra caledonica occidentalis	107224	subspecies
1389790	ochre-headed flycatcher	Myiagra cervinicauda	107223	species
1389791	mangrove flycatcher	Myiagra erythrops	107223	species
1389798		Myiagra ferrocyanea cinerea	381030	subspecies
1389799	Guam flycatcher	Myiagra freycineti	107223	species
1389924	dark-grey flycatcher	Myiagra galeata	107223	species
1389925		Myiagra galeata galeata	1389924	subspecies
1389926		Myiagra galeata goramensis	1389924	subspecies
1389927		Myiagra hebetior eichhorni	381031	subspecies
1389928	paperbark flycatcher	Myiagra nana	107223	species
1389929	Pohnpei flycatcher	Myiagra pluto	107223	species
1389930		Myiagra rubecula concinna	381033	subspecies
1389931	Tanimbar flycatcher	Myiagra fulviventris	107223	species
1389933		Myiagra ruficollis mimikae	1329780	subspecies
1389934		Myiagra ruficollis ruficollis	1329780	subspecies
1389936	Vanikoro flycatcher	Myiagra vanikorensis	107223	species
1389937		Myiagra vanikorensis rufiventris	1389936	subspecies
1389938		Myiagra vanikorensis townsendi	1389936	subspecies
1389957	Chatham Islands gerygone	Gerygone albofrontata	117202	species
1390186		Troglodytes troglodytes fridariensis	36278	subspecies
1390187		Troglodytes troglodytes hebridensis	36278	subspecies
1390188		Troglodytes troglodytes islandicus	36278	subspecies
1390189		Troglodytes troglodytes borealis	36278	subspecies
1390190		Troglodytes troglodytes hirtensis	36278	subspecies
1390191		Troglodytes troglodytes zetlandicus	36278	subspecies
1390223	Taiwan rosefinch	Carpodacus formosanus	30426	species
1390557	Seychelles blue-pigeon	Alectroenas pulcherrima	187103	species
1390558		Ducula aenea paulina	187114	subspecies
1390559		Ptilinopus aurantiifrons	115696	species
1390560		Ptilinopus bernsteinii	115696	species
1390561		Ptilinopus coronulatus	115696	species
1390562		Ptilinopus coronulatus coronulatus	1390561	subspecies
1390566		Ptilinopus chalcurus	115696	species
1390567		Ptilinopus cinctus	115696	species
1390568		Ptilinopus coralensis	115696	species
1390569		Ptilinopus eugeniae	115696	species
1390570		Ptilinopus greyii	115696	species
1390571		Ptilinopus huttoni	115696	species
1390572	grey-headed fruit-dove	Ptilinopus hyogastrus	115696	species
1390573	Henderson Island fruit-dove	Ptilinopus insularis	115696	species
1390574	orange-bellied fruit-dove	Ptilinopus iozonus	115696	species
1390575	Jambu fruit-dove	Ptilinopus jambu	115696	species
1390576	whistling dove	Ptilinopus layardi	115696	species
1390577	flame-breasted fruit-dove	Ptilinopus marchei	115696	species
1390579	red-moustached fruit-dove	Ptilinopus mercierii	115696	species
1390580		Ptilinopus mercierii tristrami	1390579	subspecies
1390993	cream-bellied fruit-dove	Ptilinopus merrilli	115696	species
1390994	blue-capped fruit-dove	Ptilinopus monacha	115696	species
1390995	dwarf fruit-dove	Ptilinopus nainus	115696	species
1390996	ornate fruit-dove	Ptilinopus ornatus	115696	species
1390997	Palau fruit-dove	Ptilinopus pelewensis	115696	species
1390998	pink-spotted fruit-dove	Ptilinopus perlatus	115696	species
1390999	many-colored fruit-dove	Ptilinopus perousii	115696	species
1391000	crimson-crowned fruit-dove	Ptilinopus porphyraceus	115696	species
1391001	pink-headed fruit-dove	Ptilinopus porphyreus	115696	species
1391002		Ptilinopus purpuratus purpuratus	1330466	subspecies
1391003		Ptilinopus purpuratus frater	1330466	subspecies
1391004		Ptilinopus purpuratus chrysogaster	1330466	subspecies
1391005		Ptilinopus rarotongensis goodwini	262118	subspecies
1391006		Ptilinopus rarotongensis rarotongensis	262118	subspecies
1391007	Mariana fruit-dove	Ptilinopus roseicapilla	115696	species
1391008	Tanna fruit-dove	Ptilinopus tannensis	115696	species
1391012	clared-breasted fruit-dove	Ptilinopus viridis	115696	species
1391013		Ptilinopus wallacii	115696	species
1391014	white-capped fruit-dove	Ptilinopus dupetithouarsii	115696	species
1391015		Ptilinopus dupetithouarsii dupetithouarsii	1391014	subspecies
1391016		Ptilinopus dupetithouarsii viridior	1391014	subspecies
1392764	Pacific wren	Troglodytes pacificus	36277	species
1397847	Rondonia warbling-antbird	Hypocnemis ochrogyna	88174	species
1397848	Manicore warbling-antbird	Hypocnemis rondoni	88174	species
1397849	Roosevelt antwren	Epinecrophylla dentei	468482	species
1398141		Herpsilochmus stotzi	88172	species
1398142		Herpsilochmus pileatus	88172	species
1398143		Herpsilochmus praedictus	88172	species
1398406	pale-naped brush-finch	Atlapetes pallidinucha	65358	species
1398777	Thick-billed grasswren	Amytornis modestus	266390	species
1398909		Amytornis modestus modestus	1398777	subspecies
1398910		Amytornis modestus indulkanna	1398777	subspecies
1398911		Amytornis modestus obscurior	1398777	subspecies
1398912		Amytornis modestus curnamona	1398777	subspecies
1398913		Amytornis modestus raglessi	1398777	subspecies
1398914		Amytornis textilis macrourus	722647	subspecies
1398915		Amytornis textilis giganturus	722647	subspecies
1398916		Amytornis textilis carteri	722647	subspecies
1399428		Oenanthe lugens warriae	391706	subspecies
1399429		Oenanthe lugubris vauriei	391708	subspecies
1399430		Oenanthe lugubris lugubris	391708	subspecies
1399431		Oenanthe lugentoides boscaweni	391707	subspecies
1399432		Oenanthe lugentoides lugentoides	391707	subspecies
1399855		Tyto alba ernesti	56313	subspecies
1399951		Amytornis modestus population eyre	1398777	subspecies
1400708	Pink-rumped rosefinch	Carpodacus eos	30426	species
1400709	Himalayan rosefinch	Carpodacus grandis	30426	species
1400945	Guerrero brush-finch	Arremon kuehnerii	241749	species
1402877	cinnamon reed-warbler	Acrocephalus cinnamomeus	39620	species
1402878		Acrocephalus baeticatus guiersi	68472	subspecies
1402881	Sulawesi mountain-thrush	Zoothera heinrichi	36287	species
1402882	plain-backed thrush	Zoothera mollissima	36287	species
1402986		Emberiza capensis media	504294	subspecies
1402987	Gosling's bunting	Emberiza goslingi	30424	species
1402988		Emberiza tahapisi arabica	504327	subspecies
1402989		Emberiza tahapisi septemstriata	504327	subspecies
1402990		Emberiza capensis smithersii	504294	subspecies
1402993	house bunting	Emberiza sahari	30424	species
1405424		Ploceus philippinus travancoreensis	414895	subspecies
1405427		Pycnonotus cafer cafer	1003839	subspecies
1405428		Amaurornis phoenicurus phoenicurus	261959	subspecies
1405429		Gymnoris	9158	genus
1405430	chestnut-shouldered Petronia	Gymnoris xanthocollis	1405429	species
1405431		Gymnoris xanthocollis xanthocollis	1405430	subspecies
1406345		Pomatorhinus ruficollis eidos	932028	subspecies
1410041		Arremon brunneinucha suttoni	65378	subspecies
1411096		Polioptila paraensis	66705	species
1411097	slate-throated gnatcatcher	Polioptila schistaceigula	66705	species
1414733		Pycnonotus sinensis hainanus	125283	subspecies
1414734		Pycnonotus sinensis formosae	125283	subspecies
1414735		Pycnonotus sinensis orii	125283	subspecies
1415635	Chatham duck	Anas chathamica	8835	species
1419345	Southern rockhopper penguin	Eudyptes filholi	9235	species
1424349	Jalisco hermit	Phaethornis griseoventer	46512	species
1424469	red-breasted plover	Charadrius obscurus	50391	species
1424485		Charadrius obscurus obscurus	1424469	subspecies
1424499		Charadrius obscurus aquilonius	1424469	subspecies
1424617	Sulawesi owl	Tyto rosenbergii	56312	species
1424619	Bismarck masked-owl	Tyto aurantia	56312	species
1424620	lesser masked-owl	Tyto sororcula	56312	species
1424622		Tyto sororcula cayelii	1424620	subspecies
1424623		Tyto sororcula sororcula	1424620	subspecies
1424624	Seram masked-owl	Tyto almae	56312	species
1424626		Tyto novaehollandiae calabyi	507994	subspecies
1424627	Minahassa masked-owl	Tyto inexspectata	56312	species
1424628	Manus masked-owl	Tyto manusi	56312	species
1426918	black-faced brush-finch	Atlapetes melanolaemus	65358	species
1426919	Versicolored barbet	Eubucco versicolor	91766	species
1426920	red-and-white antpitta	Grallaria erythroleuca	117144	species
1426922	rusty-breasted antpitta	Grallaricula ferrugineipectus	117175	species
1426925	golden-crowned flycatcher	Myiodynastes chrysocephalus	371927	species
1429435		Gallirallus australis hectori	9125	subspecies
1432042		Eremophila alpestris strigata	135430	subspecies
1433135	Forbes's blackbird	Curaeus forbesi	84794	species
1433145	Cambodian tailorbird	Orthotomus chaktomuk	546339	species
1434079		Psarocolius cassini	84844	species
1434081		Psarocolius guatimozinus	84844	species
1434082		Cacicus koepckeae	84787	species
1434083	Cuban blackbird	Ptiloxena atroviolacea	2823194	species
1434084	pampas meadowlark	Sturnella defilippii	56328	species
1434641	olive manakin	Xenopipo uniformis	114389	species
1434996		Luscinia svecica cyanecula	52792	subspecies
1434997		Luscinia svecica svecica	52792	subspecies
1434998		Luscinia svecica namnetum	52792	subspecies
1434999		Luscinia svecica volgae	52792	subspecies
1435000		Luscinia svecica azuricollis	52792	subspecies
1435427	rufous-tailed waterhen	Amaurornis moluccana	72016	species
1436291	Inambari gnatcatcher	Polioptila attenboroughi	66705	species
1439372		Glycifohia	9146	genus
1439373	barred honeyeater	Glycifohia undulata	1439372	species
1439374		Guadalcanaria	9146	genus
1439380	giant honeyeater	Gymnomyza viridis	572100	species
1439381	dark-brown honeyeater	Lichmera incana	266361	species
1439383		Meliarchus	9146	genus
1439384	San Cristobal honeyeater	Meliarchus sclateri	1439383	species
1439385	orange-breasted honeyeater	Myzomela jugularis	108837	species
1439389	New Hebrides honeyeater	Glycifohia notabilis	1439372	species
1439390		Stresemannia	9146	genus
1439391	Bougainville honeyeater	Stresemannia bougainvillei	1439390	species
1439392	spotted honeyeater	Xanthotis polygrammus	266388	species
1439393	Kadavu honeyeater	Xanthotis provocator	266388	species
1439425		Vosea whitemanensis	2823211	species
1439499	New Britain friarbird	Philemon cockerelli	108843	species
1447948		Pachycephala fulvotincta	46903	species
1447950		Pachycephala mentalis	46903	species
1447973		Pachycephala caledonica caledonica	449373	subspecies
1447974		Pachycephala caledonica chlorura	449373	subspecies
1447975		Pachycephala caledonica cucullata	449373	subspecies
1447977		Pachycephala caledonica littayei	449373	subspecies
1447978		Pachycephala caledonica vanikorensis	449373	subspecies
1447979		Pachycephala citreogaster collaris	521068	subspecies
1447980		Pachycephala citreogaster goodsoni	521068	subspecies
1447981		Pachycephala citreogaster ottomeyeri	521068	subspecies
1447982		Pachycephala citreogaster rosseliana	521068	subspecies
1447983		Pachycephala citreogaster tabarensis	521068	subspecies
1447984		Pachycephala fulvotincta everetti	1447948	subspecies
1447985		Pachycephala fulvotincta fulviventris	1447948	subspecies
1447986		Pachycephala fulvotincta fulvotincta	1447948	subspecies
1447987		Pachycephala fulvotincta javana	1447948	subspecies
1447988		Pachycephala fulvotincta teysmanni	1447948	subspecies
1447989		Pachycephala implicata implicata	449377	subspecies
1447990		Pachycephala richardsi	46903	species
1447991		Pachycephala macrorhyncha buruensis	521089	subspecies
1447992		Pachycephala macrorhyncha calliope	521089	subspecies
1447993		Pachycephala macrorhyncha clio	521089	subspecies
1447994		Pachycephala macrorhyncha compar	521089	subspecies
1447995		Pachycephala macrorhyncha dammeriana	521089	subspecies
1447996		Pachycephala macrorhyncha macrorhyncha	521089	subspecies
1447997		Pachycephala macrorhyncha par	521089	subspecies
1447998		Pachycephala macrorhyncha pelengensis	521089	subspecies
1447999		Pachycephala macrorhyncha sharpei	521089	subspecies
1448000		Pachycephala melanura spinicaudus	381036	subspecies
1448001		Pachycephala mentalis mentalis	1447950	subspecies
1448002		Pachycephala mentalis obiensis	1447950	subspecies
1448003		Pachycephala mentalis tidorensis	1447950	subspecies
1448004		Pachycephala orioloides bougainvillei	521084	subspecies
1448005		Pachycephala orioloides pavuvu	521084	subspecies
1448006		Pachycephala pectoralis balim	46904	subspecies
1448007		Pachycephala pectoralis contempta	46904	subspecies
1448008		Pachycephala pectoralis glaucura	46904	subspecies
1448009		Pachycephala pectoralis pectoralis	46904	subspecies
1448010		Pachycephala pectoralis xanthoprocta	46904	subspecies
1448011	Fiji whistler	Pachycephala graeffii	46903	species
1448012		Pachycephala graeffii ambigua	1448011	subspecies
1448013		Pachycephala graeffii graeffii	1448011	subspecies
1448014		Pachycephala vitiensis kandavensis	679514	subspecies
1448015		Pachycephala graeffii torquata	1448011	subspecies
1449744	Karoo bustard	Eupodotis vigorsii	89384	species
1450144		Cygnus columbianus jankowskii	110926	subspecies
1453604	St. Helena petrel	Pterodroma rupinarum	37063	species
1453815	chirruping wedgebill	Psophodes cristatus	461241	species
1453816	chiming wedgebill	Psophodes occidentalis	461241	species
1453817	Western whipbird	Psophodes nigrogularis	461241	species
1454375		Accipiter trivirgatus extimus	210844	subspecies
1454379		Accipiter trivirgatus palawanus	210844	subspecies
1454380		Accipiter virgatus confusus	387810	subspecies
1454381		Accipiter virgatus quagga	387810	subspecies
1454385		Anthreptes griseigularis	208074	species
1454386		Anthreptes griseigularis birgitae	1454385	subspecies
1454387		Anthreptes malacensis paraguae	233787	subspecies
1454388		Buceros hydrocorax mindanensis	1118517	subspecies
1454389		Buceros hydrocorax semigaleatus	1118517	subspecies
1454390		Chrysocolaptes lucidus montanus	315365	subspecies
1454392	Philippine magpie-robin	Copsychus mindanensis	125862	species
1454404		Copsychus mindanensis mindanensis	1454392	subspecies
1454405		Copsychus mindanensis deuteronymus	1454392	subspecies
1454406		Coracina striata difficilis	424851	subspecies
1454407		Coracina striata striata	424851	subspecies
1454409		Corvus violaceus sierramadrensis	1196319	subspecies
1454410		Cyornis rufigastra philippensis	512572	subspecies
1454411		Cyornis rufigastra simplex	512572	subspecies
1454519		Dicaeum hypoleucum cagayanense	632596	subspecies
1454520		Dicaeum hypoleucum pontifex	632596	subspecies
1454521		Dicaeum trigonostigma cinereigulare	135427	subspecies
1454522		Dicaeum trigonostigma dorsale	135427	subspecies
1454523		Dicaeum trigonostigma xanthopygium	135427	subspecies
1454559		Dicrurus balicassius abraensis	181098	subspecies
1454560		Dicrurus balicassius balicassius	181098	subspecies
1454561		Dicrurus hottentottus striatus	254530	subspecies
1454562		Dicrurus hottentottus palawanensis	254530	subspecies
1454563		Dicrurus hottentottus samarensis	254530	subspecies
1454564		Eumyias panayensis nigrimentalis	573048	subspecies
1454565		Eumyias panayensis nigriloris	573048	subspecies
1454566		Ficedula hyperythra nigrorum	393709	subspecies
1454567		Ficedula hyperythra montigena	393709	subspecies
1454568		Ficedula hyperythra dulangana	393709	subspecies
1454569		Gerygone sulphurea rhizophorae	1158114	subspecies
1454570		Gerygone sulphurea simplex	1158114	subspecies
1454571		Halcyon coromanda linae	433634	subspecies
1454573		Halcyon coromanda major	433634	subspecies
1454574		Harpactes ardens ardens	59408	subspecies
1454575		Harpactes ardens herberti	59408	subspecies
1454580		Lonchura leucogastra everetti	414888	subspecies
1454581		Lonchura leucogastra manueli	414888	subspecies
1454582		Lonchura leucogastra palawana	414888	subspecies
1454648		Cinnyris jugularis jugularis	233794	subspecies
1454649		Cinnyris jugularis obscurior	233794	subspecies
1454667		Cinnyris jugularis aurora	233794	subspecies
1454668		Ninox philippensis philippensis	56289	subspecies
1454669		Ninox philippensis centralis	56289	subspecies
1454670	Mindanao hawk-owl	Ninox spilocephala	56288	species
1454909		Orthotomus castaneiceps rabori	1200312	subspecies
1454911		Pachycephala albiventris albiventris	449360	subspecies
1454912		Pachycephala albiventris crissalis	449360	subspecies
1454913		Pachycephala philippinensis apoensis	449367	subspecies
1454914		Pachycephala philippinensis philippinensis	449367	subspecies
1454915		Pardaliparus elegans gilliardi	156573	subspecies
1454916		Pardaliparus elegans elegans	156573	subspecies
1454917		Pardaliparus elegans montigenus	156573	subspecies
1454919		Pardaliparus elegans albescens	156573	subspecies
1454920		Dasylophus	8941	genus
1454921		Dasylophus superciliosus superciliosus	78198	subspecies
1454922		Dasylophus superciliosus cagayanensis	78198	subspecies
1454923		Phapitreron leucotis leucotis	135632	subspecies
1454924		Phylloscopus cebuensis cebuensis	163865	subspecies
1454925		Phylloscopus cebuensis luzonensis	163865	subspecies
1454932		Phylloscopus nigrorum mindanensis	287168	subspecies
1454933		Pitta sordida palawanensis	9163	subspecies
1454934		Pitta sordida sordida	9163	subspecies
1454935		Prionochilus olivaceus samarensis	667170	subspecies
1454936		Prionochilus olivaceus olivaceus	667170	subspecies
1454937		Prionochilus olivaceus parsoni	667170	subspecies
1454938		Pycnonotus goiavier suluensis	632603	subspecies
1454939		Pycnonotus goiavier goiavier	632603	subspecies
1454940		Pycnonotus urostictus ilokensis	289199	subspecies
1454947	Visayan fantail	Rhipidura albiventris	107227	species
1455060		Rhipidura cyaniceps cyaniceps	107232	subspecies
1455063		Rhipidura superciliaris apo	667193	subspecies
1455064	Visayan blue-fantail	Rhipidura samarensis	107227	species
1455065		Sarcops calvus calvus	245067	subspecies
1455066		Sarcops calvus melanonotus	245067	subspecies
1455067	sulphur-billed nuthatch	Sitta oenochlamys	50248	species
1455068		Sitta oenochlamys mesoleuca	1455067	subspecies
1455069		Sitta oenochlamys isarog	1455067	subspecies
1455070		Sitta oenochlamys apo	1455067	subspecies
1455071		Zosterops montanus pectoralis	135984	subspecies
1455073		Zosterops montanus vulcani	135984	subspecies
1457241		Microhierax erythrogenys erythrogenys	56341	subspecies
1457242		Microhierax erythrogenys meridionalis	56341	subspecies
1457243		Eumyias panayensis panayensis	573048	subspecies
1457245		Phapitreron leucotis nigrorum	135632	subspecies
1457246		Phapitreron leucotis brevirostris	135632	subspecies
1457350		Jacana spinosa x Jacana jacana	54507	species
1457352		Jacana Jacana sp. MJM-2014	54507	species
1457642		Pterodroma sp. SB-2014	2642237	species
1458042	black honey-buzzard	Henicopernis infuscatus	258816	species
1458043		Erythrotriorchis	8955	genus
1458044	chestnut-shouldered goshawk	Erythrotriorchis buergersi	1458043	species
1458045	red goshawk	Erythrotriorchis radiatus	1458043	species
1458046		Megatriorchis	8955	genus
1458047	Doria's goshawk	Megatriorchis doriae	1458046	species
1458102	Brown scrub-robin	Cercotrichas signata	228304	species
1461128		Aegithalos glaucogularis vinaceus	762568	subspecies
1461339	pale-headed brush-finch	Atlapetes pallidiceps	65358	species
1461811	Coiba spinetail	Cranioleuca dissita	85406	species
1461814		Phacellodomus sp. EPD-2014a	2641269	species
1463608	paddyfield pipit	Anthus rufulus	36257	species
1463609		Anthus rufulus lugubris	1463608	subspecies
1463610	rosy pipit	Anthus roseatus	36257	species
1463611	upland pipit	Anthus sylvanus	36257	species
1463614	Hodgson's frogmouth	Batrachostomus hodgsoni	48281	species
1463615	Ceylon frogmouth	Batrachostomus moniliger	48281	species
1463616	rusty-bellied shortwing	Brachypteryx hyperythra	757450	species
1463617	banded bay cuckoo	Cacomantis sonneratii	55664	species
1463618	grey nightjar	Caprimulgus jotaka	48284	species
1463674	Spotted great rosefinch	Carpodacus severtzovi	30426	species
1463675	lesser coucal	Centropus bengalensis	57401	species
1463732		Chaetornis	2116660	genus
1463733	bristled grassbird	Chaetornis striata	1463732	species
1463787	Asian emerald cuckoo	Chrysococcyx maculatus	55666	species
1463789	violet cuckoo	Chrysococcyx xanthorhynchus	55666	species
1463793	speckled wood-pigeon	Columba hodgsonii	8931	species
1463807	snow pigeon	Columba leuconota	8931	species
1463808	Indian cuckoo	Cuculus micropterus	33592	species
1463941	large blue-flycatcher	Cyornis magnirostris	127912	species
1463942	Tickell's blue-flycatcher	Cyornis tickelliae	127912	species
1463946	Darjeeling woodpecker	Dendrocopos darjellensis	51357	species
1463947	Himalayan woodpecker	Dendrocopos himalayensis	51357	species
1463949	pale-billed flowerpecker	Dicaeum erythrorhynchos	135426	species
1463950	plain flowerpecker	Dicaeum minullum	135426	species
1463951	rufous-vented laughingthrush	Garrulax gularis	98126	species
1463952	rufous-necked laughingthrush	Garrulax ruficollis	98126	species
1463953	mountain imperial-pigeon	Ducula badia	115625	species
1463973	spotted wren-babbler	Elachura formosa	2821313	species
1463976		Fulvetta ludlowi	2029310	species
1463977	collared owlet	Glaucidium brodiei	78216	species
1463978		Glaucidium radiatum	78216	species
1463980		Grandala	36291	genus
1463981		Grandala coelicolor	1463980	species
1463982	Gould's shortwing	Heteroxenicus stellatus	2821664	species
1463996	Hodgson's hawk-cuckoo	Hierococcyx nisicolor	1118539	species
1463998	common hawk-cuckoo	Hierococcyx varius	1118539	species
1464001		Ianthocincla rufogularis	2698657	species
1464012		Ketupa flavipes	126811	species
1464013		Liocichla bugunorum	201337	species
1464014		Macropygia unchall	115674	species
1464015		Megalaima zeylanica	91772	species
1464026		Muscicapa ruficauda	69507	species
1464027		Mycerobas icterioides	175944	species
1464028		Mycerobas melanozanthos	175944	species
1464034		Gymnoris superciliaris	1405429	species
1464035		Phaenicophaeus viridirostris	33594	species
1464036		Phylloscopus subviridis	9181	species
1464037		Picus squamatus	100824	species
1464039		Prinia buchanani	81891	species
1464040		Prinia cinereocapilla	81891	species
1464041		Prinia hodgsonii	81891	species
1464042		Prinia inornata	81891	species
1464043		Prinia rufescens	81891	species
1464044		Prinia socialis	81891	species
1464045		Prinia sylvatica	81891	species
1464046		Pycnonotus striatus	125282	species
1464047		Riparia chinensis	72879	species
1464049		Sitta cashmirensis	50248	species
1464050		Sitta cinnamoventris	50248	species
1464051		Sitta formosa	50248	species
1464052		Sitta leucopsis	50248	species
1464053		Spelaeornis caudatus	202234	species
1464054		Treron apicauda	115701	species
1464055		Treron bicinctus	115701	species
1464057		Treron curvirostra	115701	species
1464058		Treron phayrei	115701	species
1464059		Treron phoenicopterus	115701	species
1464060		Treron sphenurus	115701	species
1464062	Bhutan laughingthrush	Trochalopteron imbricatum	1673679	species
1464063	common babbler	Argya caudata	2183803	species
1464064	striated babbler	Argya earlei	2183803	species
1464065	slender-billed babbler	Turdoides longirostris	147061	species
1464066	spiny babbler	Turdoides nipalensis	147061	species
1464067	Jungle babbler	Turdoides striata	147061	species
1464145		Sittiparus varius amamii	1118842	subspecies
1464146		Sittiparus varius namiyei	1118842	subspecies
1464148		Sittiparus olivaceus	1356396	species
1464150		Sittiparus owstoni	1356396	species
1464153		Sittiparus varius sunsunpi	1118842	subspecies
1464155		Sittiparus varius orii	1118842	subspecies
1464157		Sittiparus varius yakushimensis	1118842	subspecies
1465722	Campina jay	Cyanocorax hafferi	54578	species
1471025	Grey gull	Leucophaeus modestus	328018	species
1471290	Key West quail-dove	Geotrygon chrysia	115649	species
1471557		Leptotrygon	8930	genus
1471558		Zentrygon	8930	genus
1471604		Alcedo atthis ispida	36245	subspecies
1471605		Mareca strepera strepera	75861	subspecies
1471606		Anthus trivialis trivialis	45804	subspecies
1471619		Ardea cinerea cinerea	30390	subspecies
1471620		Asio flammeus flammeus	56267	subspecies
1471629		Bombycilla garrulus garrulus	125297	subspecies
1471632		Calidris alpina alpina	8919	subspecies
1471633		Linaria cannabina cannabina	160757	subspecies
1471635		Chloris chloris chloris	37601	subspecies
1471636		Circus aeruginosus aeruginosus	8964	subspecies
1471757		Dryocopus martius martius	187859	subspecies
1471758		Erithacus rubecula rubecula	37610	subspecies
1471783		Fratercula arctica grabae	28701	subspecies
1471794		Fringilla coelebs coelebs	37598	subspecies
1471796		Fulmarus glacialis auduboni	30455	subspecies
1471797		Fulmarus glacialis glacialis	30455	subspecies
1471798		Jynx torquilla torquilla	189526	subspecies
1471801		Larus glaucoides glaucoides	118194	subspecies
1471802		Limosa lapponica taymyrensis	161683	subspecies
1471804		Limosa lapponica lapponica	161683	subspecies
1471806		Luscinia megarhynchos megarhynchos	383689	subspecies
1471807	pied wagtail	Motacilla yarrellii	45806	species
1471808		Muscicapa striata striata	1293958	subspecies
1471809		Numenius arquata arquata	31919	subspecies
1471810		Oenanthe oenanthe leucorhoa	279966	subspecies
1471811		Lophophanes cristatus mitratus	156565	subspecies
1471834		Passer montanus montanus	9160	subspecies
1471835		Phalacrocorax aristotelis aristotelis	126867	subspecies
1471849		Phoenicurus phoenicurus phoenicurus	121423	subspecies
1471850		Plectrophenax nivalis insulae	161627	subspecies
1471851		Pluvialis squatarola squatarola	171273	subspecies
1471852		Rallus aquaticus aquaticus	54496	subspecies
1471853		Riparia riparia riparia	88110	subspecies
1471879		Sternula albifrons albifrons	507597	subspecies
1471880		Sterna hirundo hirundo	108405	subspecies
1471881		Streptopelia decaocto decaocto	177147	subspecies
1471882		Streptopelia turtur turtur	177155	subspecies
1471886		Sylvia borin borin	73324	subspecies
1471900		Sylvia communis communis	216193	subspecies
1471993		Sylvia nisoria nisoria	216220	subspecies
1471994		Tringa totanus totanus	171271	subspecies
1471995		Uria aalge albionis	13746	subspecies
1477527	Small snowfinch	Pyrgilauda davidiana	667179	species
1478635	bananal antbird	Cercomacra ferdinandi	183184	species
1480061	tawny-breasted wren-babbler	Spelaeornis longicaudatus	202234	species
1481669	Eastern great egret	Ardea modesta	30389	species
1482671		Cercococcyx montanus montanus	78201	subspecies
1482672		Cercococcyx montanus patulus	78201	subspecies
1482673	dusky long-tailed cuckoo	Cercococcyx mechowi	78200	species
1482674	olive long-tailed cuckoo	Cercococcyx olivinus	78200	species
1485173	maroon-chested ground-dove	Claravis mondetoura	115589	species
1489097	Rondnia woodcreeper	Lepidocolaptes fuscicapillus	75970	species
1489098	Layard's woodcreeper	Lepidocolaptes layardi	75970	species
1489099	Duida woodcreeper	Lepidocolaptes duidae	75970	species
1489103	African blue tit	Cyanistes ultramarinus	156562	species
1489104		Cyanistes ultramarinus cyrenaicae	1489103	subspecies
1492820	malachite sunbird	Nectarinia famosa	145371	species
1492847	Newton's sunbird	Anabathmis newtonii	1118505	species
1492856		Anthobaphes	135425	genus
1492857	orange-breasted sunbird	Anthobaphes violacea	1492856	species
1492886	amethyst sunbird	Chalcomitra amethystina	570429	species
1492888	orange-tufted sunbird	Cinnyris bouvieri	570433	species
1492890	forest double-collared sunbird	Cinnyris fuelleborni	570433	species
1492911	Montane double-collared sunbird	Cinnyris ludovicensis	570433	species
1492913		Cinnyris whytei	570433	species
1492914	Cameroon sunbird	Cyanomitra oritis	530139	species
1494213		Augastes	9242	genus
1494214	hooded visorbearer	Augastes lumachella	1494213	species
1494216	hyacinth visorbearer	Augastes scutatus	1494213	species
1496111	mountain swiftlet	Aerodramus hirundinaceus	46474	species
1496258	Black-capped kingfisher	Halcyon pileata	170865	species
1497527	Socotra bunting	Emberiza socotrana	30424	species
1497555	helmeted honeyeater	Lichenostomus cassidix	43158	species
1497556		Lichenostomus melanops melanops	722678	subspecies
1497557		Lichenostomus melanops meltoni	722678	subspecies
1497558		Lichenostomus melanops gippslandicus	722678	subspecies
1497569		Oenanthe lugens 'syenitica'	391706	subspecies
1497570		Oenanthe leucura leucura	391703	subspecies
1497572		Oenanthe leucura riggenbachi	391703	subspecies
1497573		Oenanthe picata opistholeuca	391710	subspecies
1499460	blue nuthatch	Sitta azurea	50248	species
1499461	giant nuthatch	Sitta magna	50248	species
1499462	chestnut-vented nuthatch	Sitta nagaensis	50248	species
1499469	Przewalski's nuthatch	Sitta przewalskii	50248	species
1499491	Yunnan nuthatch	Sitta yunnanensis	50248	species
1503129		Aepyornis hildebrandti	748141	species
1503223		Tinamidae sp.	1068483	species
1503224		Dinornis sp.	2677264	species
1504532		Erithacus rubecula hyrcanus	37610	subspecies
1504533		Erithacus rubecula sardus	37610	subspecies
1504534	Tenerife robin	Erithacus superbus	36283	species
1504535		Erithacus sp. GS-2014	2623472	species
1505735		Setophaga pitiayumi graysoni	125949	subspecies
1506487	green-and-black fruiteater	Pipreola riefferii	114365	species
1506488	orange-breasted fruiteater	Pipreola jucunda	114365	species
1506489	black-chester fruiteater	Pipreola lubomirskii	114365	species
1506490		Phibalura	9127	genus
1506491	swallow-tailed cotinga	Phibalura flavirostris	1506490	species
1506504		Phytotoma raimondii	137533	species
1506505	chestnut-bellied cotinga	Doliornis remseni	114296	species
1506506		Cephalopterus penduliger	114275	species
1506509	bearded bellbird	Procnias averano	114372	species
1506530		Lipaugus uropygialis	114310	species
1506531		Lipaugus lanioides	114310	species
1506532		Cotinga nattererii	114293	species
1506533	lovely cotinga	Cotinga amabilis	114293	species
1506534	turquoise cotinga	Cotinga ridgwayi	114293	species
1506536	snowy sotinga	Carpodectes nitidus	114273	species
1506537	hooded berryeater	Carpornis cucullata	649811	species
1506538	white-tailed cotinga	Xipholena lamellipennis	114391	species
1506539	yellow-billed cotinga	Carpodectes antoniae	114273	species
1506540	banded cotinga	Cotinga maculata	114293	species
1507327		Abeillia	9242	genus
1507328		Abeillia abeillei	1507327	species
1507329		Amazilia castaneiventris	57391	species
1507330		Amazilia saucerottei hoffmanni	472772	subspecies
1507339		Amazilia wagneri	57391	species
1507367		Boissonneaua jardini	1109028	species
1507368		Calliphlox evelynae	472783	species
1507370		Campylopterus duidae	304604	species
1507371		Campylopterus ensipennis	304604	species
1507372		Chlorostilbon assimilis	57407	species
1507373		Chlorostilbon ricordii	57407	species
1507374		Chlorostilbon salvini	57407	species
1507375		Chlorostilbon swainsonii	57407	species
1507376	Glittering-bellied emerald	Chlorostilbon lucidus	57407	species
1507377		Chlorostilbon lucidus pucherani	1507376	subspecies
1507378		Oreothlypis ruficapilla x Oreothlypis celata	1329383	species
1507432		Coeligena inca	56649	species
1507461		Goethalsia	9242	genus
1507462		Goethalsia bella	1507461	species
1507463		Goldmania	9242	genus
1507464		Goldmania violiceps	1507463	species
1507465		Heliomaster squamosus	135171	species
1507468		Leucippus fallax	689222	species
1507469		Leucochloris	9242	genus
1507470		Leucochloris albicollis	1507469	species
1507473		Loddigesia	9242	genus
1507474		Loddigesia mirabilis	1507473	species
1507478		Mellisuga	9242	genus
1507479		Mellisuga minima	1507478	species
1507480		Oreotrochilus stolzmanni	56662	species
1507481		Phaethornis rupurumii	46512	species
1507482		Phaethornis squalidus	46512	species
1507483		Phlogophilus harterti	304675	species
1507484		Polytmus milleri	472908	species
1507485		Selasphorus ardens	29059	species
1507505	red spurfowl	Galloperdix spadicea	466542	species
1507507		Thalurania ridgwayi	190701	species
1507508		Thalurania watertonii	190701	species
1507509		Thalurania colombica colombica	304687	subspecies
1507510		Adelomyia sp. JAMG	2637422	species
1507511		Zosterops senegalensis silvana	135989	subspecies
1507513		Zosterops senegalensis jacksoni	135989	subspecies
1507523		Zosterops pallidus pallidus	43580	subspecies
1507524		Zosterops abyssinicus jubaensis	364576	subspecies
1507540	Chinese flycatcher	Ficedula elisae	36292	species
1507552		Ficedula owstoni	36292	species
1511281	pearly-bellied seedeater	Sporophila pileata	135449	species
1514966	Sicilian rock partridge	Alectoris graeca whitakeri	40178	subspecies
1516117		Phoebastria immutabilis x Phoebastria nigripes	521259	species
1517771		Yungipicus kizuki ijimae	36303	subspecies
1517772	Sunda woodpecker	Yungipicus moluccensis	2823210	species
1517773		Picoides temminckii	36302	species
1517774		Mulleripicus fulvus	315374	species
1517775		Mulleripicus pulverulentus	315374	species
1517776		Mulleripicus pulverulentus harterti	1517775	subspecies
1517777		Reinwardtipicus validus	367970	species
1517778		Reinwardtipicus validus xanthopygius	1517777	subspecies
1517779		Chrysocolaptes lucidus guttacristatus	315365	subspecies
1517780		Chrysocolaptes haematribon	315364	species
1517781		Chrysocolaptes strictus	315365	subspecies
1517782		Chrysocolaptes xanthocephalus	315365	subspecies
1517783		Dendrocopos macei analis	367946	subspecies
1517784		Dendrocopos macei longipennis	367946	subspecies
1517785		Dryocopus confusus	51358	species
1517786		Dryocopus khamensis	51358	species
1517787		Yungipicus moluccensis moluccensis	1517772	subspecies
1517788		Chrysocolaptes lucidus chersonesus	315365	subspecies
1517789		Campethera caroli caroli	345736	subspecies
1517790		Campethera nivosa herberti	265618	subspecies
1517791		Celeus elegans citreopygius	315362	subspecies
1517792		Celeus flavus peruvianus	315363	subspecies
1517793		Celeus loricatus loricatus	381864	subspecies
1517794		Dendrocopos atratus	51357	species
1517795		Dendrocopos hyperythrus hyperythrus	381866	subspecies
1517796		Dendrocopos macei macei	367946	subspecies
1517797		Dendrocopos major stresemanni	137523	subspecies
1517798	Okinawa woodpecker	Dendrocopos noguchii	51357	species
1517799		Dinopium javanense exsul	367957	subspecies
1517800		Dryocopus hodgei	51358	species
1517801		Dryocopus javensis	51358	species
1517802		Dryocopus javensis feddeni	1517801	subspecies
1517803		Meiglyptes tristis grammithorax	367940	subspecies
1517804		Meiglyptes tukki tukki	315373	subspecies
1517805		Micropternus brachyurus badiosus	367954	subspecies
1517806		Picus erythropygius nigrigenis	535305	subspecies
1517807		Picus squamatus squamatus	1464037	subspecies
1517808		Chrysocolaptes guttacristatus	315364	species
1517828		Leiopicus	9220	genus
1517829	brown-fronted woodpecker	Leiopicus auriceps	1517828	species
1517830		Dryobates	9220	genus
1517831	crimson-breasted woodpecker	Dryobates cathpharius	1517830	species
1517832		Leiopicus mahrattensis	1517828	species
1517833	Middle spotted woodpecker	Dendrocoptes medius	2821311	species
1517834	lesser spotted woodpecker	Dryobates minor	1517830	species
1517835		Dryobates minor hortorum	1517834	subspecies
1517836		Dryobates cathpharius cathpharius	1517831	subspecies
1517837		Dendrocoptes medius medius	1517833	subspecies
1517838		Chrysophlegma	9220	genus
1517839	checker-throated woodpecker	Chrysophlegma mentale	1517838	species
1517962	purple-rumped sunbird	Leptocoma zeylonica	632600	species
1517963	little cormorant	Microcarbo niger	1517964	species
1517964		Microcarbo	9206	genus
1517985		Aepypodius bruijnii	30400	species
1517986		Megapodius bernsteinii	8978	species
1517987		Megapodius geelvinkianus	8978	species
1517988		Megapodius laperouse	8978	species
1517989		Ortalis wagleri	8983	species
1517990		Talegalla cuvieri	177179	species
1517991		Talegalla jobiensis	177179	species
1518410		Calliope calliope 1 LNS-2014	229100	no rank
1518411		Calliope calliope 2 LNS-2014	229100	no rank
1518412		Calliope calliope calliope	229100	subspecies
1518413		Calliope calliope anadyrensis	229100	subspecies
1518414		Calliope calliope camtchatkensis	229100	subspecies
1518415		Calliope calliope sachalinensis	229100	subspecies
1518416		Calliope calliope beicki	229100	subspecies
1518504		Tarsiger cyanurus cyanurus	1364862	subspecies
1518531		Phaethornis baroni	46512	species
1521545		Conopophaga castaneiceps	123373	species
1521546		Conopophaga cearae	123373	species
1521547		Melanopareia maranonica	30441	species
1522690	slender sheartail	Doricha enicura	1315739	species
1522878	New Zealand king shag	Leucocarbo carunculatus	1523025	species
1522879	Crozet shag	Leucocarbo melanogenis	1523025	species
1522881	Heard Island shag	Leucocarbo nivalis	1523025	species
1522882	Kerguelen shag	Leucocarbo verrucosus	1523025	species
1522883		Phalacrocorax carbo sinensis	9209	subspecies
1522884		Phalacrocorax carbo carbo	9209	subspecies
1522885	white-breasted cormorant	Phalacrocorax lucidus	9207	species
1522886		Anhinga anhinga leucogaster	56067	subspecies
1523025		Leucocarbo	9206	genus
1523026		Nannopterum	9206	genus
1523032		Phalacrocorax carbo novaehollandiae	9209	subspecies
1523033		Urile	9206	genus
1523039		Poikilocarbo	9206	genus
1523041	crowned cormorant	Microcarbo coronatus	1517964	species
1523049	reed cormorant	Microcarbo africanus	1517964	species
1523050		Gulosus	9206	genus
1523249		Anairetes nigrocristatus x Anairetes reguloides albiventris	74356	species
1523444		Pteruthius xanthochlorus hybrida	201363	subspecies
1523891		Haemorhous	37599	genus
1523893	Anianiau	Magumma parva	2821870	species
1523895	Hawaii creeper	Loxops mana	64803	species
1524889	spotted green pigeon	Caloenas maculata	187105	species
1525648	red-collared lorikeet	Trichoglossus rubritorquis	176048	species
1525771		Phragmaticola	330750	genus
1526411		Mareca	2068716	genus
1530397		Stymphalornis	81887	genus
1530398	long-billed antwren	Stymphalornis acutirostris	1530397	species
1530399	So Paulo antwren	Stymphalornis paludicolus	1530397	species
1536836		Atlapetes forbesi	65358	species
1536837	Black-spectacled brush-finch	Atlapetes melanopsis	65358	species
1536838		Atlapetes leucopterus	65358	species
1536841		Atlapetes leucopterus leucopterus	1536838	subspecies
1536844		Atlapetes leucopterus dresseri	1536838	subspecies
1536845		Atlapetes albiceps	65358	species
1536846		Atlapetes seebohmi	65358	species
1536855		Atlapetes leucopis	65358	species
1536891		Atlapetes nationi	65358	species
1536894		Atlapetes latinuchus spodionotus	933619	subspecies
1536895		Atlapetes latinuchus chugurensis	933619	subspecies
1537912	slaty vireo	Vireo brevipennis	28732	species
1537913	scrub geenlet	Hylophilus flavipes	158056	species
1537914	black-billed peppershrike	Cyclarhis nigrirostris	34942	species
1537916	brown-headed greenlet	Hylophilus brunneiceps	158056	species
1538076		Formicivora iheringi	88170	species
1538077	Salvadori's antwren	Myrmotherula minor	88176	species
1538078	band-tailed antwren	Myrmotherula urosticta	88176	species
1538088	Alagoas antwren	Myrmotherula snowi	88176	species
1538093	Restinga antwren	Formicivora littoralis	88170	species
1538094	Sincora antwren	Formicivora grantsaui	88170	species
1538625	Bachman's sparrow	Peucaea aestivalis	1125616	species
1540908	golden-fronted greenlet	Hylophilus aurantiifrons	158056	species
1540909	olivaceous greenlet	Hylophilus olivaceus	158056	species
1540923	rufous-naped greenlet	Hylophilus semibrunneus	158056	species
1540924	Cozumel vireo	Vireo bairdi	28732	species
1540925	Yucatan Vireo	Vireo magister	28732	species
1540926	Blue Mountain vireo	Vireo osburni	28732	species
1540927	yellow-browed shrike-vireo	Vireolanius eximius	34959	species
1540928	green shrike-vireo	Vireolanius pulchellus	34959	species
1540935		Parkesia	400782	genus
1543223	Chatham Islands parrot	Nestor chathamensis	176042	species
1543398		Pternistis atrifrons	1756210	species
1543966		Goura victoria beccarii	187124	subspecies
1543967		Goura cristata minor	115654	subspecies
1545498		Attila bolivianus	478620	species
1545683		Buteo japonicus burmanicus	224669	subspecies
1545690		Psittaculidae	9223	family
1545695		Hydropsalis sp. CN-2014a	2646529	species
1545696		Hydropsalis sp. CN-2014b	2646529	species
1546130		Collocalia esculenta nitens	46490	subspecies
1546131		Collocalia esculenta sumbawae	46490	subspecies
1546132		Collocalia esculenta natalis	46490	subspecies
1546133		Collocalia esculenta neglecta	46490	subspecies
1547490	blue-bellied roller	Coracias cyanogaster	56291	species
1547491	racket-tailed roller	Coracias spatulatus	56291	species
1548929		Alipiopsitta	9224	genus
1548930	yellow-faced parrot	Alipiopsitta xanthops	1548929	species
1548931		Alisterus amboinensis amboinensis	309870	subspecies
1548932		Alisterus amboinensis buruensis	309870	subspecies
1548933		Alisterus amboinensis hypophonius	309870	subspecies
1548934		Alisterus amboinensis dorsalis	309870	subspecies
1548935		Alisterus chloropterus moszkowskii	678558	subspecies
1548936		Amazona auropalliata caribaea	152277	subspecies
1548937		Amazona autumnalis salvini	151759	subspecies
1548938	diademed parrot	Amazona diadema	12929	species
1548939		Amazona festiva festiva	244075	subspecies
1548940		Aprosmictus jonquillaceus wetterensis	678559	subspecies
1548941		Ara militaris bolivianus	57237	subspecies
1548942		Ara militaris militaris	57237	subspecies
1548943		Thectocercus acuticaudatus haemorrhous	211510	subspecies
1548945		Eupsittula canicularis clarae	752200	subspecies
1548946		Eupsittula canicularis eburnirostrum	752200	subspecies
1548947		Eupsittula	9224	genus
1548953	Aztecparakeet	Eupsittula astec	1548947	species
1548954		Eupsittula pertinax pertinax	492513	subspecies
1548955		Barnardius zonarius zonarius	309859	subspecies
1548956		Barnardius barnardi macgillivrayi	286724	subspecies
1548957		Cacatua galerita eleonora	141274	subspecies
1548961		Cacatua sulphurea sulphurea	141271	subspecies
1548962		Chalcopsitta atra atra	274065	subspecies
1548963		Chalcopsitta atra bernsteini	274065	subspecies
1548964		Chalcopsitta atra insignis	274065	subspecies
1548965	Josephine's lorikeet	Charmosyna josefinae	176019	species
1549132		Charmosyna placentis subplacens	176053	subspecies
1549133		Charmosyna pulchella pulchella	678566	subspecies
1549134		Charmosyna pulchella rothschildi	678566	subspecies
1549135		Diopsittaca nobilis cumanensis	178888	subspecies
1549136		Eclectus roratus aruensis	176024	subspecies
1549138		Eclectus roratus cornelia	176024	subspecies
1549139		Eclectus roratus riedeli	176024	subspecies
1549140		Eclectus roratus solomonensis	176024	subspecies
1549141	austral parakeet	Enicognathus ferrugineus	345189	species
1549145		Eos bornea bornea	274060	subspecies
1549146		Eos histrio talautensis	1107398	subspecies
1549147	blue-eared lory	Eos semilarvata	176063	species
1549148		Eos squamata obiensis	274061	subspecies
1549149	purple-naped lory	Lorius domicella	13113	species
1549151		Lorius garrulus flavopalliatus	13114	subspecies
1549152		Lorius garrulus morotaianus	13114	subspecies
1549153		Lorius lory lory	274062	subspecies
1549154	brown-necked parrot	Poicephalus fuscicollis	176044	species
1549155	Rueppell's parrot	Poicephalus rueppellii	176044	species
1549156		Poicephalus senegalus versteri	176045	subspecies
1549158		Probosciger aterrimus goliath	141839	subspecies
1549159		Prosopeia tabuensis taviunensis	381279	subspecies
1549161		Psilopsiagon aurifrons robertsi	555338	subspecies
1549162		Psittacula alexandri abbotti	232635	subspecies
1549194		Psittacula eupatria eupatria	232655	subspecies
1549195		Psittaculirostris desmarestii occidentalis	274070	subspecies
1549196		Psittacus timneh	13239	species
1549197		Pyrrhura hoffmanni gaudens	311899	subspecies
1549198		Pyrrhura rupicola rupicola	311900	subspecies
1549199	yellow-and-gree lorikeet	Trichoglossus flavoviridis	176048	species
1549200		Trichoglossus flavoviridis meyeri	1549199	subspecies
1549201		Trichoglossus capistratus fortis	1549202	subspecies
1549202	marigold lorikeet	Trichoglossus capistratus	176048	species
1549203		Trichoglossus haematodus nigrogularis	176049	subspecies
1549204	rainbow lorikeet	Trichoglossus moluccanus	176048	species
1549215	scarlet-breasted lorikeet	Trichoglossus forsteni	176048	species
1549216		Trichoglossus forsteni stresemanni	1549215	subspecies
1549218		Trichoglossus forsteni mitchellii	1549215	subspecies
1549219	Flores lorikeet	Trichoglossus weberi	176048	species
1549220		Trichoglossus haematodus deplanchii	176049	subspecies
1549221		Trichoglossus haematodus caeruleiceps	176049	subspecies
1549222		Trichoglossus haematodus massena	176049	subspecies
1549675		Galloanserae	8825	superorder
1549772		Bambusicola sonorivox	9083	subspecies
1550048	black-throated tody-tyrant	Hemitriccus granadensis	265624	species
1550049	rufous-bellied bush-tyrant	Myiotheretes fuscorufus	495229	species
1553461	mangrove finch	Camarhynchus heliobates	87174	species
1560196		Geospiza septentrionalis	87173	subspecies
1560314	Newton's parakeet	Psittacula exsul	9227	species
1560315	Reunion parakeet	Psittacula eques	9227	species
1562125	pied falconet	Microhierax melanoleucos	56340	species
1562126	white-fronted falconet	Microhierax latifrons	56340	species
1562127	black-thighed falconet	Microhierax fringillarius	56340	species
1562128	South African kestrel	Falco rupicolus	8952	species
1562129	white-rumped falcon	Polihierax insignis	56338	species
1562130	dusky thrush	Turdus eunomus	9186	species
1564486	Blakiston's eagle-owl	Bubo blakistoni	30460	species
1565392	brown-cheeked laughingthrush	Trochalopteron henrici	1673679	species
1566129	harlequin antbird	Rhegmatorhina berlepschi	288079	species
1566150	chestnut-crested antbird	Rhegmatorhina cristata	288079	species
1566151	Xingu scale-backed antbird	Willisornis vidua	870536	species
1566435		Muscicapa sibirica sibirica	427695	subspecies
1566436		Muscicapa dauurica	69507	species
1566437	Sulawesi streaked flycatcher	Muscicapa sodhii	69507	species
1567146	Ridgway's rail	Rallus obsoletus	54360	species
1567147		Rallus obsoletus levipes	1567146	subspecies
1567148		Rallus obsoletus yumanensis	1567146	subspecies
1567149	clapper rail	Rallus crepitans	54360	species
1567150		Rallus longirostris phelpsi	54361	subspecies
1567154		Rallus longirostris cypereti	54361	subspecies
1567155		Rallus crepitans leucophaeus	1567149	subspecies
1567156		Rallus crepitans crepitans	1567149	subspecies
1567157		Rallus crepitans waynei	1567149	subspecies
1567158		Rallus crepitans coryi	1567149	subspecies
1567160		Rallus crepitans insularum	1567149	subspecies
1567161		Rallus crepitans scottii	1567149	subspecies
1567162		Rallus elegans ramsdeni	279959	subspecies
1567165		Rallus elegans elegans	279959	subspecies
1567166	Aztec rail	Rallus tenuirostris	54360	species
1567167		Rallus crepitans caribaeus	1567149	subspecies
1567168		Rallus crepitans saturatus	1567149	subspecies
1567170		Rallus limicola limicola	156759	subspecies
1567171		Rallus obsoletus beldingi	1567146	subspecies
1567174		Rallus obsoletus rhizophorae	1567146	subspecies
1567489	greater yellownape	Chrysophlegma flavinucha	1517838	species
1569666	slender-billed gull	Chroicocephalus genei	1129741	species
1570318	Brazilian merganser	Mergus octosetaceus	8877	species
1571456		Anthus spinoletta coutellii	45802	subspecies
1574101		Saxicola rubetra x Phoenicurus phoenicurus	2527882	species
1576359		Myiagra azureocapilla whitneyi	1389785	subspecies
1576361		Myiagra azureocapilla castaneigularis	1389785	subspecies
1576362	oceanic flycatcher	Myiagra oceanica	107223	species
1576363		Monarcha castaneiventris castaneiventris	338458	subspecies
1576364		Monarcha erythrostictus	175125	species
1576365	Ogea monarch	Mayrornis versicolor	338451	species
1576366		Mayrornis schistaceus	338451	species
1576457		Symposiachrus	461250	genus
1576458	black-chinned monarch	Symposiachrus boanensis	1576457	species
1576469		Symposiachrus barbatus barbatus	338461	subspecies
1576471		Symposiachrus barbatus malaitae	338461	subspecies
1576473	Kulambangra monarch	Symposiachrus browni	1576457	species
1576475		Symposiachrus browni browni	1576473	subspecies
1576476		Symposiachrus browni ganongae	1576473	subspecies
1576477		Symposiachrus browni meeki	1576473	subspecies
1576478		Symposiachrus browni nigrotectus	1576473	subspecies
1576481	Manus monarch	Symposiachrus infelix	1576457	species
1576482	white-tipped monarch	Symposiachrus everetti	1576457	species
1576483	black-tipped monarch	Symposiachrus loricatus	1576457	species
1576485	white-tailed monarch	Symposiachrus leucurus	1576457	species
1576510		Symposiachrus vidua squamulatus	1389705	subspecies
1576518		Carterornis	461250	genus
1576519	white-napped monarch	Carterornis pileatus	1576518	species
1576535	Kauai elepaio	Chasiempis sclateri	291284	species
1576537	black-throated shrikebill	Clytorhynchus nigrogularis	338448	species
1576538	Fiji shrikebill	Clytorhynchus vitiensis	338448	species
1577965		Chamaeza ruficauda	183182	species
1577967	pearly-breasted cuckoo	Coccyzus euleri	33602	species
1577968	rufous-backed antvireo	Dysithamnus xanthopterus	288067	species
1577976	black-backed water-tyrant	Fluvicola albiventer	196029	species
1577977	brown-breasted bamboo-tyrant	Hemitriccus obsoletus	265624	species
1577978		Jacamaralcyon	118185	genus
1577979	three-toed jacamar	Jacamaralcyon tridactyla	1577978	species
1577980	Serra do Mar tyrannulet	Phylloscartes difficilis	456418	species
1577981	South American comb duck	Sarkidiornis sylvicola	8886	species
1577982	rock tapaculo	Scytalopus petrophilus	9168	species
1577983	Rusty-barred owl	Strix hylophila	36304	species
1577984	Caatinga antshrike	Thamnophilus capistratus	81888	species
1579309		Sula leucogaster leucogaster	57661	subspecies
1579495		Arborophila gingica gingica	604435	subspecies
1579496		Arborophila gingica guangxiensis	604435	subspecies
1579497		Arborophila atrogularis	9104	species
1581554	American black scoter	Melanitta americana	198026	species
1582313		Philesturnus carunculatus x Philesturnus rufusater	2133942	species
1588756	Lord Howe Island swamphen	Porphyrio albus	54483	species
1589735		Porphyrio melanotus samoensis	72013	subspecies
1589736		Porphyrio melanotus bellus	72013	subspecies
1589737		Porphyrio porphyrio porphyrio	171406	subspecies
1589738	black-backed swamphen	Porphyrio indicus	54483	species
1589739		Porphyrio melanotus melanopterus	72013	subspecies
1589741		Porphyrio porphyrio caledonicus	171406	subspecies
1589742		Porphyrio porphyrio palliatus	171406	subspecies
1589743		Porphyrio porphyrio vitiensis	171406	subspecies
1589744		Porphyrio melanotus pelewensis	72013	subspecies
1589839		Taeniopygia guttata x Taeniopygia bichenovii	59728	species
1589840		Taeniopygia bichenovii x Taeniopygia guttata	59728	species
1590094	plain-flanked rail	Rallus wetmorei	54360	species
1590095		Rallus longirostris margaritae	54361	subspecies
1590096		Rallus longirostris dillonripleyi	54361	subspecies
1590993		Aegithalos caudatus trivirgatus	73327	subspecies
1590994		Aegithalos caudatus magnus	73327	subspecies
1590995		Alectoris barbara barbara	40177	subspecies
1591012	large-billed blue-flycatcher	Cyornis caerulatus	127912	species
1591019		Cyornis glaucicomans	127912	species
1591020	Malaysian blue-Flycatcher	Cyornis turcosus	127912	species
1591032		Alectoris chukar cypriotes	9078	subspecies
1591033		Alectoris graeca orlandoi	40178	subspecies
1591034		Amblyospiza albifrons albifrons	187415	subspecies
1591064		Aepyornis sp. Beloha-15180-16152	2630318	species
1591065		Mullerornis sp. Beloha-15181-16151	2636754	species
1591234		Myiopagis caniceps parambae	478611	subspecies
1591235		Myiopagis olallai coopmansi	502645	subspecies
1591309		Buteo platypterus insulicola	218281	subspecies
1592196		Cuculus canorus bakeri	55661	subspecies
1592197	African cuckoo	Cuculus gularis	33592	species
1592198	Madagascar cuckoo	Cuculus rochii	33592	species
1592199	Horsfield's cuckoo	Cuculus optatus	33592	species
1592216		Cettiidae	2116661	family
1592217		Horornis	2614682	genus
1592218		Horornis diphone cantans	36272	subspecies
1592574		Puffinus sp.	2638476	species
1592579		Synoicus	9072	genus
1592685	Reischek's parakeet	Cyanoramphus hochstetteri	114431	species
1592835		Dendragapus obscurus obscurus	90755	subspecies
1592836		Dendragapus obscurus richardsonii	90755	subspecies
1593444		Emberiza cioides castaneiceps	260902	subspecies
1593446		Emberiza cioides ciopsis	260902	subspecies
1593448		Emberiza schoeniclus pyrrhuloides	30425	subspecies
1593449		Emberiza schoeniclus intermedia	30425	subspecies
1596017		Euplectes afer taha	229097	subspecies
1596018		Euplectes afer afer	229097	subspecies
1596019		Euplectes afer ladoensis	229097	subspecies
1596020		Euplectes albonotatus albonotatus	441678	subspecies
1596021		Euplectes albonotatus asymmetrurus	441678	subspecies
1596022		Euplectes albonotatus eques	441678	subspecies
1597755		Euplectes ardens suahelicus	247667	subspecies
1597756		Euplectes ardens ardens	247667	subspecies
1597757		Euplectes axillaris phoeniceus	441676	subspecies
1598076		Euplectes axillaris axillaris	441676	subspecies
1598077		Euplectes capensis crassirostris	441675	subspecies
1598078		Euplectes capensis phoenicomerus	441675	subspecies
1598080		Euplectes capensis approximans	441675	subspecies
1598089		Euplectes franciscanus franciscanus	441672	subspecies
1598090		Euplectes gierowii friederichseni	441671	subspecies
1598093		Euplectes gierowii ansorgei	441671	subspecies
1598095		Euplectes hartlaubi humeralis	441679	subspecies
1598096		Euplectes hordeaceus hordeaceus	247668	subspecies
1598097		Euplectes hordeaceus craspedopterus	247668	subspecies
1598099		Euplectes orix orix	229098	subspecies
1598100		Euplectes orix nigrifrons	229098	subspecies
1598101		Euplectes progne delamerei	221973	subspecies
1598102		Euplectes progne progne	221973	subspecies
1598103		Ficedula hypoleuca iberiae	46689	subspecies
1602212		Foudia madagascariensis madagascariensis	441683	subspecies
1602261	broad-tailed grassbird	Schoenicola platyurus	315548	species
1602262	Nilgiri flycatcher	Eumyias albicaudatus	573046	species
1602263	Nilgiri pipit	Anthus nilghiriensis	36257	species
1602265		Acritillas	36294	genus
1602266	yellow-browed bulbul	Acritillas indica	1602265	species
1602285	white-bellied blue-flycatcher	Cyornis pallidipes	127912	species
1603565	lesser redpoll	Acanthis cabaret	37604	species
1603566		Acanthis flammea islandica	54769	subspecies
1603851		Anthus cinnamomeus lichenya	211418	subspecies
1603852		Anthus correndera chilensis	555219	subspecies
1603853	Alpine pipit	Anthus gutturalis	36257	species
1603854		Anthus gutturalis rhododendri	1603853	subspecies
1603855		Anthus gutturalis wollastoni	1603853	subspecies
1603856		Anthus rubescens japonicus	279928	subspecies
1603857		Dendronanthus	36256	genus
1603858	forest wagtail	Dendronanthus indicus	1603857	species
1603859		Madanga	36297	genus
1603860	rufous-throated white-eye	Madanga ruficollis	1603859	species
1603866		Motacilla aguimp vidua	180445	subspecies
1603867		Motacilla capensis wellsi	211420	subspecies
1603868		Motacilla clara torrentium	180447	subspecies
1603877		Tmetothylacus	36256	genus
1603878	golden pipit	Tmetothylacus tenellus	1603877	species
1604013		Gypaetus barbatus aureus	33610	subspecies
1604040		Icterus leucopteryx leucopteryx	84825	subspecies
1604041		Icterus mesomelas taczanowskii	84826	subspecies
1604048		Lagopus muta japonica	64668	subspecies
1604695		Lonchura striata acuticauda	40157	subspecies
1604838	rusty-tinged antpitta	Grallaria przewalskii	117144	species
1604839	Inca flycatcher	Leptopogon taczanowskii	196034	species
1604843	rufous-breasted flycatcher	Leptopogon rufipectus	196034	species
1604844		Silvicultrix	28728	genus
1604845	crowned chat-tyrant	Silvicultrix frontalis	1604844	species
1605425		Loxia curvirostra corsicana	64802	subspecies
1605426		Loxia curvirostra poliogyna	64802	subspecies
1605427		Loxia curvirostra balearica	64802	subspecies
1605428		Luscinia svecica svecicia	52792	subspecies
1606865		Otus elegans botelensis	245683	subspecies
1606866		Parus minor minor	213890	subspecies
1607688		Phylloscopidae	2116661	family
1608426		Erythrogenys	9173	genus
1608427	rusty-cheeked scimitar-babbler	Erythrogenys erythrogenys	1608426	species
1608428	Black-streaked Scimitar-babbler	Erythrogenys gravivox	1608426	species
1608567		Phylloscopus umbrovirens fugglescouchmani	298983	subspecies
1608568		Ploceus luteolus luteolus	441695	subspecies
1608570		Ploceus melanocephalus fischeri	441723	subspecies
1608571		Ploceus taeniopterus taeniopterus	441712	subspecies
1608625		Struthio camelus massaicus	8801	subspecies
1609122		Coturnix japonica x Gallus gallus	2527878	species
1610823		Leiothlypis	400782	genus
1610824	Tennessee warbler	Leiothlypis peregrina	1610823	species
1611389		Tetrastes bonasia vicinitas	1155787	subspecies
1614699	Desert tawny owl	Strix hadorami	36304	species
1616373		Quelea cardinalis cardinalis	158618	subspecies
1616660	Nilgiri wood-pigeon	Columba elphinstonii	8931	species
1616661	Wynaad laughingthrush	Garrulax delesserti	98126	species
1617406		Xiphorhynchus guttatus connectens	190283	subspecies
1617407	dusky-billed woodcreeper	Xiphorhynchus eytoni	75968	species
1617408		Xiphorhynchus eytoni gracilirostris	1617407	subspecies
1619329		Thraupinae	400783	subfamily
1619671		Puffinus bailloni bailloni	232371	subspecies
1620237		Circus aeruginosus harterti	8964	subspecies
1620238	Runion marsh-harrier	Circus maillardi	8963	species
1620239	Papuan harrier	Circus spilothorax	8963	species
1620256	Madagascar marsh-harrier	Circus macrosceles	8963	species
1620262	white-breasted hawk	Accipiter chionogaster	8956	species
1620263	white-bellied goshawk	Accipiter haplochrous	8956	species
1622087		Pachycephala vitiensis lauana	679514	subspecies
1622088		Pachycephala graeffii aurantiiventris	1448011	subspecies
1622089		Pachycephala graeffii optata	1448011	subspecies
1622090		Pachycephala melanura melanura	381036	subspecies
1622091		Pachycephala orioloides centralis	521084	subspecies
1622092		Pachycephala orioloides orioloides	521084	subspecies
1622093		Pachycephala orioloides cinnamomea	521084	subspecies
1622094		Pachycephala leucogastra meeki	449382	subspecies
1622096	Rennell whistler	Pachycephala feminina	46903	species
1622097	Melanesian whistler	Pachycephala chlorura	46903	species
1622098		Pachycephala chlorura intacta	1622097	subspecies
1622099		Pachycephala orioloides melanonota	521084	subspecies
1622137	golden-bellied grosbeak	Pheucticus chrysogaster	135443	species
1622138	black-cheeked ant-tanager	Habia atrimaxillaris	62200	species
1622280	Inaguan woodstar	Calliphlox lyrura	472783	species
1622281		Calliphlox evelynae evelynae	1507368	subspecies
1630609	chestnut-banded plover	Charadrius pallidus	50391	species
1630610	St. Helena plover	Charadrius sanctaehelenae	50391	species
1630611	black-banded plover	Charadrius thoracicus	50391	species
1630612	three-banded plover	Charadrius tricollaris	50391	species
1630614	Forbes's plover	Charadrius forbesi	50391	species
1630615	Caspian plover	Charadrius asiaticus	50391	species
1630616	long-billed plover	Charadrius placidus	50391	species
1630617	blacksmith lapwing	Vanellus armatus	50403	species
1631353		Lonchura atricapilla jagori	1036803	subspecies
1632257		Adelura	36291	genus
1632258	rufous-backed redstart	Adelura erythronota	1632257	species
1637640		Amazona sp. 1 PG-2015	2638819	species
1637641		Amazona sp. 2 PG-2015	2638819	species
1637642		Ara sp. PG-2015	2635732	species
1637643		Megascops sp. PG-2015	2629370	species
1638367		Amazilia cyanocephala guatemalensis	1290859	subspecies
1638712	Perija tapaculo	Scytalopus nigricans	9168	species
1638713	Merida tapaculo	Scytalopus meridanus	9168	species
1638714	Caracas tapaculo	Scytalopus caracae	9168	species
1638715		Scytalopus sp. AMC-2015	2637580	species
1638933		Chloropicus	9220	genus
1638934	bearded woodpecker	Chloropicus namaquus	1638933	species
1638935	Sind woodpecker	Dendrocopos assimilis	51357	species
1638936	Arabian woodpecker	Dendrocopos dorae	51357	species
1638937		Ipophilus	9220	genus
1638938	brown-backed woodpecker	Dendropicos obsoletus	165735	species
1641404		Saxicola caprata nilgiriensis	491955	subspecies
1641793		Cinclosoma clarum	461242	species
1641794		Nesoptilotis	9146	genus
1641795	White-eared honeyeater	Nesoptilotis leucotis	1641794	species
1641796		Northiella narethae	504064	species
1642381	golden-tailed woodpecker	Campethera abingoni	265617	species
1646533	pin-tailed sandgrouse	Pterocles alchata	56296	species
1647189	siskins	Spinus	37599	genus
1647392		Gallinago media x Gallinago gallinago	107376	species
1648228		Vireo bellii medius	34954	subspecies
1648229		Vireo bellii pusillus	34954	subspecies
1648231		Vireo bellii arizonae	34954	subspecies
1648279		Certhia familiaris macrodactyla	73333	subspecies
1648280		Certhia familiaris corsa	73333	subspecies
1648281		Certhia familiaris britannica	73333	subspecies
1648282		Certhia familiaris caucasica	73333	subspecies
1648283		Certhia familiaris tianschanica	73333	subspecies
1649849	Iris lorikeet	Psitteuteles iris	176073	species
1649850	varied lorikeet	Psitteuteles versicolor	176073	species
1649851	Meek's lorikeet	Charmosyna meeki	176019	species
1649852	striated lorikeet	Charmosyna multistriata	176019	species
1651206		Emberiza cia flemingorum	504296	subspecies
1651207		Schoeniclus	62155	genus
1651208		Emberiza rustica rustica	36250	subspecies
1651209		Emberiza spodocephala personata	125294	subspecies
1651211		Emberiza impetuani impetuani	504298	subspecies
1651212		Emberiza rustica latifascia	36250	subspecies
1651214		Emberiza yessoensis continentalis	504329	subspecies
1651215	slaty bunting	Emberiza siemsseni	30424	species
1651219		Emberiza spodocephala sordida	125294	subspecies
1651223		Emberiza cirlus nigrostriata	100457	subspecies
1651225		Emberiza tahapisi insularis	504327	subspecies
1651230		Emberiza elegans elegantula	160761	subspecies
1651231	Tibetan bunting	Emberiza koslowi	30424	species
1651232	Somali bunting	Emberiza poliopleura	30424	species
1651233		Emberiza aureola aureola	433632	subspecies
1651234		Emberiza fucata arcuata	337179	subspecies
1651235		Emberiza godlewskii yunnanensis	460201	subspecies
1651236		Emberiza godlewskii godlewskii	460201	subspecies
1651254	blue-capped kingfisher	Actenoides hombroni	342374	species
1651256	mountain kingfisher	Syma megarhyncha	342384	species
1651257		Todiramphus chloris chloris	325347	subspecies
1651259		Todiramphus chloris collaris	325347	subspecies
1651260		Todiramphus chloris alberti	325347	subspecies
1651261		Todiramphus chloris amoenus	325347	subspecies
1651262		Todiramphus chloris colcloughi	325347	subspecies
1651264		Todiramphus chloris colonus	325347	subspecies
1651265		Todiramphus sanctus eximius	342380	subspecies
1651266		Todiramphus chloris humii	325347	subspecies
1651267		Todiramphus chloris laubmannianus	325347	subspecies
1651269		Todiramphus chloris marinus	325347	subspecies
1651271		Todiramphus chloris nusae	325347	subspecies
1651272		Todiramphus chloris orii	325347	subspecies
1651273		Todiramphus chloris ornatus	325347	subspecies
1651818		Todiramphus chloris santoensis	325347	subspecies
1651819		Todiramphus chloris solomonis	325347	subspecies
1651821		Todiramphus chloris teraokai	325347	subspecies
1651822		Todiramphus sanctus vitiensis	342380	subspecies
1651823		Todiramphus cinnamominus cinnamominus	1006542	subspecies
1651828	chestnut-bellied kingfisher	Todiramphus farquhari	325346	species
1651829	Niau kingfisher	Todiramphus gertrudae	325346	species
1651830	chattering kingfisher	Todiramphus tutus	325346	species
1651831		Todiramphus tutus tutus	1651830	subspecies
1651832		Todiramphus tutus mauke	1651830	subspecies
1651833		Todiramphus tutus atiu	1651830	subspecies
1651842	Marquesan kingfisher	Todiramphus godeffroyi	325346	species
1651844	blue-black kingfisher	Todiramphus nigrocyaneus	325346	species
1651846	red-backed kingfisher	Todiramphus pyrrhopygius	325346	species
1651847	flat-billed kingfisher	Todiramphus recurvirostris	325346	species
1651849	Mangaia kingfisher	Todiramphus ruficollaris	325346	species
1651851	beach kingfisher	Todiramphus saurophagus	325346	species
1651852		Todiramphus saurophagus saurophagus	1651851	subspecies
1651853	Tahiti kingfisher	Todiramphus veneratus	325346	species
1651854		Todiramphus veneratus veneratus	1651853	subspecies
1651855		Todiramphus veneratus youngi	1651853	subspecies
1651856	ultramarine kingfisher	Todiramphus leucopygius	325346	species
1651858	rufous-lored kingfisher	Todiramphus winchelli	325346	species
1658596		Chrysocolaptes lucidus erythrocephalus	315365	subspecies
1661776		Alipiopsitta sp.	2629792	species
1661777		Bubo sp.	2648367	species
1661781		Amazona sp.	2638819	species
1661782		Ara sp.	2635732	species
1663348		unclassified Aves	8782	no rank
1663730	Stejneger's stonechat	Saxicola stejnegeri	69509	species
1664034		Phasianus colchicus kiangsuensis	9054	subspecies
1664462		Psittacara	9224	genus
1664683		Glaucidium brodiei brodiei	1463977	subspecies
1664767	splendid sunbird	Cinnyris coccinigastrus	570433	species
1664793	copper sunbird	Cinnyris cupreus	570433	species
1664804	Ursula's sunbird	Cinnyris ursulae	570433	species
1664807	pygmy sunbird	Hedydipna platura	570450	species
1665410	blue-fronted emerald	Amazilia rondoniae	57391	species
1665411		Amazilia millerii	57391	species
1667191	Southern pied-hornbill	Anthracoceros convexus	57394	species
1673678		Leiothrichidae	2116661	family
1673679		Trochalopteron	1673678	genus
1673680	black-chinned laughingthrush	Montecincla cachinnans	1960640	species
1674965	Western bronze-naped pigeon	Columba iriditorques	8931	species
1674966	dark-eared brown-dove	Phapitreron cinereiceps	115681	species
1675996		Dendrocincla fuliginosa rufoolivacea	183179	subspecies
1675997		Dendrocincla fuliginosa artrirostris x Dendrocincla rufoolivacea	183179	subspecies
1675998		Glyphorynchus spirurus paraensis	135974	subspecies
1675999		Glyphorynchus spirurus inornatus	135974	subspecies
1676000		Glyphorynchus spirurus inornatus x Glyphorynchus paraensis	135974	subspecies
1676001		Hypocnemis striata striata	1202453	subspecies
1676002		Hypocnemis striata implicata	1202453	subspecies
1676003		Willisornis vidua nigrigula	1566151	subspecies
1676005		Willisornis vidua nigrigula x Willisornis griseiventris	870536	species
1676007		Xiphorhynchus elegans elegans x Xiphorhynchus spixii	75968	species
1676008		Lepidothrix iris eucephala	321399	subspecies
1676009		Lepidothrix nattereri x Lepidothrix iris eucephala	321397	species
1676010		Willisornis sp. PPS-2015	2623965	species
1676011		Hypocnemis striata striata x Hypocnemis ochrogyna	88174	species
1677895	Imber's petrel	Pterodroma imberi	37063	species
1689810	Iberian chiffchaff	Phylloscopus ibericus	9181	species
1689841	Kerala laughingthrush	Montecincla fairbanki	1960640	species
1689844		Montecincla meridionalis	1960640	species
1689862		Sholicola ashambuensis	1960645	species
1695230		unclassified Corvidae	28725	no rank
1695231		Corvidae sp.	1695230	species
1701882		Aphelocoma californica x Aphelocoma woodhouseii	39616	species
1702107		Poicephalus gulielmi gulielmi	241588	subspecies
1702108		Poicephalus gulielmi massaicus	241588	subspecies
1703976		Carpodacus sillemi	30426	species
1704170		Strix omanensis	36304	species
1706832		Lophotibis	33574	genus
1706833		Lophotibis cristata	1706832	species
1706834		Anastomus	8926	genus
1706835		Anastomus oscitans	1706834	species
1707153		Puffinus auricularis auricularis	48674	subspecies
1715679	African penduline-tit	Anthoscopus caroli	156560	species
1715681	croaking cisticola	Cisticola natalensis	52621	species
1715682	trilling cisticola	Cisticola woosnami	52621	species
1716593	Eastern winter wren	Troglodytes hiemalis	36277	species
1717230		Tropicoperdix	466544	genus
1717231	scaly-breasted partridge	Tropicoperdix chloropus	1717230	species
1717232	Annam partridge	Tropicoperdix merlini	1717230	species
1717233	chestnut-necklaced partridge	Tropicoperdix charltonii	1717230	species
1720960		Loxia curvirostra guillemardi	64802	subspecies
1720961		Otus scops cyprius	126827	subspecies
1720966		Garrulus glandarius glaszneri	56783	subspecies
1729112		Passerellidae	9126	family
1729113		Kieneria	1729112	genus
1729114	Abert's towhee	Melozone aberti	95654	species
1729116		Melozone leucotis leucotis	380373	subspecies
1729117		Melozone leucotis occipitalis	380373	subspecies
1729118		Melozone leucotis nigrior	380373	subspecies
1730093		Rhipiduridae	9126	family
1734469	Nubian woodpecker	Campethera nubica	265617	species
1734470		Colaptes auratus collaris	51355	subspecies
1734471	gilded flicker	Colaptes chrysoides	9221	species
1734476	Southern sooty-woodpecker	Mulleripicus fuliginosus	315374	species
1734477	rufous-necked wryneck	Jynx ruficollis	189525	species
1734478		Colaptes auratus luteus	51355	subspecies
1734479	helmeted woodpecker	Celeus galeatus	315361	species
1740166	Santa Barbara screech-owl	Megascops barbarus	349401	species
1740167	Colombian screech-owl	Megascops colombianus	349401	species
1740168	Pacific screech-owl	Megascops cooperi	349401	species
1740169	rufescent Screech-Owl	Megascops ingens	349401	species
1740171	cloud-forest screech-owl	Megascops marshalli	349401	species
1740172	Puerto Rican screech-owl	Megascops nudipes	349401	species
1740173		Megascops sp. SMD-2015	2629370	species
1740284	pale-eyed thrush	Turdus leucops	9186	species
1740303	Inca wren	Pheugopedius eisenmanni	1167646	species
1740306		Cantorchilus	69501	genus
1740307	superciliated wren	Cantorchilus superciliaris	1740306	species
1740308	white-capped dipper	Cinclus leucocephalus	127874	species
1740309	moustached wren	Pheugopedius genibarbis	1167646	species
1740325	chestnut-breasted wren	Cyphorhinus thoracicus	137990	species
1740326	white-thighed swallow	Neochelidon tibialis	72870	species
1740726		Casuarius casuarius sclaterii	8787	subspecies
1740727		Casuarius casuarius beccarii	8787	subspecies
1740858	Northern cassowary	Casuarius unappendiculatus	8786	species
1740859		Casuarius unappendiculatus rufotinctus	1740858	subspecies
1740860		Casuarius unappendiculatus aurantiacus	1740858	subspecies
1740861		Casuarius unappendiculatus rothschildi	1740858	subspecies
1740864		Casuarius unappendiculatus occipitalis	1740858	subspecies
1740867		Casuarius casuarius violicollis	8787	subspecies
1740868		Casuarius casuarius casuarius	8787	subspecies
1740869		Casuarius casuarius aruensis	8787	subspecies
1740870		Casuarius sp.	2624260	species
1742462		Ramphocelus flammigerus x Ramphocelus icteronotus	36724	species
1742756	Swinhoe's storm-petrel	Oceanodroma monorhis	52123	species
1743244		Arizelocichla	36294	genus
1743245	stripe-cheeked greenbul	Arizelocichla milanjensis	1743244	species
1743253		Pseudorectes	254526	genus
1743254	Rusty pitohui	Pseudorectes ferrugineus	1743253	species
1743255		Cyanograucalus	880551	genus
1743256	blue cuckooshrike	Cyanograucalus azureus	1743255	species
1743260	mangrove robin	Peneothello pulverulenta	254639	species
1743265		Eurillas	36294	genus
1743266	Little greenbul	Eurillas virens	1743265	species
1743269		Geokichla	9183	genus
1743270	orange-headed thrush	Geokichla citrina	1743269	species
1743340	chestnut-capped thrush	Geokichla interpres	1743269	species
1743359		Chamaetylas	36291	genus
1743360	white-chested alethe	Chamaetylas fuelleborni	1743359	species
1743362		Bernieridae	2116661	family
1743363		Randia	1743362	genus
1743381		Stelgidillas	36294	genus
1743382	slender-billed greenbul	Stelgidillas gracilirostris	1743381	species
1743383	red-tailed laughingthrush	Trochalopteron milnei	1673679	species
1743389		Pellorneidae	2116661	family
1743390		Turdinus	1743389	genus
1743391	streaked wren-babbler	Turdinus brevicaudatus	1743390	species
1752861	Western reef-egret	Egretta gularis	56073	species
1753973	rufous-faced antpitta	Grallaria erythrotis	117144	species
1753974	brown-banded antpitt	Grallaria milleri	117144	species
1753977		Coracopsis nigra nigra x Coracopsis nigra libs	281914	subspecies
1753978		Coracopsis nigra sibilans x Coracopsis nigra libs	281914	subspecies
1755806		Cyornis rubeculoides rogersi	757474	subspecies
1755807		Cyornis rubeculoides rubeculoides	757474	subspecies
1755809		Cyornis hainanus x Cyornis rubeculoides klossi	127912	species
1756203		Lerwa	9005	genus
1756204	snow partridge	Lerwa lerwa	1756203	species
1756205		Melanoperdix	9005	genus
1756206		Melanoperdix niger	1756205	species
1756207	painted bush-quail	Perdicula erythrorhyncha	249171	species
1756210		Pternistis	466544	genus
1756211	grey-winged francolin	Scleroptila afra	388993	species
1757958		Oceanodroma tethys kelsalli	79633	subspecies
1757959	Markham's storm-petrel	Oceanodroma markhami	52123	species
1757960	San Benito storm-petrel	Oceanodroma leucorhoa chapmani	52124	subspecies
1757961	Ringed storm-petrel	Oceanodroma hornbyi	52123	species
1758121		Limosa lapponica baueri	161683	subspecies
1759690	yellow-breasted antpitta	Grallaria flavotincta	117144	species
1761659		Motacilla alba persica	45807	subspecies
1761660	Moroccan wagtail	Motacilla subpersonata	45806	species
1761673		Foudia aldabrana x Foudia madagascariensis	441682	species
1761674		Foudia rubra x Foudia madagascariensis	441682	species
1763891	great iora	Aegithina lafresnayei	175020	species
1763892		Chelidorhynx	528170	genus
1763893	yellow-bodied fantail	Chelidorhynx hypoxanthus	1763892	species
1763894	black-tailed treecreeper	Climacteris melanurus	47694	species
1763895	plumed longbill	Oedistoma iliolophus	175127	species
1763900	white-crowned penduline-tit	Remiz coronatus	156568	species
1765089	Abyssinian slaty-flycatcher	Melaenornis chocolatinus	245055	species
1765090	white-eyed slaty-flycatcher	Melaenornis fischeri	245055	species
1765288	grey-throated tit-flycatcher	Myioparus griseigularis	758460	species
1765289	pale flycatcher	Bradornis pallidus	248146	species
1765320	little grey flycatcher	Bradornis pumilus	248146	species
1765321	Boehm's flycatcher	Muscicapa boehmi	69507	species
1765322	dusky-blue flycatcher	Muscicapa comitata	69507	species
1765349	Tessmann's flycatcher	Muscicapa tessmanni	69507	species
1765350	Ussher's flycatcher	Muscicapa ussheri	69507	species
1765351	Angola slaty-flycatcher	Melaenornis brunneus	245055	species
1765352		Empidornis sp. GV-2015	2621969	species
1765353		Namibornis sp. GV-2015	2642539	species
1765759		Otus scops cycladum	126827	subspecies
1765760		Otus scops pulchellus	126827	subspecies
1765761		Acrocephalus agricola capistrata	68476	subspecies
1766907		Brachypodius	36294	genus
1766909		Brachypodius atriceps atriceps	182895	subspecies
1766910	sooty-headed bulbul	Pycnonotus aurigaster	125282	species
1766911		Pycnonotus barbatus layardi	175013	subspecies
1766945	orange-spotted bulbul	Pycnonotus bimaculatus	125282	species
1766948		Pycnonotus blanfordi blanfordi	1118835	subspecies
1766949		Pycnonotus blanfordi conradi	1118835	subspecies
1766950		Pycnonotus finlaysoni finlaysoni	182896	subspecies
1766978		Pycnonotus flavescens vividus	690616	subspecies
1766979		Pycnonotus flavescens flavescens	690616	subspecies
1767001		Pycnonotus goiavier analis	632603	subspecies
1767002		Pycnonotus jocosus emeria	182897	subspecies
1767003		Pycnonotus leucogenis leucogenis	374636	subspecies
1767004	cream-striped bulbul	Pycnonotus leucogrammicus	125282	species
1767019		Pycnonotus leucotis mesopotamia	1208751	subspecies
1767020	white-browed bulbul	Pycnonotus luteolus	125282	species
1767021		Pycnonotus flaviventris flaviventris	1767024	subspecies
1767022	flame-throated bulbul	Rubigula gularis	2895574	species
1767024	black-crested bulbul	Pycnonotus flaviventris	125282	species
1770584	white-breasted monarch	Symposiachrus menckei	1576457	species
1770585	Moluccan monarch	Symposiachrus bimaculatus	1576457	species
1770589	tawny-backed fantail	Rhipidura superflua	107227	species
1770590	streaky-breasted fantail	Rhipidura dedemi	107227	species
1770591	Wetar figbird	Sphecotheres hypoleucus	254660	species
1770592	Sao Tome oriole	Oriolus crassirostris	98139	species
1770593	Tanimbar oriole	Oriolus decipiens	98139	species
1771279	Javan bush-warbler	Locustella montis	68487	species
1771280	Russet bush-warbler	Locustella mandelli	68487	species
1771281	Benguet bush-warbler	Bradypterus seebohmi	203786	species
1771282	Timor bush-warbler	Locustella timorensis	68487	species
1771287		Locustella idonea	68487	species
1771289	Sichuan bush-warbler	Locustella chengi	68487	species
1772019		Cuculus poliocephalus poliocephalus	78197	subspecies
1772037		Phalacrocorax carbo hanedae	9209	subspecies
1772044		Streptopelia orientalis stimpsoni	36243	subspecies
1778365		Psalidoprocne holomelas massaica	72882	subspecies
1778366		Psalidoprocne orientalis reichenowi	317170	subspecies
1778374	Mangbettu saw-wing	Psalidoprocne mangbettorum	72881	species
1778375	Shari saw-wing	Psalidoprocne chalybea	72881	species
1778376		Psalidoprocne holomelas ruwenzori	72882	subspecies
1780129		Monarcha castaneiventris obscurior	338458	subspecies
1785078		Gerygone flavolateralis flavolateralis	1158117	subspecies
1786045		Myzomela tristrami	108837	species
1788990		Myzomela cardinalis x Myzomela tristrami	108837	species
1789703		Fregetta tropica melanoleuca	37073	subspecies
1789704		Fregetta tropica tropica	37073	subspecies
1789705		Fregetta grallaria grallaria	79628	subspecies
1789731		Metallura tyrianthina septentrionalis	56659	subspecies
1789732		Metallura tyrianthina smaragdinicollis	56659	subspecies
1789733		Metallura tyrianthina tyrianthina	56659	subspecies
1789835		Epthianura crocea macgregori	266353	subspecies
1792496	short-tailed babbler	Pellorneum malaccense	98145	species
1792621	Madagascar sandgrouse	Pterocles personatus	56296	species
1792623	Madagascar flufftail	Sarothrura insularis	156765	species
1794763		Phasianus colchicus alaschanicus	9054	subspecies
1794764	grey-throated greenbul	Arizelocichla tephrolaema	1743244	species
1798942	frilled coquette	Lophornis magnificus	304656	species
1804610		Psephotellus	1545690	genus
1804611	paradise parrot	Psephotellus pulcherrimus	1804610	species
1804666		Aplopelia	8930	genus
1804667	Eastern lemon dove	Columba larvata	8931	species
1804738		Akialoa	9133	genus
1804739	Hawaiian akialoa	Akialoa obscura	1804738	species
1804740	kamao	Myadestes myadestinus	123380	species
1804741		Psittirostra	9133	genus
1804742	ou	Psittirostra psittacea	1804741	species
1805493	olive bulbul	Iole viridescens	374643	species
1805715		Iole propinqua propinqua	674137	subspecies
1805716		Iole propinqua aquilonis	674137	subspecies
1805717		Iole propinqua innectens	674137	subspecies
1805719		Iole propinqua lekhakuni	674137	subspecies
1805720		Iole propinqua simulator	674137	subspecies
1805721		Iole propinqua cinnamomeoventris	674137	subspecies
1805722		Iole viridescens cacharensis	1805493	subspecies
1805723		Iole viridescens myitkyinensis	1805493	subspecies
1805724		Iole viridescens viridescens	1805493	subspecies
1805725		Iole charlottae charlottae	374644	subspecies
1805726		Iole charlottae crypta	374644	subspecies
1806552		Myza	9146	genus
1806553	dark-eared myza	Myza celebensis	1806552	species
1806554	white-eared myza	Myza sarasinorum	1806552	species
1809700	white-breasted negrofinch	Nigrita fusconotus	208077	species
1809701	Grant's bluebill	Spermophaga poliogenys	247674	species
1811345	yellow-breasted barbet	Trachyphonus margaritatus	91786	species
1811346	shining sunbird	Cinnyris habessinicus	570433	species
1811380	Lichtenstein's sandgrouse	Pterocles lichtensteinii	56296	species
1811381	Somali sparrow	Passer castanopterus	9159	species
1811836		Muscicapa striata tyrrhenica	1293958	subspecies
1811837		Muscicapa striata balearica	1293958	subspecies
1811900		Aquila nipalensis orientalis	193005	subspecies
1814126		Cyanoloxia cyanoides concreta	164628	subspecies
1814127	Rothschild's grosbeak	Cyanoloxia rothschildii	460173	species
1843445	great crested-tern	Thalasseus bergii	555355	species
1843446		Anous sp. AC-2016a	2647379	species
1843598		Aphelocoma wollweberi gracilis	248078	subspecies
1847929		Garrulax monileger schmackeri	1048754	subspecies
1848168		Zosterops sp.	2632467	species
1848249		Thalasseus bengalensis emigratus	2705045	subspecies
1848250		Thalasseus maximus maximus	555356	subspecies
1848251		Thalasseus maximus albididorsalis	555356	subspecies
1848762	African hawk-eagle	Aquila spilogaster	8960	species
1848844		Turdus assimilis cnephosus	411548	subspecies
1848845		Turdus assimilis calliphthongus	411548	subspecies
1848846		Turdus assimilis lygrus	411548	subspecies
1848847	Dagua thrush	Turdus daguae	9186	species
1848848		Turdus assimilis leucauchen	411548	subspecies
1848849		Turdus assimilis assimilis	411548	subspecies
1848850		Turdus assimilis oblitus	411548	subspecies
1849326	Pemba white-eye	Zosterops vaughani	36298	species
1851188		Myiothlypis	400782	genus
1851189	Grey-and-gold warbler	Myiothlypis fraseri	1851188	species
1851190		Myiothlypis coronata	1851188	species
1851192	Rufous wren	Cinnycerthia unirufa	241532	species
1851195		Hartlaubius	9170	genus
1851196	Madagascar starling	Hartlaubius auratus	1851195	species
1851197	White-crowned starling	Lamprotornis albicapillus	85070	species
1851198	African pied starling	Lamprotornis bicolor	85070	species
1851200		Pholia	9170	genus
1851201		Notopholia	9170	genus
1851202	black-bellied glossy-starling	Notopholia corusca	1851201	species
1853061	Galapagos flycatcher	Pyrocephalus nanus	371932	species
1853157		Pyrocephalus rubinus mexicanus	371933	subspecies
1853158		Pyrocephalus rubinus rubinus	371933	subspecies
1853159		Pyrocephalus rubinus flammeus	371933	subspecies
1853160		Pyrocephalus rubinus ardens	371933	subspecies
1853161		Pyrocephalus rubinus piurae	371933	subspecies
1853197		Pyrocephalus rubinus obscurus	371933	subspecies
1853198		Pyrocephalus nanus nanus	1853061	subspecies
1853199		Pyrocephalus nanus dubius	1853061	subspecies
1853200		Pyrocephalus rubinus saturatus	371933	subspecies
1853201		Pyrocephalus rubinus cocachacrae	371933	subspecies
1854003		Gactornis	48283	genus
1854004	Collared nightjar	Gactornis enarratus	1854003	species
1854005	Scrub nightjar	Nyctidromus anthonyi	235496	species
1854006		Nyctipolus	48283	genus
1854007	Blackish nightjar	Nyctipolus nigrescens	1854006	species
1854008		Setopagis	48283	genus
1854009	Little nightjar	Setopagis parvulus	1854008	species
1854010		Antrostomus	48283	genus
1854011	Buff-collared nightjar	Antrostomus ridgwayi	1854010	species
1854012	Roraiman nightjar	Setopagis whitelyi	1854008	species
1856040	Dusky turtle-dove	Streptopelia lugens	36242	species
1857023		Galliformes sp.	791198	species
1859928	Vilcabamba thistletail	Asthenes vilcabambae	9137	species
1859929		Asthenes ayacuchensis	1859928	subspecies
1860146	Bush wren	Xenicus longipes	38634	species
1860147		Traversia	38633	genus
1860148	Stephens Island wren	Traversia lyalli	1860147	species
1860149		Pachyplichas	38633	genus
1860150		Pachyplichas yaldwyni	1860149	species
1862128		Calandrella acutirostris acutirostris	670335	subspecies
1862129	Blanford's lark	Calandrella blanfordi	215309	species
1862130		Calandrella blanfordi daaroodensis	1862129	subspecies
1862131		Calandrella blanfordi eremica	1862129	subspecies
1862132		Calandrella blanfordi blanfordi	1862129	subspecies
1862134		Calandrella brachydactyla brachydactyla	670336	subspecies
1862135		Calandrella brachydactyla hermonensis	670336	subspecies
1862136		Calandrella brachydactyla woltersi	670336	subspecies
1862137		Calandrella brachydactyla hungarica	670336	subspecies
1862149		Calandrella brachydactyla artemisiana	670336	subspecies
1862150		Alaudala	72205	genus
1862151		Calandrella cinerea spleniata	1364912	subspecies
1862152	Erlanger's lark	Calandrella erlangeri	215309	species
1862154		Calandrella cinerea alluvia	1364912	subspecies
1862156		Calandrella cinerea niveni	1364912	subspecies
1862157		Calandrella cinerea millardi	1364912	subspecies
1862158		Calandrella cinerea fulvida	1364912	subspecies
1862159		Calandrella cinerea saturatior	1364912	subspecies
1864497		Alectoris graeca x Alectoris chukar	9077	species
1866261	Eastern willet	Tringa semipalmata semipalmata	507600	subspecies
1866262	Western willet	Tringa semipalmata inornata	507600	subspecies
1867944		Anatidae sp.	2068732	species
1869113		Melitograis	9146	genus
1869114	White-streaked friarbird	Melitograis gilolensis	1869113	species
1869115		Oriolus flavocinctus flavocinctus	449354	subspecies
1869116		Oriolus flavocinctus migrator	449354	subspecies
1869117		Oriolus flavocinctus tiwi	449354	subspecies
1869118		Oriolus flavocinctus muelleri	449354	subspecies
1869119		Oriolus flavocinctus kingi	449354	subspecies
1869120		Oriolus melanotis melanotis	890105	subspecies
1869121		Oriolus melanotis finschi	890105	subspecies
1869122		Oriolus sagittatus affinis	585470	subspecies
1869123		Oriolus sagittatus grisescens	585470	subspecies
1869124		Oriolus sagittatus magnirostris	585470	subspecies
1869125		Oriolus sagittatus sagittatus	585470	subspecies
1869126	White-naped friarbird	Philemon albitorques	108843	species
1869127		Philemon argenticeps argenticeps	266326	subspecies
1869128	Brass's friarbird	Philemon brassi	108843	species
1869129		Philemon buceroides buceroides	266327	subspecies
1869130		Philemon buceroides neglectus	266327	subspecies
1869131		Philemon buceroides gordoni	266327	subspecies
1869132		Philemon citreogularis citreogularis	266328	subspecies
1869133		Philemon citreogularis papuensis	266328	subspecies
1869134		Philemon citreogularis sordidus	266328	subspecies
1869135		Philemon cockerelli cockerelli	1439499	subspecies
1869136		Philemon cockerelli umboi	1439499	subspecies
1869147		Philemon corniculatus corniculatus	108844	subspecies
1869148		Philemon corniculatus monachus	108844	subspecies
1869149	New Caledonian friarbird	Philemon diemenensis	108843	species
1869150		Philemon fuscicapillus	108843	species
1869152	Timor friarbird	Philemon inornatus	108843	species
1869153	Gray friarbird	Philemon kisserensis	108843	species
1869154	Black-faced friarbird	Philemon moluccensis	108843	species
1869155	Tanimbar friarbird	Philemon plumigenis	108843	species
1869156	Seram friarbird	Philemon subcorniculatus	108843	species
1869157	New Guinea friarbird	Philemon novaeguineae	108843	species
1869159		Philemon novaeguineae brevipennis	1869157	subspecies
1869160		Philemon novaeguineae aruensis	1869157	subspecies
1869161		Philemon novaeguineae jobiensis	1869157	subspecies
1869162		Philemon novaeguineae novaeguineae	1869157	subspecies
1869163		Philemon novaeguineae subtuberosus	1869157	subspecies
1869164		Philemon novaeguineae tagulanus	1869157	subspecies
1870827	Sichuan forest thrush	Zoothera griseiceps	36287	species
1870828	Himalayan forest thrush	Zoothera salimalii	36287	species
1871067	Blue-winged warbler	Vermivora cyanoptera	62258	species
1871073		Vermivora chrysoptera x cyanoptera (Brewster's warbler)	62258	species
1871075		Vermivora chrysoptera x Vermivora cyanoptera	62258	species
1871312	Ecuadorian tapaculo	Scytalopus robbinsi	9168	species
1872712	Red-faced guan	Penelope dabbenei	8985	species
1872714	Rufous-headed chachalaca	Ortalis erythroptera	8983	species
1873450	Choco screech-owl	Megascops centralis	349401	species
1874025		Calliope	36291	genus
1874026	White-tailed rubythroat	Calliope pectoralis	1874025	species
1874028		Calliope pectardens	1874025	species
1874781	Yellow-green bush-tanager	Chlorospingus flavovirens	62170	species
1881866	Spix's guan	Penelope jacquacu	8985	species
1882264		Gallirex porphyreolophus chlorochlamys	119411	subspecies
1882265	Prince Ruspoli's turaco	Tauraco ruspolii	56303	species
1882495		Gallirex johnstoni johnstoni	121400	subspecies
1882496		Gallirex porphyreolophus porphyreolophus	119411	subspecies
1882497		Tauraco macrorhynchus macrorhynchus	119418	subspecies
1882498		Tauraco macrorhynchus verreauxii	119418	subspecies
1882522		Tauraco persa persa	78199	subspecies
1882523		Tauraco livingstonii reichenowi	119417	subspecies
1882524		Tauraco livingstonii livingstonii	119417	subspecies
1882532		Tauraco fischeri fischeri	119414	subspecies
1882533		Tauraco fischeri zanzibaricus	119414	subspecies
1882534		Tauraco leucotis leucotis	119416	subspecies
1882535	Donaldson's turaco	Tauraco leucotis donaldsoni	119416	subspecies
1882536		Tauraco schuettii schuettii	121531	subspecies
1882537		Tauraco schalowi chalcolophus	119419	subspecies
1882538		Tauraco schalowi schalowi	119419	subspecies
1882539		Tauraco corythaix corythaix	119413	subspecies
1882731		Tauraco schalowi marungensis	119419	subspecies
1882732		Corythaixoides concolor bechuanae	103956	subspecies
1884673	Foveaux shag	Leucocarbo stewarti	1523025	species
1884674		Cyanoramphus novaezelandiae novaezelandiae x Cyanoramphus auriceps	114431	species
1884675		Cyanoramphus forbesi x Cyanoramphus novaezelandiae chathamensis	114431	species
1885040		Milvus milvus x Milvus migrans	43517	species
1885052		Aves sp.	1663348	species
1889267		Ninox boobook ocellata	507961	subspecies
1889268		Ninox boobook halmaturina	507961	subspecies
1889269	Red boobook	Ninox lurida	56288	species
1889270		Ninox boobook boobook	507961	subspecies
1889271		Ninox fusca	507961	subspecies
1889272	Jungle hawk-owl	Ninox theomacha	56288	species
1889273	Solomon hawk-owl	Ninox jacquinoti	56288	species
1889274	Halmahera hawk-owl	Ninox hypogramma	56288	species
1889278	White-browed owl	Athene superciliaris	126785	species
1889296	Roti Island morepork	Ninox rotiensis	507961	subspecies
1892167	Principe sunbird	Anabathmis hartlaubii	1118505	species
1892168	Sao Tome pigeon	Columba malherbii	8931	species
1892169		Crithagra	9133	genus
1892170	yellow-fronted canary	Crithagra mozambica	1892169	species
1892171	Sao Tome prinia	Prinia molleri	81891	species
1892173	Sao Tome white-eye	Zosterops feae	36298	species
1892815		Malacoptila striata minor	1109064	subspecies
1892816	Rufous-capped nunlet	Nonnula ruficapilla	190664	species
1892893	White-wedged piculet	Picumnus albosquamatus	56080	species
1896334	Gran Canaria teydefinch	Fringilla polatzeki	36254	species
1896770	Santa Marta brush-finch	Atlapetes melanocephalus	65358	species
1896771	Yellow-legged thrush	Turdus flavipes	9186	species
1897773		Chloris	37599	genus
1897774	oriental greenfinch	Chloris sinica	1897773	species
1898516		Fringilla coelebs africana	37598	subspecies
1898517		Fringilla coelebs harterti	37598	subspecies
1898518		Fringilla coelebs spodiogenys	37598	subspecies
1899166		Collocalia esculenta esculenta	46490	subspecies
1902270		Acrocephalus rufescens rufescens	126875	subspecies
1902430		Rallus obsoletus obsoletus	1567146	subspecies
1906499	Chatham raven	Corvus moriorum	30420	species
1906500		Corvus moriorum antipodum	1906499	subspecies
1906753		Tyto furcata hellmayri	507989	subspecies
1906754	Eastern barn owl	Tyto javanica	56312	species
1906756		Tyto alba tuidara	56313	subspecies
1907764		Nectarinia moreaui x Nectarinia fuelleborni	145371	species
1907765		Nectarinia fuelleborni x Nectarinia moreaui	145371	species
1909113	Manda boubou	Laniarius nigerrimus	9194	species
1910947	Chinese beautiful rosefinch	Carpodacus davidianus	30426	species
1910948		Passer domesticus x Passer hispaniolensis	9159	species
1911055		Sceloglaux	30459	genus
1911056	Laughing owl	Sceloglaux albifacies	1911055	species
1911501	Crested malimbe	Malimbus malimbicus	570452	species
1914393	Ryukyu pigeon	Columba jouyi	8931	species
1914394		Alopecoenas	8930	genus
1914395	Thick-billed ground-dove	Alopecoenas salamonis	1914394	species
1914416		Ailuroedus melanotis melanotis	28722	subspecies
1914417		Ailuroedus melanotis facialis	28722	subspecies
1914418	Arfak catbird	Ailuroedus arfakianus	28721	species
1914419		Ailuroedus arfakianus arfakianus	1914418	subspecies
1914420		Ailuroedus arfakianus misoliensis	1914418	subspecies
1914421		Ailuroedus crassirostris joanae	34925	subspecies
1914422	Northern catbird	Ailuroedus jobiensis	28721	species
1914423		Ailuroedus jobiensis jobiensis	1914422	subspecies
1914424		Ailuroedus jobiensis guttaticollis	1914422	subspecies
1914428	Spotted catbird	Ailuroedus maculosus	28721	species
1914430	Huon catbird	Ailuroedus astigmaticus	28721	species
1914431	Ochre-breasted catbird	Ailuroedus stonii	28721	species
1914432		Ailuroedus stonii cinnamomeus	1914431	subspecies
1914433	Tan-capped catbird	Ailuroedus geislerorum	28721	species
1914434		Ailuroedus geislerorum geislerorum	1914433	subspecies
1914435		Ailuroedus geislerorum molestus	1914433	subspecies
1914436		Ailuroedus stonii stonii	1914431	subspecies
1914437		Ailuroedus buccoides buccoides	1055197	subspecies
1914439	Black-capped catbird	Ailuroedus melanocephalus	28721	species
1914955	Madagascar Coucal	Centropus toulou	57401	species
1914990		Aegithalos sp.	2625016	species
1914991		Melospiza melodia melodia	44397	subspecies
1915422	Cape Verde storm-petrel	Oceanodroma jabejabe	52123	species
1916084	Townsend's storm-petrel	Oceanodroma socorroensis	52123	species
1916093		Oceanodroma leucorhoa leucorhoa	52124	subspecies
1916094	Ainley's storm-petrel	Oceanodroma cheimomnestes	52123	species
1916095		Oceanodroma tethys tethys	79633	subspecies
1916096		Oceanodroma furcata plumbea	79631	subspecies
1916118		Hydrobates pelagicus pelagicus	79651	subspecies
1916119		Hydrobates pelagicus melitensis	79651	subspecies
1917282	regal sunbird	Cinnyris regius	570433	species
1917283	Usambara double-collared sunbird	Cinnyris usambaricus	570433	species
1917284	Miombo sunbird	Cinnyris manoensis	570433	species
1917287		Cinnyris whytei skye	1492913	subspecies
1917288		Cinnyris whytei whytei	1492913	subspecies
1917489	Red-eared parrotfinch	Erythrura coloria	44315	species
1917490	Rachel's malimbe	Malimbus racheliae	570452	species
1920766	Mrs. Benson's brush-warbler	Nesillas mariae	552921	species
1920767	Grand Comoro brush-warbler	Nesillas brevicaudata	552921	species
1920768	Anjouan brush-warbler	Nesillas longicaudata	552921	species
1920769	Subdesert brush-warbler	Nesillas lantzii	552921	species
1920770	Aldabra brush warbler	Nesillas aldabrana	552921	species
1921520	Volcano junco	Junco vulcani	40213	species
1921801		Bolemoreus	9146	genus
1921802	Eungella honeyeater	Bolemoreus hindwoodi	1921801	species
1921804		Caligavis	9146	genus
1921805	Yellow-faced honeyeater	Caligavis chrysops	1921804	species
1921809		Dasyornis sp.	2630301	species
1921810	Yellow-throated honeyeater	Nesoptilotis flavicollis	1641794	species
1921811		Stomiopera	9146	genus
1921812	White-gaped honeyeater	Stomiopera unicolor	1921811	species
1921816		Gavicalis	9146	genus
1921817	Varied honeyeater	Gavicalis versicolor	1921816	species
1921818		Purnella	9146	genus
1921819	White-fronted honeyeater	Purnella albifrons	1921818	species
1924283	Northern black-billed magpie	Pica pica fennorum	34924	subspecies
1924284	Maghreb magpie	Pica pica mauritanica	34924	subspecies
1925557	Golden nightjar	Caprimulgus eximius	48284	species
1926626	Black-capped sparrow	Arremon abeillei	241749	species
1926627	Collared antshrike	Thamnophilus bernardi	81888	species
1926639	Ward's heron	Ardea herodias wardi	56072	subspecies
1926640		Ardea herodias herodias	56072	subspecies
1926641		Ardea herodias fannini	56072	subspecies
1926642		Accipiter striatus velox	56330	subspecies
1926643		Accipiter striatus perobscurus	56330	subspecies
1927138	Mekong wagtail	Motacilla samveasnae	45806	species
1927430	MacGillivray's prion	Pachyptila macgillivrayi	37058	species
1927712	Scarlett's shearwater	Puffinus spelaeus	30453	species
1927719	Dahomey forest robin	Stiphrornis dahomeyensis	94611	species
1927720	Ghana forest robin	Stiphrornis inexpectatus	94611	species
1927721	Rudder's forest robin	Stiphrornis rudderi	94611	species
1928467	Velasquez's woodpecker	Melanerpes santacruzi	56082	species
1930156		Anthus berthelotii berthelotii	45798	subspecies
1930157		Anthus berthelotii madeirensis	45798	subspecies
1930159		Bucanetes githagineus amantum	589648	subspecies
1930160		Calandrella rufescens rufescens	215310	subspecies
1930161		Calandrella rufescens polatzeki	215310	subspecies
1930162		Linaria cannabina harterti	160757	subspecies
1930163		Linaria cannabina meadewaldoi	160757	subspecies
1930191	Vietnamese greenfinch	Chloris monguilloti	1897773	species
1930195		Fringilla coelebs palmae	37598	subspecies
1930196		Motacilla cinerea canariensis	56325	subspecies
1930198		Motacilla cinerea patriciae	56325	subspecies
1930199	Cape Verde sparrow	Passer iagoensis	9159	species
1930200		Petronia petronia petronia	150913	subspecies
1930202		Sylvia atricapilla heineken	48155	subspecies
1930205		Curruca	552881	genus
1930207		Curruca conspicillata conspicillata	216227	subspecies
1930208		Curruca conspicillata orbitalis	216227	subspecies
1930213		Curruca melanocephala leucogastra	121426	subspecies
1930270		Poecile palustris brevirostris	48890	subspecies
1930271		Poecile palustris jeholicus	48890	subspecies
1930282		Poecile palustris hellmayri	48890	subspecies
1930283		Poecile palustris hensoni	48890	subspecies
1930288		Poecile lugubris anatoliae	156554	subspecies
1930290		Linaria	37599	genus
1930942	Chatham Island bellbird	Anthornis melanocephala	698974	species
1930943	Chestnut-breasted whiteface	Aphelocephala pectoralis	117200	species
1930944		Calamanthus montanellus	720582	species
1930945	Black-throated honeyeater	Caligavis subfrenata	1921804	species
1930946	Gray honeyeater	Conopophila whitei	266345	species
1930950		Dasyornis longirostris	243058	species
1930951		Gerygone dorsalis	117202	species
1930952		Gerygone insularis	117202	species
1930954		Gymnomyza aubryana	572100	species
1930955		Lichmera argentauris	266361	species
1930956		Lichmera deningeri	266361	species
1930957		Lichmera flavicans	266361	species
1930958		Lichmera limbata	266361	species
1930959		Lichmera lombokia	266361	species
1930961		Lichmera monticola	266361	species
1930962		Lichmera notabilis	266361	species
1930963		Lichmera squamata	266361	species
1930964		Myzomela adolphinae	108837	species
1930976		Myzomela blasii	108837	species
1930977		Myzomela boiei	108837	species
1930978		Myzomela caledonica	108837	species
1930980		Myzomela chermesina	108837	species
1930986		Myzomela chloroptera	108837	species
1930987		Myzomela cruentata	108837	species
1930988		Myzomela eichhorni	108837	species
1931002		Myzomela erythromelas	108837	species
1931003		Myzomela kuehni	108837	species
1931005		Myzomela malaitae	108837	species
1931006		Myzomela melanocephala	108837	species
1931009		Myzomela nigrita	108837	species
1931010		Myzomela obscura rubrotincta	266323	subspecies
1931011		Myzomela pammelaena	108837	species
1931013		Myzomela pulchella	108837	species
1931014		Myzomela sclateri	108837	species
1931015		Myzomela vulnerata	108837	species
1931017		Myzomela wakoloensis	108837	species
1931019		Ptiloprora mayri	9147	species
1931020		Ptiloprora meekiana	9147	species
1931021		Ptiloprora perstriata	9147	species
1931031		Pycnopygius ixoides	266375	species
1931034		Sericornis beccarii	27581	species
1931036		Sericornis rufescens	27581	species
1931038		Sericornis virgatus	27581	species
1931041		Melidectes foersteri	43160	species
1931053		Melionyx fuscus	2821872	species
1931054		Melidectes leucostephes	43160	species
1931056		Melidectes nouhuysi	43160	species
1931058		Melidectes princeps	43160	species
1931063		Melidectes rufocrissalis	43160	species
1931064		Manorina melanotis	44313	species
1931065	Spangled honeyeater	Melipotes ater	108833	species
1931066		Melipotes gymnops	108833	species
1931067		Oreornis	9146	genus
1931068		Oreornis chrysogenys	1931067	species
1931069		Pardalotus quadragintus	108839	species
1931070		Ptiloprora erythropleura	9147	species
1931078		Dasyornithidae	1931080	family
1931079		Chenorhamphus	55805	genus
1931080		Meliphagoidea	9126	superfamily
1934104		Ardenna	30451	genus
1934105	Flesh-footed shearwater	Ardenna carneipes	1934104	species
1934192	Bannerman's shearwater	Puffinus bannermani	30453	species
1938593		Thalasseus bengalensis bengalensis	2705045	subspecies
1940340	Greater adjutant	Leptoptilos dubius	33588	species
1940537	Buff-breasted sandpiper	Calidris subruficollis	8918	species
1941232		Accipiter gentilis x Accipiter cooperii	8956	species
1941448		Ceratopipra erythrocephala	1356508	species
1941449		Ceratopipra rubrocapilla	1356508	species
1941451		Poecilotriccus fumifrons	360242	species
1941453		Myrmelastes	81887	genus
1941454		Myrmelastes humaythae	1941453	species
1945526		Catharus maculatus	172404	subspecies
1948885		Mixornis	9173	genus
1948886	Striped tit-babbler	Mixornis gularis	1948885	species
1948887		Kittacincla	36291	genus
1948888	white-rumped shama	Copsychus malabaricus	125862	species
1949063		Passeriformes sp.	771911	species
1954183		Aepyornis sp.	2630318	species
1955012	Purple-winged ground-dove	Claravis geoffroyi	115589	species
1956187	seriamas	Cariamiformes	8825	order
1958915	White-winged junco	Junco hyemalis aikeni	40217	subspecies
1960640		Montecincla	1673678	genus
1960645		Sholicola	36291	genus
1960647	Nilgiri blue robin	Sholicola major	1960645	species
1960650	grey-breasted laughingthrush	Montecincla jerdoni	1960640	species
1961164	Bennett's woodpecker	Campethera bennettii	265617	species
1961165	Little green woodpecker	Campethera maculosa	265617	species
1961166	Mombasa woodpecker	Campethera mombassica	265617	species
1961167	Knysna woodpecker	Campethera notata	265617	species
1961168	Fine-spotted woodpecker	Campethera punctuligera	265617	species
1961170	Tullberg's woodpecker	Campethera tullbergi	265617	species
1961214	Abyssinian woodpecker	Dendropicos abyssinicus	165735	species
1961215	Little gray woodpecker	Dendropicos elachus	165735	species
1961216	Speckle-breasted woodpecker	Dendropicos poecilolaemus	165735	species
1961217	Stierling's woodpecker	Dendropicos stierlingi	165735	species
1961218	Golden-crowned woodpecker	Chloropicus xantholophus	1638933	species
1961667		Dendrexetastes rufigula rufigula	190301	subspecies
1961668		Dendrexetastes rufigula moniliger	190301	subspecies
1961669		Dendrexetastes rufigula paraensis	190301	subspecies
1961670		Dendrexetastes rufigula devillei	190301	subspecies
1961832		Cacomantis castaneiventris	55664	species
1961833		Ceuthmochares	8941	genus
1961834		Ceuthmochares aereus	1961833	species
1961835	Buff-breasted paradise-kingfisher	Tanysiptera sylvia	342386	species
1961840		Chrysococcyx cupreus	55666	species
1963915	Mexican whip-poor-will	Antrostomus arizonae	1854010	species
1965246		Ducula aurorae	115625	species
1965247		Ducula luctuosa	115625	species
1965248		Ducula galeata	115625	species
1965249		Ducula basilica	115625	species
1965250		Ducula brenchleyi	115625	species
1965251		Ducula chalconota	115625	species
1965261		Ducula finschii	115625	species
1965262		Ducula forsteni	115625	species
1965263		Ducula latrans	115625	species
1965264		Ducula mullerii	115625	species
1965265		Ducula myristicivora	115625	species
1965267		Ducula oceanica	115625	species
1965268		Ducula goliath	115625	species
1969551		Ptiloris magnificus alberti	181836	subspecies
1969552		Ptiloris magnificus magnificus	181836	subspecies
1969553		Lophorina superba superba	39958	subspecies
1969554		Lophorina superba minor	39958	subspecies
1969555		Lophorina superba latipennis	39958	subspecies
1969556		Lophorina superba feminina	39958	subspecies
1970743	White-winged flufftail	Sarothrura ayresi	156765	species
1975649		Turdus ignobilis goodfellowi	411541	subspecies
1975652	Campina thrush	Turdus ignobilis arthuri	411541	subspecies
1975653		Turdus ignobilis ignobilis	411541	subspecies
1977146		Glareola cinerea	43315	species
1977147		Psilopogon virens	91776	species
1977148	Asian desert warbler	Curruca nana	1930205	species
1977149		Systellura	48283	genus
1977150		Systellura longirostris	1977149	species
1977155		Geobiastes	135163	genus
1977156		Geobiastes squamiger	1977155	species
1977157		Corythornis	8937	genus
1977158	White-bellied kingfisher	Corythornis leucogaster	1977157	species
1977159		Antigone	9109	genus
1977160	Sandhill crane	Antigone canadensis	1977159	species
1977168		Lyncornis	48283	genus
1977169	great eared-nightjar	Lyncornis macrotis	1977168	species
1977170		Nothocercus	8803	genus
1977171		Nothocercus nigrocapillus	1977170	species
1977172		Brachygalba albogularis	1118514	species
1978301	Tarim pheasant	Phasianus colchicus tarimensis	9054	subspecies
1978302	Yarkand pheasant	Phasianus colchicus shawii	9054	subspecies
1978303	Kirghiz pheasant	Phasianus colchicus mongolicus	9054	subspecies
1978921	Sayaca tanager	Thraupis sayaca	58208	species
1979971		Prunella collaris fennelli	175133	subspecies
1979972		Prunella collaris collaris	175133	subspecies
1979973		Prunella collaris nipalensis	175133	subspecies
1979975		Prunella fulvescens fulvescens	670355	subspecies
1979976		Prunella fulvescens nanschanica	670355	subspecies
1980077		Prunella fulvescens dahurica	670355	subspecies
1980977	Grey-throated tit	Aegithalos annamensis	73326	species
1980978		Psaltria	73325	genus
1980979	Pygmt tit	Psaltria exilis	1980978	species
1981792	Sao Francisco sparrow	Arremon franciscanus	241749	species
1985685		Sibirionetta	2068716	genus
1986420	Sooty swift	Cypseloides fumigatus	46499	species
2002976		environmental samples	8976	no rank
2002977		Gallus environmental sample	2002976	species
2003612		Remiz pendulinus pendulinus	156569	subspecies
2003613		Remiz pendulinus menzbieri	156569	subspecies
2003614		Remiz pendulinus caspius	156569	subspecies
2003616	Black-headed penduline-tit	Remiz macronyx	156568	species
2003617		Remiz macronyx macronyx	2003616	subspecies
2003618		Remiz macronyx neglectus	2003616	subspecies
2003620		Remiz macronyx ssaposhnikowi	2003616	subspecies
2003625		Remiz coronatus coronatus	1763900	subspecies
2003626		Remiz coronatus stoliczkae	1763900	subspecies
2004410		Antilophia sp. x Chiroxiphia pareola	2527883	species
2006392		Pachyptila sp.	2648232	species
2010941	Wine-throated Hummingbird	Atthis ellioti	240702	species
2013023		Larvivora	36291	genus
2013024	Rufous-headed robin	Larvivora ruficeps	2013023	species
2015320	Liberian greenbul	Phyllastrephus leucolepis	59967	species
2015442	Henna-tailed jungle-flycatcher	Cyornis colonus	127912	species
2015444	Timor blue-flycatcher	Cyornis hyacinthinus	127912	species
2018031		Francolinus francolinus asiae	9023	subspecies
2018473		Cissa hypoleuca	56791	species
2018474		Cissa jefferyi	56791	species
2018475		Dendrocitta cinerascens	257852	species
2020318	Regent honeyeater	Anthochaera phrygia	266337	species
2021365		Suiriri affinis	456429	species
2021823	White's thrush	Zoothera aurea	36287	species
2021860	Cassin's sparrow	Peucaea cassinii	1125616	species
2022784	Finsch's bulbul	Alophoixus finschii	147056	species
2022785	Kakamega greenbul	Arizelocichla kakamegae	1743244	species
2022786		Arizelocichla milanjensis milanjensis	1743245	subspecies
2022787		Cerasophila	36294	genus
2022788		Hypsipetes thompsoni	36295	species
2022789		Chlorocichla falkensteini	181091	species
2022790		Chlorocichla simplex	181091	species
2022811		Phyllastrephus baumanni	59967	species
2022812		Phyllastrephus fulviventris	59967	species
2022814		Pycnonotus tricolor	125282	species
2022815	Gray-headed bulbul	Brachypodius priocephalus	1766907	species
2022816	Crested finchbill	Spizixos canifrons	241746	species
2022817		Thapsinillas	36294	genus
2022818	Seram golden bulbul	Thapsinillas affinis	2022817	species
2022861		Pyrrhura amazonum microtera	311887	subspecies
2022862	Todd's parakeet	Pyrrhura caeruleiceps	51909	species
2022863		Pyrrhura caeruleiceps pantchenkoi	2022862	subspecies
2022864	Garlepp's parakeet	Pyrrhura parvifrons	51909	species
2022865	Bonaparte's parakeet	Pyrrhura lucianii	51909	species
2022866		Pyrrhura lucianii lucianii	2022865	subspecies
2022867	Rio Araguaia parakeet	Pyrrhura amazonum araguaiaensis	311887	subspecies
2022868		Pyrrhura dilutissima	51909	species
2022869		Pyrrhura dilutissima dilutissima	2022868	subspecies
2022870		Pyrrhura dilutissima pereneensis	2022868	subspecies
2022892		Pyrrhura lucianii orosaensis	2022865	subspecies
2022893		Pyrrhura roseifrons II	311883	no rank
2023241	Bornean bulbul	Pycnonotus montis	125282	species
2023654		Cygnus sumnerensis	8867	species
2023655		Cygnus sumnerensis sumnerensis	2023654	subspecies
2023656		Cygnus sumnerensis chathamicus	2023654	subspecies
2025361		Rhodonessa	2068716	genus
2025362	Pink-headed duck	Rhodonessa caryophyllacea	2025361	species
2025561	Grand munia	Lonchura grandis	40156	species
2025562	Hooded munia	Lonchura spectabilis	40156	species
2025572	Bismarck munia	Lonchura melaena	40156	species
2025573	Gray-crowned munia	Lonchura nevermanni	40156	species
2025574	Mottled munia	Lonchura hunsteini	40156	species
2025575	Black munia	Lonchura stygia	40156	species
2025578	New Ireland munia	Lonchura forbesi	40156	species
2025579	Yellow-rumped munia	Lonchura flaviprymna	40156	species
2025614		Anabacerthia lichtensteini	329509	species
2025997		Dendrocopos major x Dendrocopos syriacus	51357	species
2026169	Gray-headed munia	Lonchura caniceps	40156	species
2026170		Lonchura grandis x Lonchura castaneothorax	40156	species
2026566	Ceylon white-eye	Zosterops ceylonensis	36298	species
2026899	Kohatu shag	Leucocarbo septentrionalis	1523025	species
2029068	White-spotted munia	Lonchura leucosticta	40156	species
2029308		Garrulax treacheri	98126	species
2029309		Myophonus borneensis	869932	species
2029310		Fulvetta	36270	genus
2029459	Arabian lappet-faced vulture	Torgos negevensis	33605	species
2034714	Nubian nightjar	Caprimulgus nubicus	48284	species
2034717		Nectarinia sp.	2624528	species
2038249	Long-billed tailorbird	Artisornis moreaui	405072	species
2038250		Oreolais	81890	genus
2038781	Reichenow's woodpecker	Campethera scriptoricauda	265617	species
2038785	Gray-headed woodpecker	Dendropicos spodocephalus	165735	species
2038788	Melancholy woodpecker	Dendropicos lugubris	165735	species
2039005	Olive-backed woodpecker	Dinopium rafflesii	367956	species
2039007	Black-bodied woodpecker	Dryocopus schulzi	51358	species
2039008	Gray-and-buff woodpecker	Hemicircus concretus	367972	species
2039149	Black-and-buff woodpecker	Meiglyptes jugularis	315372	species
2039151	White-browed woodpecker	Piculus aurulentus	51360	species
2039152	Stripe-cheeked woodpecker	Piculus callopterus	51360	species
2039153	Lita woodpecker	Piculus litae	51360	species
2039154	Plain-breasted piculet	Picumnus castelnau	56080	species
2039155	Ocellated piculet	Picumnus dorbignyanus	56080	species
2039156	Arrowhead piculet	Picumnus minutissimus	56080	species
2039157	Olivaceous piculet	Picumnus olivaceus	56080	species
2039158	Orinoco piculet	Picumnus pumilus	56080	species
2039159	Ecuadorian piculet	Picumnus sclateri	56080	species
2039160	Speckle-chestep piculet	Picumnus steindachneri	56080	species
2039162	Fine-barred piculet	Picumnus subtilis	56080	species
2039163	Varzea piculet	Picumnus varzeae	56080	species
2039165	Iberian woodpecker	Picus sharpei	100824	species
2039170		Verreauxia	9220	genus
2039171	Scaled piculet	Picumnus squamulatus	56080	species
2039642	Oriental darter	Anhinga melanogaster	9212	species
2041612		Ptilotula	9146	genus
2042275		Poecile hudsonicus hudsonicus	156552	subspecies
2042276		Cranioleuca antisiensis antisiensis	86267	subspecies
2042277		Cranioleuca baroni capitalis	86269	subspecies
2042306		Xenops minutus mexicanus	255386	subspecies
2042307		Xenops minutus obsoletus	255386	subspecies
2042314		Vidua macroura arenosa	187451	subspecies
2042315		Vidua chalybeata neumanni	81927	subspecies
2042316		Vidua chalybeata amauropteryx	81927	subspecies
2044879	Crested shelduck	Tadorna cristata	8888	species
2045203	Somali crombec	Sylvietta isabellina	208068	species
2045204	Short-billed crombec	Sylvietta philippae	208068	species
2045205	Red-capped crombec	Sylvietta ruficapilla	208068	species
2045211		Eremomela usticollis	552898	species
2047046		Morus sp. (in: birds)	2688708	species
2049294	Cuban red macaw	Ara tricolor	9225	species
2049298	New Georgia dwarf-kingfisher	Ceyx collectoris	57403	species
2049299		Caridonax	8937	genus
2049300	White-rumped kingfisher	Caridonax fulgidus	2049299	species
2052820	Australian little penguin	Eudyptula novaehollandiae	37082	species
2052951		Lonchura nigerrima	40156	species
2057153	Sclater's crowned-pigeon	Goura sclaterii	115653	species
2058295		Bathilda ruficauda subclarescens	247737	subspecies
2058296		Cyanoptila cumatilis	125285	species
2058297		Neochmia temporalis temporalis	247735	subspecies
2058333		Poephila cincta atropygialis	247741	subspecies
2058335		Stizoptera bichenoii bichenoii	247775	subspecies
2058347	double-barred finch (black-ringed)	Stizoptera bichenoii annulosa	247775	subspecies
2059265		Catharus bicknelli x Catharus fuscescens	9184	species
2059558		Lepidothrix iris x Lepidothrix nattereri	321397	species
2059861		Anthus bogotensis	36257	species
2059862		Anthus nattereri	36257	species
2059863		Anthus chacoensis	36257	species
2059864		Anthus antarcticus	36257	species
2060079	Cerulean paradise-flycatcher	Eutrichomyias rowleyi	461251	species
2066013		Psophodes nigrogularis oberon	1453817	subspecies
2066014	Mallee whipbird	Psophodes leucogaster	461241	species
2066015		Psophodes leucogaster lashmari	2066014	subspecies
2067407	Cordillera Azul antbird	Myrmoderus eowilsoni	2133929	species
2068716		Anatinae	8830	subfamily
2068717		Dendrocygninae	8830	subfamily
2068718		Stictonettinae	8830	subfamily
2068719		Tadorninae	8830	subfamily
2068720		Plectropterinae	8830	subfamily
2068721		Aythyinae	8830	subfamily
2068722		Anserinae	8830	subfamily
2068731		Anatidae incertae sedis	8830	no rank
2068732		unclassified Anatidae	8830	no rank
2070373		Catharus sp. NYSM zt-1278	2624587	species
2071345		Edolisoma	880551	genus
2071349		Edolisoma tenuirostre nehrkorni	381023	subspecies
2071351		Edolisoma tenuirostre muellerii	381023	subspecies
2071352		Edolisoma tenuirostre timoriense	381023	subspecies
2071353		Edolisoma tenuirostre tagulanum	381023	subspecies
2071354		Edolisoma tenuirostre rostratum	381023	subspecies
2071355		Edolisoma tenuirostre pererratum	381023	subspecies
2071358		Edolisoma tenuirostre pelingi	381023	subspecies
2071359		Edolisoma tenuirostre obiense	381023	subspecies
2071360		Edolisoma tenuirostre numforanum	381023	subspecies
2071382		Edolisoma monacha	2071345	species
2071383		Edolisoma tenuirostre meyerii	381023	subspecies
2071384		Edolisoma tenuirostre melvillense	381023	subspecies
2071385		Edolisoma insperatum	2071345	species
2071386		Edolisoma tenuirostre grayi	381023	subspecies
2071387		Edolisoma tenuirostre emancipatum	381023	subspecies
2071388		Edolisoma tenuirostre edithae	381023	subspecies
2071389		Edolisoma tenuirostre aruense	381023	subspecies
2071390		Edolisoma tenuirostre amboinense	381023	subspecies
2071392		Edolisoma schisticeps schisticeps	424874	subspecies
2071393		Edolisoma remotum erythropygium	880546	subspecies
2071553		Edolisoma tenuirostre nisorium	381023	subspecies
2071554		Edolisoma remotum remotum	880546	subspecies
2071555		Edolisoma tenuirostre rooki	381023	subspecies
2071556		Edolisoma remotum ultimum	880546	subspecies
2071557		Edolisoma morio salvadorii	424871	subspecies
2071558		Edolisoma morio morio	424871	subspecies
2071559		Edolisoma morio talautense	424871	subspecies
2071560		Edolisoma mindanense mindanense	424870	subspecies
2071561		Edolisoma mindanense everetti	424870	subspecies
2071562		Edolisoma melas	2071345	species
2071563		Edolisoma melas melas	2071562	subspecies
2071564		Edolisoma holopolium holopolium	381021	subspecies
2072197		Myrmoborus lugubris	288069	species
2072386	African green-tinkerbird	Pogoniulus simplex	91774	species
2072387		Pogoniulus bilineatus bilineatus	91775	subspecies
2072388		Pogoniulus bilineatus fischeri	91775	subspecies
2072389		Pogoniulus bilineatus conciliator	91775	subspecies
2072784	Western whistler	Pachycephala occidentalis	46903	species
2074133		Trochalopteron chrysopterum	1673679	species
2074134		Trochalopteron yersini	1673679	species
2082326		Zosterops consobrinorum	36298	species
2082996	Esmeraldas woodstar	Chaetocercus berlepschi	472789	species
2082997	Gorgeted woodstar	Chaetocercus heliodor	472789	species
2082998	Bee hummingbird	Mellisuga helenae	1507478	species
2083297		Willisornis poecilinotus x Willisornis griseiventris	870536	species
2086271		Dendragapus fuliginosus sierrae	420184	subspecies
2086272		Dendragapus fuliginosus howardi	420184	subspecies
2086564		Heteroglaux	30459	genus
2086565	Forest owl	Athene blewitti	126785	species
2100722		Psittacula sp.	2621763	species
2108450		Vanellus sp.	2619480	species
2108515		Pionus chalcopterus chalcopterus	151768	subspecies
2109286		Arundinax	330750	genus
2109289		Tauraco schalowi loitanus	119419	subspecies
2109297		Tauraco corythaix phoebus	119413	subspecies
2109560	Chinese crested tern	Thalasseus bernsteini	555355	species
2109618		Zosterops palpebrosus siamensis	135986	subspecies
2109619		Zosterops palpebrosus williamsoni	135986	subspecies
2109620		Zosterops palpebrosus erwini	135986	subspecies
2116660		Locustellidae	2116661	family
2116661		Sylvioidea	9126	superfamily
2116672	Himalayan owl	Strix nivicolum	36304	species
2126354	Javan plover	Charadrius javanicus	50391	species
2126426		Riparia diluta diluta	470159	subspecies
2126427		Riparia diluta tibetana	470159	subspecies
2126428		Riparia diluta fohkienensis	470159	subspecies
2126429		Riparia riparia shelleyi	88110	subspecies
2126430		Riparia diluta indica	470159	subspecies
2126774		Colluricincla tenebrosa atra	461231	subspecies
2126775		Colluricincla harmonica harmonica	254449	subspecies
2126776		Colluricincla harmonica strigata	254449	subspecies
2126777		Colluricincla harmonica brunnea	254449	subspecies
2126778		Colluricincla harmonica rufiventris	254449	subspecies
2126779		Colluricincla harmonica superciliosa	254449	subspecies
2126780		Colluricincla megarhyncha hybridus	156160	subspecies
2126782		Colluricincla tenebrosa tenebrosa	461231	subspecies
2126783		Colluricincla megarhyncha melanorhyncha	156160	subspecies
2133929		Myrmoderus	81887	genus
2133942		Philesturnus	192205	genus
2135244	Shelley's greenbul	Arizelocichla masukuensis	1743244	species
2135437		Micropternus	9220	genus
2162646		Phaethornis bourcieri bourcieri	472903	subspecies
2162647		Phaethornis bourcieri major	472903	subspecies
2162648	Tapajos hermit	Phaethornis aethopygus	46512	species
2162867	bamboo scrub-warbler	Locustella alfredi	68487	species
2162869	Chatham fernbird	Poodytes rufescens	2163166	species
2162870		Megalurulus	2116660	genus
2162871	Bismarck thicketbird	Megalurulus grosvenori	2162870	species
2162872	New Caledonian grassbird	Megalurulus mariae	2162870	species
2162873	rusty thicketbird	Megalurulus rubiginosus	2162870	species
2162874	long-legged thicketbird	Megalurulus rufus	2162870	species
2162875	Guadalcanal thicketbird	Megalurulus whitneyi	2162870	species
2162876		Robsonius	2116660	genus
2162877	Sierra Madre ground-warbler	Robsonius thompsoni	2162876	species
2162878		Elaphrornis	2116660	genus
2162879	Ceylon bush-warbler	Elaphrornis palliseri	2162878	species
2162880		Buettikoferella	2116660	genus
2162881	buff-banded grassbird	Buettikoferella bivittata	2162880	species
2162882		Amphilais	2116660	genus
2162883	grey emu-tail	Amphilais seebohmi	2162882	species
2162884	friendly bush-warbler	Locustella accentor	68487	species
2163026	Uganda woodland-warbler	Phylloscopus budongoensis	9181	species
2163028	Black-capped woodland-warbler	Phylloscopus herberti	9181	species
2163029	Island leaf-warbler	Phylloscopus maforensis	9181	species
2163030	San Cristobal leaf-warbler	Phylloscopus makirensis	9181	species
2163031	Plain leaf-warbler	Phylloscopus neglectus	9181	species
2163163		Locustella certhiola minor	126877	subspecies
2163164	Papuan grassbird	Cincloramphus macrurus	237417	species
2163165		Cincloramphus macrurus interscapularis	2163164	subspecies
2163166		Poodytes	2116660	genus
2163167		Poodytes punctatus caudatus	980226	subspecies
2163173		Locustella luscinioides fusca	68490	subspecies
2169440		Cincloramphus timoriensis tweeddalei	980225	subspecies
2169441		Cincloramphus timoriensis crex	980225	subspecies
2169681		Artamidae	9126	family
2170532		Phaethon lepturus ascensionis	97097	subspecies
2170533		Phaethon lepturus catesbyi	97097	subspecies
2170534		Phaethon lepturus lepturus	97097	subspecies
2170535		Phaethon lepturus europae	97097	subspecies
2170706		Phylloscopus poliocephalus pallescens	287173	subspecies
2170707		Phylloscopus sp. NN-2018a	2614684	species
2170708		Phylloscopus sp. NN-2018b	2614684	species
2171555		Pogoniulus bilineatus mfumbiri	91775	subspecies
2171556	White-chested tinkerbird	Pogoniulus makawai	91774	species
2171559	Lemon-rumped tinkerbird	Pogoniulus leucolaimus	91774	species
2171569		Pogoniulus bilineatus jacksoni	91775	subspecies
2171587		Prinia striata	330746	subspecies
2171591		Prinia crinigera crinigera	330746	subspecies
2171592		Prinia crinigera striatula	330746	subspecies
2171593		Prinia polychroa	81891	species
2171594		Prinia polychroa bangsi	2171593	subspecies
2171595		Prinia cooki	2171593	subspecies
2171596		Prinia crinigera parumstriata	330746	subspecies
2171612		Prinia superciliaris superciliaris	1273693	subspecies
2171613		Prinia rocki	2171593	subspecies
2171615		Prinia polychroa polychroa	2171593	subspecies
2173028		Polioptila clementsi	66705	species
2173029		Polioptila lactea	66705	species
2173030		Polioptila lembeyei	66705	species
2173074		Microbates cinereiventris peruvianus	700774	subspecies
2173075		Microbates cinereiventris cinereiventris	700774	subspecies
2173076		Microbates cinereiventris semitorquatus	700774	subspecies
2173078		Microbates collaris perlatus	1109065	subspecies
2173079		Microbates collaris collaris	1109065	subspecies
2173081		Polioptila albiloris albiloris	66706	subspecies
2173082		Polioptila albiloris vanrossemi	66706	subspecies
2173083		Polioptila albiloris albiventris	66706	subspecies
2173084		Polioptila caerulea caerulea	66707	subspecies
2173085		Polioptila caerulea cozumelae	66707	subspecies
2173086		Polioptila caerulea deppei	66707	subspecies
2173087		Polioptila caerulea obscura	66707	subspecies
2173088		Polioptila californica californica	66708	subspecies
2173089		Polioptila dumicola dumicola	221977	subspecies
2173090		Polioptila dumicola saturata	221977	subspecies
2173091		Polioptila dumicola berlepschi	221977	subspecies
2173092		Polioptila melanura melanura	66709	subspecies
2173093		Polioptila melanura lucida	66709	subspecies
2173094		Polioptila melanura curtata	66709	subspecies
2173107		Polioptila nigriceps restricta	66710	subspecies
2173108		Polioptila plumbea plumbea	592667	subspecies
2173110		Polioptila plumbea innotata	592667	subspecies
2173111		Polioptila plumbea parvirostris	592667	subspecies
2173112		Polioptila plumbea atricapilla	592667	subspecies
2173113	White-browed gnatcatcher	Polioptila bilineata	66705	species
2173118		Polioptila bilineata bilineata	2173113	subspecies
2173119		Polioptila bilineata brodkorbi	2173113	subspecies
2173120		Polioptila bilineata superciliaris	2173113	subspecies
2173121		Polioptila bilineata cinericia	2173113	subspecies
2173122		Polioptila plumbea plumbiceps	592667	subspecies
2173123	Maranon gnatcatcher	Polioptila maior	66705	species
2173124		Ramphocaenus melanurus melanurus	592666	subspecies
2173126		Ramphocaenus melanurus trinitatis	592666	subspecies
2173127		Ramphocaenus melanurus albiventris	592666	subspecies
2173129		Ramphocaenus melanurus badius	592666	subspecies
2173130		Ramphocaenus melanurus amazonum	592666	subspecies
2173132		Ramphocaenus melanurus sticturus	592666	subspecies
2173133		Ramphocaenus melanurus obscurus	592666	subspecies
2173134	Long-billed gnatwren	Ramphocaenus rufiventris	592665	species
2173136		Ramphocaenus rufiventris rufiventris	2173134	subspecies
2173137		Ramphocaenus rufiventris ardeleo	2173134	subspecies
2173605		Polioptila caerulea mexicana	66707	subspecies
2173606		Polioptila caerulea amoenissima	66707	subspecies
2173607		Polioptila nigriceps nigriceps	66710	subspecies
2173608		Polioptila californica pontilis	66708	subspecies
2173609		Polioptila californica margaritae	66708	subspecies
2173846		Polioptila caerulea nelsoni	66707	subspecies
2175861		Melanerpes uropygialis brewsteri	177296	subspecies
2175862		Melanerpes superciliaris caymanensis	372309	subspecies
2175863		Melanerpes pygmaeus rubricomus	372306	subspecies
2182455	Sulawesi swiftlet	Aerodramus sororum	46474	species
2182456	Tahiti swiftlet	Aerodramus leucophaeus	46474	species
2182457	Marquesan swiftlet	Aerodramus ocistus	46474	species
2182458		Aerodramus ocistus ocistus	2182457	subspecies
2182459		Aerodramus ocistus gilliardi	2182457	subspecies
2182460		Aerodramus spodiopygius leucopygius	46482	subspecies
2182462	Satin swiftlet	Collocalia uropygialis	46489	species
2182463		Collocalia uropygialis albidior	2182462	subspecies
2183757		Garrulax bicolor	98126	species
2183758		Garrulax bieti	98126	species
2183759		Garrulax caerulatus caerulatus	1156350	subspecies
2183760		Garrulax caerulatus kaurensis	1156350	subspecies
2183761		Garrulax chinensis germaini	238863	subspecies
2183762		Garrulax cinereifrons	98126	species
2183763		Garrulax davidi concolor	520169	subspecies
2183764		Garrulax lanceolatus latouchei	201302	subspecies
2183765		Garrulax woodi	98126	species
2183766		Garrulax leucolophus diardi	98127	subspecies
2183767		Garrulax leucolophus patkaicus	98127	subspecies
2183768		Garrulax maesi maesi	1149625	subspecies
2183769		Garrulax castanotis	98126	species
2183770		Garrulax castanotis varennei	2183769	subspecies
2183771		Garrulax annamensis	98126	species
2183772		Garrulax merulinus obscurus	1149626	subspecies
2183773		Garrulax mitratus mitratus	589709	subspecies
2183774		Garrulax monileger monileger	1048754	subspecies
2183775		Garrulax monileger tonkinensis	1048754	subspecies
2183776		Ianthocincla ocellata ocellata	201311	subspecies
2183777		Garrulax palliatus palliatus	1149627	subspecies
2183778		Garrulax pectoralis subfusus	520176	subspecies
2183779		Garrulax rufifrons	98126	species
2183780		Garrulax rufifrons rufifrons	2183779	subspecies
2183781		Ianthocincla rufogularis intensior	1464001	subspecies
2183782		Garrulax strepitans strepitans	480921	subspecies
2183783		Grammatoptila	1673678	genus
2183784		Grammatoptila striata striata	1118563	subspecies
2183785		Grammatoptila striata cranbrooki	1118563	subspecies
2183786		Heterophasia capistrata bayleyi	201326	subspecies
2183787		Heterophasia desgodinsi	201325	species
2183788		Heterophasia desgodinsi tonkinensis	2183787	subspecies
2183789		Heterophasia desgodinsi robinsoni	2183787	subspecies
2183791		Heterophasia picaoides cana	1149634	subspecies
2183792		Heterophasia picaoides simillima	1149634	subspecies
2183793		Heterophasia picaoides wrayi	1149634	subspecies
2183794		Laniellus	1673678	genus
2183795		Laniellus albonotatus	2183794	species
2183796		Laniellus langbianis	2183794	species
2183798		Leioptila	1673678	genus
2183799		Leioptila annectens saturata	1149633	subspecies
2183800		Leiothrix argentauris cunhaci	201335	subspecies
2183801		Leiothrix argentauris vernayi	201335	subspecies
2183802		Leiothrix argentauris laurinae	201335	subspecies
2183803		Argya	1673678	genus
2183804		Argya subrufa	2183803	species
2183805		Argya aylmeri	2183803	species
2183806		Argya aylmeri aylmeri	2183805	subspecies
2183807		Argya caudata huttoni	1464063	subspecies
2183808		Argya fulva	2183803	species
2183809		Argya fulva acaciae	2183808	subspecies
2183810		Argya fulva fulva	2183808	subspecies
2183811		Argya rubiginosa heuglini	147062	subspecies
2183812		Argya rubiginosa rubiginosa	147062	subspecies
2183813		Argya earlei earlei	1464064	subspecies
2183814		Argya squamiceps squamiceps	1156349	subspecies
2183815		Argya squamiceps yemensis	1156349	subspecies
2183816	Yellow-billed babbler	Argya affinis	2183803	species
2183817		Turdoides gymnogenys	147061	species
2183818		Turdoides hartlaubii	147061	species
2183819		Turdoides hypoleuca	147061	species
2183820		Turdoides hypoleuca hypoleuca	2183819	subspecies
2183821		Turdoides jardineii hyposticta	181634	subspecies
2183822		Turdoides jardineii kirkii	181634	subspecies
2183823		Turdoides jardineii jardineii	181634	subspecies
2183824		Turdoides leucocephala	147061	species
2183825		Turdoides leucocephala leucocephala	2183824	subspecies
2183826		Turdoides leucopygia	147061	species
2183827		Turdoides leucopygia limbata	2183826	subspecies
2183828		Turdoides reinwardtii stictilaema	1149676	subspecies
2183829		Turdoides sharpei	147061	species
2183830		Turdoides sharpei sharpei	2183829	subspecies
2183831		Turdoides squamulata	147061	species
2183832		Turdoides squamulata squamulata	2183831	subspecies
2183833		Turdoides striata striata	1464067	subspecies
2183834		Turdoides tenebrosa	147061	species
2183836		Turdoides plebejus platycirca	208070	subspecies
2183837		Turdinus macrodactylus	1743390	species
2183838		Trochalopteron austeni	1673679	species
2183839		Trochalopteron austeni austeni	2183838	subspecies
2183840		Montecincla cachinnans cachinnans	1673680	subspecies
2183841		Trochalopteron erythrocephalum nigrimentum	201310	subspecies
2183842		Montecincla fairbanki fairbanki	1689841	subspecies
2183843		Trochalopteron formosum	1673679	species
2183844		Trochalopteron formosum formosum	2183843	subspecies
2183845		Trochalopteron formosum greenwayi	2183843	subspecies
2183846		Trochalopteron lineatum setafer	520172	subspecies
2183848		Trochalopteron lineatum gilgit	520172	subspecies
2183849		Trochalopteron milnei vitryi	1743383	subspecies
2183850		Trochalopteron morrisonianum	1673679	species
2183851		Trochalopteron subunicolor subunicolor	201314	subspecies
2183852		Trochalopteron subunicolor fooksi	201314	subspecies
2183853		Trochalopteron variegatum simile	201315	subspecies
2183854		Trochalopteron virgatum	1673679	species
2183855		Siva	1673678	genus
2183856		Actinodura cyanouroptera orientalis	201347	subspecies
2183857		Actinodura cyanouroptera sordidior	201347	subspecies
2183858		Sibia	1673678	genus
2183859		Actinodura nipalensis vinctura	201297	subspecies
2183860		Actinodura souliei souliei	181643	subspecies
2183861		Cutia nipalensis cervinicrissa	201306	subspecies
2183862		Cutia nipalensis melanchima	201306	subspecies
2183863		Cutia nipalensis legalleni	201306	subspecies
2183864		Chatarrhaea	1673678	genus
2183865		Chatarrhaea longirostris	2183864	species
2183866		Garrulax albogularis albogularis	201309	subspecies
2183867		Actinodura egertoni egertoni	889799	subspecies
2183868		Actinodura ramsayi ramsayi	889800	subspecies
2183869		Leiothrix lutea kwangtungensis	36275	subspecies
2183870		Minla ignotincta mariae	201348	subspecies
2183871		Phyllanthus atripennis atripennis	634342	subspecies
2183872		Acanthoptila	1673678	genus
2183873		Liocichla ripponi	201337	species
2183874		Chrysominla	1673678	genus
2183875		Chrysominla strigula malayana	201349	subspecies
2183876		Lioparus	36270	genus
2185134		Pardaliparus	9153	genus
2200781		Trochilidae sp. Rogitama hummingbird	9242	species
2200831	White-bellied heron	Ardea insignis	30389	species
2201931	Pine siskin	Spinus pinus	1647189	species
2202208		Recurvirostra novaehollandiae	171274	species
2211474		Myrmelastes brunneiceps	1941453	species
2211475		Myrmelastes rufifacies	1941453	species
2211541		Myrmelastes schistaceus	1941453	species
2211542		Tolmomyias flavotectus	360233	species
2211543		Hylopezus dives	117177	species
2212683		Anthus hoeschi	36257	species
2212686		Cossypha ansorgei	228313	species
2213227		Phoenicurus phoenicurus samamisicus	121423	subspecies
2219150	Fiji goshawk	Accipiter rufitorques	8956	species
2219151		Ibycter	8949	genus
2219159		Mixornis bornensis	1948885	species
2219160		Psilopogon eximius	91776	species
2219677		Cantorchilus longirostris	1740306	species
2219678		Ferminia	69501	genus
2219679		Ferminia cerverai	2219678	species
2230676		Jabouilleia naungmungensis	201331	species
2231372		Actenoides bougainvillei	342374	species
2231375		Actenoides monachus	342374	species
2231377		Actenoides monachus capucinus	2231375	subspecies
2231378		Actenoides princeps	342374	species
2231381		Actenoides bougainvillei excelsus	2231372	subspecies
2231422	Azure kingfisher	Ceyx azureus	57403	species
2231423		Ceyx flumenicola	57403	species
2231424		Ceyx gentianus	57403	species
2231425		Ceyx malaitae	57403	species
2231426		Ceyx margarethae	57403	species
2231427		Ceyx meeki	57403	species
2231428		Ceyx meeki meeki	2231427	subspecies
2231429		Ceyx mulcatus	57403	species
2231430		Ceyx nigromaxilla	57403	species
2231431		Ceyx sacerdotis	57403	species
2231432		Ceyx solitarius	57403	species
2231439		Aspatha	57387	genus
2231440		Aspatha gularis	2231439	species
2231441		Cittura cyanotis sanghirensis	342383	subspecies
2231442		Corythornis madagascariensis	1977157	species
2231443		Corythornis vintsioides	1977157	species
2231445		Dacelo tyro	8938	species
2231447		Halcyon albiventris	170865	species
2231448		Halcyon chelicuti	170865	species
2231449		Halcyon cyanoventris	170865	species
2231450		Halcyon gularis	170865	species
2231451		Halcyon senegaloides	170865	species
2231519		Lacedo pulchella melanops	342363	subspecies
2231520	Brown-winged kingfisher	Pelargopsis amauroptera	342364	species
2231521	Black-billed kingfisher	Pelargopsis melanorhyncha	342364	species
2231534	Numfor paradise-kingfisher	Tanysiptera carolinae	342386	species
2231535	Brown-headed Paradise-kingfisher	Tanysiptera danae	342386	species
2231536	Little paradise-kingfisher	Tanysiptera hydrocharis	342386	species
2231542	Black-headed paradise-kingfisher	Tanysiptera nigriceps	342386	species
2231543	Red-breasted paradise-kingfisher	Tanysiptera nympha	342386	species
2231544	Biak paradise-kingfisher	Tanysiptera riedelii	342386	species
2231572	Mariana kingfisher	Todiramphus albicilla	325346	species
2231573	New Britain kingfisher	Todiramphus albonotatus	325346	species
2231574	Cinnamon-banded kingfisher	Todiramphus australasia	325346	species
2231575	Blue-and-white kingfisher	Todiramphus diops	325346	species
2231576	Talaud kingfisher	Todiramphus enigma	325346	species
2231582	Sombre kingfisher	Todiramphus funebris	325346	species
2231590	Lazuli kingfisher	Todiramphus lazuli	325346	species
2231591	Palau kingfisher	Todiramphus pelewensis	325346	species
2231592	Pohnpei kingfisher	Todiramphus reichenbachii	325346	species
2231594	Pacific kingfisher	Todiramphus sacer	325346	species
2231595	Torresian kingfisher	Todiramphus sordidus	325346	species
2231604	Melanesian kingfisher	Todiramphus tristrami	325346	species
2231727	Chaco owl	Strix chacoensis	36304	species
2231778		Lepidopygia	37611	genus
2231779	Madagascar munia	Lepidopygia nana	2231778	species
2231780		Mesitornis variegatus	54373	species
2233530		Galbula chalcothorax	118186	species
2234124		Ara macao cyanopterus	176014	subspecies
2249209	rufous-breasted antpitta	Grallaricula leymebambae	117175	species
2249225	Henderson crake	Porzana atra	54491	species
2249714		Neopelma chrysolophum	114328	species
2259023		Mascarenotus	30459	genus
2259025	Mauritius owl	Mascarenotus sauzieri	2259023	species
2259026	Rodrigueo Owlet	Mascarenotus murivorus	2259023	species
2259667	Scaly-naped parrot	Amazona mercenarius	12929	species
2259668	Sula hanging-parrot	Loriculus sclateri	60470	species
2259669	Pacific parakeet	Psittacara strenuus	1664462	species
2259670	Layard's parakeet	Psittacula calthrapae	9227	species
2259671		Pyrilia	9224	genus
2267887	Ultramarine lorikeet	Vini ultramarina	176050	species
2267888	Stephen's lorikeet	Vini stepheni	176050	species
2267889	Kuhl's lorikeet	Vini kuhlii	176050	species
2267890	Pohnpei lorikeet	Trichoglossus rubiginosus	176048	species
2268892		Emberiza striolata saturatior	504330	subspecies
2268893		Emberiza striolata jebelmarrae	504330	subspecies
2269079		Piranga hepatica	36732	species
2269080		Piranga lutea	36732	species
2282479		Sturnia	9170	genus
2282767		Bolborhynchus ferrugineifrons	211876	species
2282768	Andean parakeet	Bolborhynchus orbygnesius	211876	species
2282769		Tanygnathus gramineus	274072	species
2282770		Touit dilectissimus	458124	species
2282771		Pyrrhura calliptera	51909	species
2282772		Loriculus aurantiifrons	60470	species
2282773		Charmosyna amabilis	176019	species
2282774		Ognorhynchus	9224	genus
2282775		Ognorhynchus icterotis	2282774	species
2292260		Vermivora chrysoptera x Setophaga pensylvanica	2527871	species
2292715	Ala Shan redstart	Phoenicurus alaschanicus	121422	species
2292716	Marsh babbler	Pellorneum palustre	98145	species
2292718		Cisticola pipiens	52621	species
2292719		Anthreptes rhodolaemus	208074	species
2292720		Aegithina nigrolutea	175020	species
2293877		Puffinus bailloni nicolae	232371	subspecies
2294021		Eurostopodus mystacalis albogularis	48290	subspecies
2294022		Fulica americana caribaea	81903	subspecies
2294023	Red-tufted sunbird	Nectarinia johnstoni	145371	species
2294024		Picumnus aurifrons borbae	56081	subspecies
2294025	Golden-breasted fruiteater	Pipreola aureopectus	114365	species
2294026		Saxicola macrorhynchus	69509	species
2294027		Selasphorus flammula torridus	472913	subspecies
2294095		Anas platyrhynchos x Anas superciliosa	8835	species
2301368		Charmosyna palmarum	176019	species
2301369		Charmosyna rubrigularis	176019	species
2301370		Charmosyna toxopei	176019	species
2301371		Charmosyna wilhelminae	176019	species
2301373		Charmosyna diadema	176019	species
2301374		Micropsitta geelvinkiana	57422	species
2301375		Micropsitta meeki	57422	species
2301377		Cyclopsitta gulielmitertii	503984	species
2301378		Psittacella modesta	458122	species
2301379		Psittacella madaraszi	458122	species
2301436		Touit stictopterus	458124	species
2301437		Geoffroyus geoffroyi	503986	species
2302996		Hylophilus amaurocephalus	158056	species
2305099		Pitohui uropygialis	156165	species
2307095		Emberiza godlewskii decolorata	460201	subspecies
2307096		Emberiza godlewskii khamensis	460201	subspecies
2307268	Duchess lorikeet	Charmosyna margarethae	176019	species
2315207		Serinus canaria var. domesticus x Spinus barbatus	37599	species
2315952		Emberiza godlewskii styani	460201	subspecies
2316026		Vanellus albiceps	50403	species
2316767		Megaceryle torquata stellata	488310	subspecies
2316768		Troglodytes musculus chilensis	109448	subspecies
2320900		Leiothlypis celata celata	62259	subspecies
2320901		Leiothlypis celata sordida	62259	subspecies
2320902		Leiothlypis celata orestera	62259	subspecies
2336746		Collocalia esculenta spilura	46490	subspecies
2336747		Collocalia affinis	46489	species
2336748		Collocalia affinis cyanoptila	2336747	subspecies
2336749		Aerodramus sp.	2631932	species
2336750		Aerodramus inexpectatus	46474	species
2336751	German's swiftlet	Aerodramus germani	46474	species
2338434		Geoffroyus simplex	503986	species
2338435		Prosopeia splendens	381278	species
2338436		Pyrrhura devillei	51909	species
2338437		Pyrrhura viridicata	51909	species
2338438		Pyrrhura hoematotis	51909	species
2338440		Loriculus camiguinensis	60470	species
2338441		Loriculus tener	60470	species
2338444		Prosopeia personata	381278	species
2338445		Pyrrhura subandina	51909	species
2338447		Pyrrhura berlepschi	51909	species
2338448		Poicephalus crassus	176044	species
2338449		Touit costaricensis	458124	species
2338451		Agriornis albicauda	123639	species
2338452		Agriornis lividus	123639	species
2338453		Aphanotriccus capitalis	183534	species
2338454		Contopus caribaeus	183520	species
2338455		Contopus hispaniolensis	183520	species
2338456		Contopus lugubris	183520	species
2338501		Contopus ochraceus	183520	species
2338507		Knipolegus cabanisi	377286	species
2338508		Lathrotriccus griseipectus	183536	species
2338509		Muscipipra	28728	genus
2338510		Muscipipra vetula	2338509	species
2338511		Myiophobus roraimae roraimae	495171	subspecies
2338512		Myiophobus roraimae rufipennis	495171	subspecies
2338513		Myiotheretes pernix	495229	species
2338514		Nephelomyias	28728	genus
2338515		Nephelomyias pulcher	2338514	species
2338516		Ochthoeca fumicolor	456399	species
2338517		Ochthoeca leucophrys	456399	species
2338522		Ochthoeca piurae	456399	species
2338523		Silvicultrix diadema	1604844	species
2338525		Silvicultrix jelskii	1604844	species
2338534		Xenotriccus	28728	genus
2338535		Xenotriccus callizonus	2338534	species
2338536		Xenotriccus mexicanus	2338534	species
2338547		Tyto detorta	56312	species
2338548		Tyto alba gracilirostris	56313	subspecies
2338549		Tyto alba hypermetra	56313	subspecies
2338550		Tyto alba thomensis	56313	subspecies
2338551		Tyto alba contempta	56313	subspecies
2339097		Tyto alba guatemalae	56313	subspecies
2339133		Tyto alba insularis	56313	subspecies
2339134		Tyto alba lucayana	56313	subspecies
2339151		Tyto alba nigrescens	56313	subspecies
2339152		Tyto alba punctatissima	56313	subspecies
2339153		Tyto javanica interposita	1906754	subspecies
2339158		Tyto javanica javanica	1906754	subspecies
2339159		Tyto javanica lifuensis	1906754	subspecies
2339160	Taliabu masked-Owl	Tyto nigrobrunnea	56312	species
2339161		Tyto longimembris longimembris	507993	subspecies
2339162		Tyto longimembris walleri	507993	subspecies
2339163		Tyto novaehollandiae novaehollandiae	507994	subspecies
2339165	Madagascar red owl	Tyto soumagnei	56312	species
2340802		Tyto soumagnei soumagnei	2339165	subspecies
2340803		Tyto rosenbergii rosenbergii	1424617	subspecies
2358188		Arizelocichla fusciceps	1743244	species
2358189		Hypsipetes moheliensis	36295	species
2358191		Pycnonotus hualon	125282	species
2358207		Pycnonotus xantholaemus	125282	species
2358208		Dicrurus divaricatus	175003	subspecies
2358209		Dicrurus sharpei	450163	subspecies
2364091		Arizelocichla montana	1743244	species
2364092		Chamaetylas poliocephala	1743359	species
2419725	Yellow-tufted pipit	Anthus crenatus	36257	species
2419786		Macronyx ameliae	228278	species
2419787		Macronyx capensis	228278	species
2419788		Macronyx fuelleborni	228278	species
2419789		Macronyx grimwoodi	228278	species
2419791	Yellow-breasted pipit	Anthus chloris	36257	species
2419792	Bush pipit	Anthus caffer	36257	species
2419793		Anthus nicholsoni	1002734	subspecies
2419794		unclassified Motacillidae	36256	no rank
2419795		Motacillidae sp. DP-2018a	2419794	species
2419989		Anthus cinnamomeus rufuloides	211418	subspecies
2419990		Anthus leucophrys leucophrys	1002729	subspecies
2420027		Anthus vaalensis vaalensis	1002735	subspecies
2420028		Macronyx capensis colletti	2419787	subspecies
2420032		Anthus vaalensis chobiensis	1002735	subspecies
2420040		Anthus vaalensis neumanni	1002735	subspecies
2420042		Anthus vaalensis daviesi	1002735	subspecies
2420043		Anthus cinnamomeus spurium	211418	subspecies
2420044		Anthus caffer mzimbaensis	2419792	subspecies
2420045		Macronyx ameliae wintoni	2419786	subspecies
2420046		Anthus brachyurus brachyurus	211419	subspecies
2420047		Anthus cinnamomeus bocagii	211418	subspecies
2420048		Anthus nyassae nyassae	1247835	subspecies
2420049		Macronyx fuelleborni ascensi	2419788	subspecies
2448458	Slender-billed curlew	Numenius tenuirostris	32638	species
2448645		Calamonastes fasciolatus	405074	species
2448647		Coracias naevius	56291	species
2448684	Great dusky swift	Cypseloides senex	46499	species
2448697		Lonchura fuscans	40156	species
2461400		Coeligena bonapartei bonapartei	673902	subspecies
2461401		Coeligena bonapartei consita	673902	subspecies
2461402		Coeligena eos	56649	species
2461403		Coeligena helianthea helianthea	673903	subspecies
2461404		Coeligena helianthea tamai	673903	subspecies
2478656		Petroica pusilla becki	2478657	subspecies
2478657	Pacific robin	Petroica pusilla	228563	species
2478660		Petroica pusilla dennisi	2478657	subspecies
2478664		Petroica pusilla septentrionalis	2478657	subspecies
2478671		Petroica pusilla pusilla	2478657	subspecies
2478747		Aegithina viridissima	175020	species
2478748		Aegithina viridissima viridissima	2478747	subspecies
2478749		Aethopyga siparaja siparaja	667142	subspecies
2478751		Alophoixus phaeocephalus diardi	182888	subspecies
2478752		Anthreptes malacensis malacensis	233787	subspecies
2478753		Anthreptes simplex	208074	species
2478754		Arachnothera chrysogenys chrysogenys	632591	subspecies
2478755		Arachnothera longirostra buettikoferi	237415	subspecies
2478756		Calyptomena viridis viridis	135972	subspecies
2478757		Chalcophaps indica indica	187108	subspecies
2478758		Cymbirhynchus macrorhynchos macrorhynchos	239374	subspecies
2478759		Cyornis superbus	127912	species
2478760		Cyornis umbratilis	127912	species
2478761		Dicaeum minullum borneanum	1463950	subspecies
2478762		Dicaeum cruentatum nigrimentum	667152	subspecies
2478763		Eurylaimus javanicus brookei	363775	subspecies
2478764		Hirundo tahitica javanica	317131	subspecies
2478765		Kurochkinegramma hypogrammicum hypogrammicum	946197	subspecies
2478766		Hypothymis azurea prophata	107210	subspecies
2478779		Leptocoma brasiliana	632600	species
2478780		Leptocoma brasiliana brasiliana	2478779	subspecies
2478781		Macronus	9173	genus
2478782		Macronus ptilosus	2478781	species
2478793		Macronus ptilosus reclusus	2478782	subspecies
2478794		Pellorneum malaccense poliogenis	1792496	subspecies
2478795		Malacocincla sepiaria rufiventris	1070449	subspecies
2478796		Malacopteron cinereum cinereum	201343	subspecies
2478797		Malacopteron magnirostre cinereocapilla	589850	subspecies
2478798		Malacopteron magnum magnum	1149643	subspecies
2478799		Oriolus xanthonotus xanthonotus	98140	subspecies
2478800		Philentoma pyrhoptera pyrhoptera	316104	subspecies
2478801		Prionochilus maculatus maculatus	667169	subspecies
2478804		Pycnonotus cyaniventris paroticalis	374630	subspecies
2478805		Pycnonotus simplex simplex	632605	subspecies
2478806		Cyanoderma erythroptera rufa	2692423	subspecies
2478807		Stachyris maculata maculata	1149672	subspecies
2478809		Surniculus lugubris barussarum	78210	subspecies
2478810		Trichastoma rostratum macropterum	1149679	subspecies
2478811		Tricholestes criniger viridis	147060	subspecies
2478812		Rhinortha	8941	genus
2478813		Rhinortha chlorophaea	2478812	species
2478814		Kurochkinegramma	135425	genus
2478889		Indicator archipelagicus	189528	species
2478891		Atlantisia	9119	genus
2478892	Inaccessible Island rail	Atlantisia rogersi	2478891	species
2479989		Origma murina	720585	species
2479990	Mountain mouse-warbler	Origma robusta	720585	species
2479991		Aethomyias	626425	genus
2479992		Aethomyias nigrorufus	2479991	species
2479993		Aethomyias arfakianus	2479991	species
2479994	Papuan scrubwren	Aethomyias papuensis	2479991	species
2479995		Aethomyias spilodera	2479991	species
2479996		Neosericornis	626425	genus
2480085		Sericornis maculatus	27581	species
2482729		Petroica archboldi	228563	species
2482730		Petroica bivittata	228563	species
2482731		Petroica bivittata bivittata	2482730	subspecies
2482732		Petroica bivittata caudata	2482730	subspecies
2483883		Horornis fortipes	1592217	species
2483888		Horornis fortipes fortipes	2483883	subspecies
2483889		Horornis fortipes davidianus	2483883	subspecies
2483890		Horornis fortipes pallidus	2483883	subspecies
2483980		Horornis robustipes	1592217	species
2484641		Zosterops citrinella citrinella	589878	subspecies
2484642		Zosterops citrinella harterti	589878	subspecies
2485039		Zosterops japonicus montanus	36299	subspecies
2485040	Swinhoe's white-eye	Zosterops simplex	36298	species
2485260		Zosterops melanurus	36298	species
2485261		Zosterops melanurus melanurus	2485260	subspecies
2485262		Zosterops melanurus buxtoni	2485260	subspecies
2485263		Zosterops simplex erwini	2485040	subspecies
2485264		Zosterops simplex salvadorii	2485040	subspecies
2485266		Zosterops simplex simplex	2485040	subspecies
2485278		Alcippe pyrrhoptera	181644	species
2485279		Argya altirostris	2183803	species
2485280		Garrulax berthemyi	98126	species
2485281		Garrulax calvus	98126	species
2485282		Garrulax lugubris	98126	species
2485283		Garrulax waddelli	98126	species
2485284		Mixornis flavicollis	1948885	species
2485303		Sinosuthora	36270	genus
2485304		Sinosuthora alphonsiana	2485303	species
2485305		Pomatorhinus melanurus	98147	species
2485306		Sinosuthora conspicillata	2485303	species
2485307		Sinosuthora zappeyi	2485303	species
2485308		Spelaeornis kinneari	202234	species
2485309		Spelaeornis oatesi	202234	species
2485324		Zosterops atriceps	36298	species
2485325		Zosterops buruensis	36298	species
2485326		Zosterops grayi	36298	species
2485327		Zosterops hypoxanthus	36298	species
2485328		Zosterops lacertosus	36298	species
2485329		Zosterops natalis	36298	species
2485330		Zosterops novaeguineae	36298	species
2485331		Zosterops samoensis	36298	species
2485332		Zosterops stalkeri	36298	species
2485333		Zosterops uropygialis	36298	species
2485335		Stachyris nonggangensis	98149	species
2485336		Trochalopteron melanostigma	1673679	species
2485337		Trochalopteron peninsulae	1673679	species
2485338		Turdoides rufescens	147061	species
2485339		Cholornis	36270	genus
2485340		Cholornis unicolor	2485339	species
2485342		Garrulax koslowi	98126	species
2485344		Psittiparus	36270	genus
2485345	Grey-headed parrotbill	Psittiparus gularis	2485344	species
2485346		Schoeniparus	1743389	genus
2485347		Schoeniparus variegaticeps	2485346	species
2485356		Tephrozosterops	36297	genus
2485357		Tephrozosterops stalkeri	2485356	species
2485959		Chalcopsitta duivenbodei duivenbodei	274066	subspecies
2485960		Chalcopsitta duivenbodei syringanuchalis	274066	subspecies
2485961		Chalcopsitta scintillata chloroptera	274064	subspecies
2485962		Chalcopsitta scintillata rubrifrons	274064	subspecies
2485963		Chalcopsitta scintillata scintillata	274064	subspecies
2485964		Charmosyna josefinae cyclopum	1548965	subspecies
2485965		Charmosyna josefinae josefinae	1548965	subspecies
2485966		Charmosyna josefinae sepikiana	1548965	subspecies
2485967		Charmosyna papou papou	176020	subspecies
2485968		Charmosyna papou stellae	176020	subspecies
2485969		Charmosyna papou wahnesi	176020	subspecies
2485978		Columba sjostedti	8931	species
2485979		Charmosyna placentis intensior	176053	subspecies
2485980		Charmosyna placentis ornata	176053	subspecies
2485981		Charmosyna placentis pallidior	176053	subspecies
2485982		Charmosyna placentis placentis	176053	subspecies
2485983		Eos bornea cyanonotha	274060	subspecies
2485984		Eos histrio histrio	1107398	subspecies
2485985		Eos squamata squamata	274061	subspecies
2486029		Glossopsitta concinna concinna	176041	subspecies
2486030		Glossopsitta concinna didimus	176041	subspecies
2486031		Lorius garrulus garrulus	13114	subspecies
2486032		Lorius hypoinochrous devittatus	315430	subspecies
2486033		Lorius hypoinochrous hypoinochrous	315430	subspecies
2486034		Lorius hypoinochrous rosselianus	315430	subspecies
2486054		Lorius lory cyanauchen	274062	subspecies
2486055		Lorius lory erythrothorax	274062	subspecies
2486056		Lorius lory jobiensis	274062	subspecies
2486057		Lorius lory salvadorii	274062	subspecies
2486058		Lorius lory somu	274062	subspecies
2486059		Lorius lory viridicrissalis	274062	subspecies
2486060		Neopsittacus musschenbroekii major	504063	subspecies
2486061		Neopsittacus musschenbroekii musschenbroekii	504063	subspecies
2486066		Neopsittacus pullicauda alpinus	176068	subspecies
2486067		Oreopsittacus arfaki grandis	176070	subspecies
2486068		Oreopsittacus arfaki major	176070	subspecies
2486097		Pseudeos fuscata incondita	176072	subspecies
2486098		Psitteuteles iris iris	1649849	subspecies
2486099		Psitteuteles iris wetterensis	1649849	subspecies
2486100		Trichoglossus capistratus capistratus	1549202	subspecies
2486101		Trichoglossus flavoviridis flavoviridis	1549199	subspecies
2486102		Trichoglossus forsteni forsteni	1549215	subspecies
2486103		Trichoglossus haematodus djampeanus	176049	subspecies
2486104		Trichoglossus haematodus flavicans	176049	subspecies
2486105		Trichoglossus haematodus flavotectus	176049	subspecies
2486106		Trichoglossus haematodus haematodus	176049	subspecies
2486107		Trichoglossus haematodus masena	176049	subspecies
2486108		Trichoglossus haematodus micropteryx	176049	subspecies
2486109		Trichoglossus haematodus nesophilus	176049	subspecies
2486366		Chaetura egregia	8896	species
2486648		Formicivora serrana interposita	464283	subspecies
2486649		Formicivora serrana serrana	464283	subspecies
2487021		Megadyptes sp.	2618593	species
2487022		Eudyptes sp. clade X	2617890	species
2487342		Indicator xanthonotus	189528	species
2488669		Phalacrocorax fuscicollis	9207	species
2489339	Gray thornbill	Acanthiza cinerea	108820	species
2489340	Plain-backed antpitta	Grallaria haplonota	117144	species
2489341	Kakapo	Strigops habroptila	35547	species
2489342	Everett's white-eye	Zosterops everetti	36298	species
2489343	Orange-banded flycatcher	Nephelomyias lintoni	2338514	species
2489523		Plegadis chihi x Plegadis falcinellus	33575	species
2489524		Plegadis sp.	2622411	species
2492402	chestnut-collared swift	Streptoprocne rutila	46504	species
2492403	Black-headed heron	Ardea melanocephala	30389	species
2494335	Forrest swallow	Petrochelidon fuliginosa	72883	species
2495534	Northern rockhopper penguin	Eudyptes moseleyi	9235	species
2495535		Eudyptes sp.	2617890	species
2495563	Blue-throated hillstar	Oreotrochilus cyanolaemus	56662	species
2495902	Red-billed hanging-parrot	Loriculus exilis	60470	species
2495904	Yellow-fronted parrot	Poicephalus flavifrons	176044	species
2496290		Crypturellus sp. 1 CSS-2018	2637307	species
2496291		Crypturellus sp. 2 CSS-2018	2637307	species
2496292		Crypturellus sp. 3 CSS-2018	2637307	species
2496566		Cissomela	9146	genus
2496567		Cissomela pectoralis	2496566	species
2496569	Guadalcanal honeyeater	Guadalcanaria inexpectata	1439374	species
2496571		Sugomel	9146	genus
2496572	Black honeyeater	Sugomel niger	2496571	species
2496573		Tinamus solitarius	30467	species
2496828		Aleadryas rufinucha gamblei	461220	subspecies
2496829		Aleadryas rufinucha lochmia	461220	subspecies
2496830		Aleadryas rufinucha niveifrons	461220	subspecies
2496831		Aleadryas rufinucha rufinucha	461220	subspecies
2496833		Cinclosoma ajax ajax	1110501	subspecies
2496834		Cinclosoma ajax alare	1110501	subspecies
2496835		Cinclosoma ajax muscale	1110501	subspecies
2496838	Black sittella	Daphoenositta miranda	254527	species
2496839		Daphoenositta miranda miranda	2496838	subspecies
2496840		Daphoenositta miranda frontalis	2496838	subspecies
2496841		Daphoenositta miranda kuboriensis	2496838	subspecies
2497042		Daphoenositta chrysoptera leucocephala	254528	subspecies
2497043		Daphoenositta chrysoptera leucoptera	254528	subspecies
2497044		Daphoenositta chrysoptera pileata	254528	subspecies
2497047		Daphoenositta papuensis	254527	species
2497048		Daphoenositta papuensis albifrons	2497047	subspecies
2497049		Daphoenositta papuensis intermedia	2497047	subspecies
2497050		Daphoenositta papuensis alba	2497047	subspecies
2497051		Daphoenositta papuensis wahgiensis	2497047	subspecies
2497052		Daphoenositta papuensis toxopeusi	2497047	subspecies
2497053		Daphoenositta papuensis papuensis	2497047	subspecies
2497054		Melanorectes	254526	genus
2497055		Melanorectes nigrescens nigrescens	461230	subspecies
2497056		Melanorectes nigrescens wandamensis	461230	subspecies
2497057		Melanorectes nigrescens meeki	461230	subspecies
2497058		Melanorectes nigrescens burgersi	461230	subspecies
2497059		Melanorectes nigrescens schistaceus	461230	subspecies
2497060		Ornorectes	254526	genus
2497061		Ornorectes cristatus cristatus	254643	subspecies
2497062		Ornorectes cristatus arthuri	254643	subspecies
2497063		Ornorectes cristatus kodonophonos	254643	subspecies
2497065		Pseudorectes ferrugineus ferrugineus	1743254	subspecies
2497066		Pseudorectes ferrugineus leucorhynchus	1743254	subspecies
2497067		Pseudorectes ferrugineus fuscus	1743254	subspecies
2497068		Pseudorectes ferrugineus brevipennis	1743254	subspecies
2497069		Pseudorectes ferrugineus holerythrus	1743254	subspecies
2497070		Paramythia montium montium	254574	subspecies
2497071		Paramythia montium brevicauda	254574	subspecies
2497072		Paramythia montium olivacea	254574	subspecies
2497073		Pachycephala soror soror	156164	subspecies
2497074		Pachycephala soror klossi	156164	subspecies
2497076		Pachycephala soror octogenarii	156164	subspecies
2497077		Pachycephala soror remota	156164	subspecies
2497078		Pachycephala rufiventris rufiventris	381037	subspecies
2497079		Pachycephala rufiventris falcata	381037	subspecies
2497080		Pachycephala rufiventris pallida	381037	subspecies
2497081		Pachycephala rufiventris xanthetraea	381037	subspecies
2497082		Pachycephala rufiventris minor	381037	subspecies
2497083		Pachycephala schlegelii schlegelii	156163	subspecies
2497084		Pachycephala schlegelii cyclopum	156163	subspecies
2497085		Pachycephala monacha monacha	449381	subspecies
2497086		Pachycephala leucogastra lugubris	449382	subspecies
2497094		Pachycephala leucogastra leucogastra	449382	subspecies
2497095		Pachycephala arctitorquis kebirensis	449380	subspecies
2497755		Urodynamis	8941	genus
2497756	longtailed cuckoo	Urodynamis taitensis	2497755	species
2497792	New Zealand scaup	Aythya novaeseelandiae	30384	species
2497793	Black-billed gull	Chroicocephalus bulleri	1129741	species
2497796	Australasian bittern	Botaurus poiciloptilus	110660	species
2497797		Poliocephalus	30448	genus
2497798	New Zealand grebe	Poliocephalus rufopectus	2497797	species
2497799	South Island oystercatcher	Haematopus finschi	32635	species
2497800	Swamp quail	Coturnix ypsilophora	9090	species
2498840		Melospiza melodia maxima	44397	subspecies
2499241	Manipur bush-quail	Perdicula manipurensis	249171	species
2499925		Bubo poensis	30460	species
2499926	Nduk eagle-owl	Bubo vosseleri	30460	species
2499927		Ketupa zeylonensis orientalis	126813	subspecies
2499928		Scotopelia	30459	genus
2499929	Rufous fishing-owl	Scotopelia ussheri	2499928	species
2500133		Pachyramphus viridis griseigularis	369610	subspecies
2500552	Sulawesi blue-flycatcher	Cyornis omissus	127912	species
2500553		Cyornis unicolor diaoluoensis	869909	subspecies
2500554		Cyornis unicolor unicolor	869909	subspecies
2502001		Artemisiospiza	1729112	genus
2502002	Northern sage sparrow	Artemisiospiza nevadensis	2502001	species
2502794		Turdus leucomelas albiventer	198470	subspecies
2502795		Turdus albicollis phaeopygus	411549	subspecies
2502798		Ceyx cajeli	57403	species
2502799		Ceyx dispar	57403	species
2502800		Ceyx pallidus	57403	species
2502801		Ceyx uropygialis	57403	species
2502802		Ceyx wallacii	57403	species
2502803		Coracias temminckii	56291	species
2502804		Electron carinatum	1118549	species
2502805		Eurystomus azureus	188339	species
2502806		Merops mentalis	57420	species
2502807		Momotus aequatorialis	57424	species
2502808		Momotus bahamensis	57424	species
2502809		Momotus coeruliceps	57424	species
2502810		Momotus lessonii	57424	species
2502811		Momotus subrufescens	57424	species
2502812		Momotus momota microstephanus	57426	subspecies
2502813		Tanysiptera ellioti	342386	species
2502814		Todiramphus sacer pealei	2231594	subspecies
2502815		Todiramphus sacer manuae	2231594	subspecies
2502816		Todiramphus colonus	325346	species
2506944		Chrysococcyx caprius	55666	species
2506945		Cuculus solitarius	33592	species
2507070		Cyanoloxia brissonii	460173	species
2507071		Grallaricula peruviana	117175	species
2507072		Myiornis albiventris	360215	species
2507916		Chloris sinica ussuriensis	1897774	subspecies
2509466		unclassified Coturnix	9090	no rank
2510090	Peruvian recurvebill	Syndactyla ucayalae	329511	species
2512111		Sphyrapicus ruber x Sphyrapicus nuchalis	56078	species
2517102		Pogoniulus pusillus affinis	488313	subspecies
2517103		Pogoniulus pusillus pusillus	488313	subspecies
2517104		Pogoniulus chrysoconus extoni	240722	subspecies
2517105		Pogoniulus chrysoconus chrysoconus	240722	subspecies
2517106		Pogoniulus leucomystax	91774	species
2517238		Eudyptes warhami	9235	species
2517239		Megadyptes antipodes richdalei	37085	subspecies
2517240		Megadyptes antipodes antipodes	37085	subspecies
2517354		Cisticola rufilatus	52621	species
2517974		Ammospiza	1729112	genus
2517975	LeConte's sparrow	Ammospiza leconteii	2517974	species
2518005		Centronyx	1729112	genus
2518006	Henslow's sparrow	Centronyx henslowii	2518005	species
2518007	Baird's sparrow	Centronyx bairdii	2518005	species
2518271	Akiapolaau	Hemignathus wilsoni	64797	species
2518296		Brachypteryx montana montana	757451	subspecies
2518297		Brachypteryx leucophris carolinae	869899	subspecies
2518299	Taiwan shortwing	Brachypteryx goodfellowi	757450	species
2518300	Chinese shortwing	Brachypteryx sinensis	757450	species
2518301	Himalayan shortwing	Brachypteryx cruralis	757450	species
2527820		Atlapetes fuscoolivaceus	65358	species
2527822		Atlapetes albinucha x Atlapetes fuscoolivaceus	65358	species
2527871		Parulidae intergeneric hybrids	400782	no rank
2527878		Phasianidae intergeneric hybrids	9005	no rank
2527882		Muscicapidae intergeneric hybrids	36291	no rank
2527883		Pipridae intergeneric hybrids	114313	no rank
2527907	Eyles's harrier	Circus teauteensis	8963	species
2527946		Sarcophanops	81928	genus
2527947		Sarcophanops steerii	2527946	species
2527948		Sarcophanops samarensis	2527946	species
2529409	Little buttonquail	Turnix velox	9247	species
2542735		Colinus virginianus ridgwayi	9014	subspecies
2545718		Tyrannus verticalis x Tyrannus forficatus	43164	species
2546078	African citril	Crithagra citrinelloides	1892169	species
2547444	Silver gull	Chroicocephalus novaehollandiae	1129741	species
2547539		Melloria	2169681	genus
2547918	Taiwan barbet	Psilopogon nuchalis	91776	species
2548462		Turdus assimilis rubicundus	411548	subspecies
2557930	Tibetan snowfinch	Montifringilla henrici	221975	species
2557986		Malimbus erythrogaster	570452	species
2557988		Malimbus ibadanensis	570452	species
2557989		Malimbus scutatus	570452	species
2557990		Histurgops	1002748	genus
2557991		Histurgops ruficauda	2557990	species
2558200	hawks and eagles	Accipitriformes	8825	order
2558235	Grey-throated rail	Canirallus oculeus	1006213	species
2558236	North Island adzebill	Aptornis otidiformis	54365	species
2559352	Siberian thrush	Geokichla sibirica	1743269	species
2559380		Geokichla sibirica sibirica	2559352	subspecies
2562246		Chaetura andrei meridionalis	555232	subspecies
2562247		Chaetura brachyura brachyura	1118521	subspecies
2562248		Chaetura brachyura cinereocauda	1118521	subspecies
2562249		Chaetura brachyura ocypetes	1118521	subspecies
2562250		Chaetura chapmani chapmani	243322	subspecies
2562251		Chaetura chapmani viridipennis	243322	subspecies
2562252		Chaetura cinereiventris sclateri	56283	subspecies
2562253		Chaetura cinereiventris phaeopygos	56283	subspecies
2562254		Chaetura cinereiventris guianensis	56283	subspecies
2562255		Chaetura spinicaudus aethalea	1118522	subspecies
2562256		Chaetura spinicaudus aetherodroma	1118522	subspecies
2562257		Chaetura spinicaudus spinicaudus	1118522	subspecies
2562258		Chaetura fumosa	8896	species
2562259		Chaetura vauxi richmondi	46511	subspecies
2562260		Chaetura vauxi vauxi	46511	subspecies
2562593		Geospiza sp.	2627564	species
2562594		Loriculus flosculus	60470	species
2562595		Psittacula caniceps	9227	species
2562859		Oriolus chinensis celebensis	409288	subspecies
2562875		Oriolus chinensis andamanensis	409288	subspecies
2562876		Oriolus chinensis broderipi	409288	subspecies
2562877		Oriolus chinensis boneratensis	409288	subspecies
2562878		Oriolus chinensis formosus	409288	subspecies
2562879		Oriolus chinensis frontalis	409288	subspecies
2562880		Oriolus chinensis insularis	409288	subspecies
2562881		Oriolus chinensis lamprochryseus	409288	subspecies
2562882		Oriolus chinensis macrourus	409288	subspecies
2562883		Oriolus chinensis mundus	409288	subspecies
2562884		Oriolus chinensis richmondi	409288	subspecies
2562885		Oriolus chinensis sangirensis	409288	subspecies
2562886		Oriolus chinensis sipora	409288	subspecies
2562887		Oriolus chinensis stresemanni	409288	subspecies
2562888		Oriolus chinensis suluensis	409288	subspecies
2562889		Oriolus chinensis yamamurae	409288	subspecies
2562893		Oriolus chlorocephalus speculifer	890057	subspecies
2562894		Oriolus chlorocephalus chlorocephalus	890057	subspecies
2562895		Oriolus chlorocephalus amani	890057	subspecies
2562898		Oriolus brachyrynchus brachyrynchus	570455	subspecies
2562899		Oriolus brachyrynchus laetior	570455	subspecies
2562900		Oriolus cruentus cruentus	370835	subspecies
2562901		Oriolus cruentus consanguineus	370835	subspecies
2562902		Oriolus cruentus malayanus	370835	subspecies
2562903		Oriolus cruentus vulneratus	370835	subspecies
2562904		Oriolus auratus notatus	208083	subspecies
2562905		Oriolus larvatus larvatus	175010	subspecies
2562906		Oriolus larvatus angolensis	175010	subspecies
2562907		Oriolus larvatus additus	175010	subspecies
2562908		Oriolus larvatus rolleti	175010	subspecies
2562909		Oriolus larvatus reichenowi	175010	subspecies
2562910		Oriolus monacha monacha	890108	subspecies
2562911		Oriolus monacha meneliki	890108	subspecies
2562912		Oriolus nigripennis nigripennis	890111	subspecies
2562913		Oriolus nigripennis alleni	890111	subspecies
2562914		Oriolus steerii samarensis	890114	subspecies
2562915		Oriolus steerii assimilis	890114	subspecies
2562916		Oriolus steerii cinereogenys	890114	subspecies
2562917		Oriolus steerii basilanicus	890114	subspecies
2562918		Oriolus steerii steerii	890114	subspecies
2563028		Oriolus tenuirostris tenuirostris	1200965	subspecies
2563029		Oriolus tenuirostris invisus	1200965	subspecies
2563030		Oriolus traillii traillii	890116	subspecies
2563031		Oriolus traillii robinsoni	890116	subspecies
2563032		Oriolus traillii nigellicauda	890116	subspecies
2563033		Oriolus traillii ardens	890116	subspecies
2563034		Oriolus xanthonotus consobrinus	98140	subspecies
2563035		Oriolus xanthonotus mentawi	98140	subspecies
2563036		Oriolus xanthonotus persuasus	98140	subspecies
2563037		Oriolus xanthornus ceylonensis	292210	subspecies
2563038		Oriolus xanthornus tanakae	292210	subspecies
2563039		Oriolus xanthornus xanthornus	292210	subspecies
2563040		Oriolus xanthornus maderaspatanus	292210	subspecies
2563041		Oriolus xanthornus reubeni	292210	subspecies
2563042		Pitohui kirhocephalus kirhocephalus	156167	subspecies
2563044		Pitohui kirhocephalus dohertyi	156167	subspecies
2563045		Pitohui kirhocephalus rubiensis	156167	subspecies
2563046		Pitohui kirhocephalus stramineipectus	156167	subspecies
2563047		Pitohui kirhocephalus adiensis	156167	subspecies
2563048		Pitohui kirhocephalus carolinae	156167	subspecies
2563049		Pitohui kirhocephalus decipiens	156167	subspecies
2563051		Pitohui kirhocephalus jobiensis	156167	subspecies
2563053		Pitohui kirhocephalus senex	156167	subspecies
2563054		Sphecotheres vieilloti vieilloti	254661	subspecies
2563055		Sphecotheres vieilloti salvadorii	254661	subspecies
2563056		Sphecotheres vieilloti ashbyi	254661	subspecies
2563057		Sphecotheres vieilloti cucullatus	254661	subspecies
2563058	Yellow figbird	Sphecotheres flaviventris	254660	species
2563060		Turnagra capensis minor	46906	subspecies
2563061		Turnagra tanagra	46905	species
2563063		Pitohui uropygialis tibialis	2305099	subspecies
2563064		Pitohui uropygialis aruensis	2305099	subspecies
2563067		Pitohui uropygialis nigripectus	2305099	subspecies
2563068		Aerodramus sp. 151020f	2631932	species
2563069		Aerodramus sp. 161703f	2631932	species
2563070		Aerodramus sp. 161803i	2631932	species
2563071		Chaetura andrei andrei	555232	subspecies
2563072		Chaetura cinereiventris cinereiventris	56283	subspecies
2563073	Lesser Antillean swift	Chaetura martinica	8896	species
2563075		Chaetura vauxi aphanes	46511	subspecies
2567900		Anurophasis	9005	genus
2567901	Snow mountain quail	Anurophasis monorthonyx	2567900	species
2567902	Blue quail	Excalfactoria adansonii	2821314	species
2567903	Rain quail	Coturnix coromandelica	9090	species
2568777		Monarcha magicaria	175125	species
2570216		Pterodroma pycrofti	37063	species
2570218		Pterodroma brevipes	37063	species
2570219		Pterodroma sp.	2642237	species
2570220		Ardenna sp.	2636929	species
2571053	Meyer's goshawk	Accipiter meyerianus	8956	species
2571054		Alcedo euryzona peninsulae	390724	subspecies
2571212		Hylopezus perspicillatus	117177	species
2571263		Accipiter melanoleucus melanoleucus	387800	subspecies
2571264		Accipiter melanoleucus temminckii	387800	subspecies
2572397		Zosterops sp. Wangi-wangi white-eye	2632467	species
2575904	Rodriguez brush-warbler	Acrocephalus rodericanus	39620	species
2575905	Comoro blue-pigeon	Alectroenas sganzini	187103	species
2575906		Columba larvata principalis	1804667	subspecies
2575907	Sao Tome olive-pigeon	Columba thomensis	8931	species
2575911	Forest dove	Aplopelia simplex	1804666	species
2575917	Brimstone canary	Crithagra sulphurata	1892169	species
2575926		Dreptes	135425	genus
2575927	Sao Tome sunbird	Dreptes thomensis	2575926	species
2575932	Madagascar stonechat	Saxicola sibilla	69509	species
2575933	Dohrn's flycatcher	Sylvia dohrni	43162	species
2575934		Treron griveaudi	115701	species
2575936		Treron sanctithomae	115701	species
2575938		Zosterops leucophaeus	36298	species
2577019		Halcyon cyanoleuca	170865	species
2577020		Halcyon chelicuti chelicuti	2231448	subspecies
2577021		Halcyon albiventris orientalis	2231447	subspecies
2577022		Ispidina	8937	genus
2577023	African pygmy-kingfisher	Ispidina picta	2577022	species
2577024		Ispidina picta natalensis	2577023	subspecies
2578067		Sporophila angolensis	135449	species
2583390		Dacelo leachii leachii	342390	subspecies
2583391		Dacelo leachii cervina	342390	subspecies
2583392		Dacelo leachii occidentalis	342390	subspecies
2583393		Dacelo leachii intermedia	342390	subspecies
2585810		Edolisoma coerulescens	2071345	species
2585811		Horornis vulcanius	1592217	species
2585812		Leptocoma aspasia	632600	species
2585813		Nothocercus julius	1977170	species
2585814		Nothoprocta pentlandii	8806	species
2585815		Psilopogon haemacephalus	91776	species
2585816		Pterocles burchelli	56296	species
2585817		Rhadina	1607688	genus
2585818		Rhadina sibilatrix	2585817	species
2585819		Sterrhoptilus	36297	genus
2585820		Sterrhoptilus dennistouni	2585819	species
2585821		Zapornia	9119	genus
2585822		Zapornia atra	2585821	species
2587482		Henicorhina negreti	109453	species
2587768	Canary Islands oystercatcher	Haematopus meadewaldoi	32635	species
2587770	African oystercatcher	Haematopus moquini	32635	species
2588353		Oriolus sp.	2641702	species
2589819		Schetba rufa occidentalis	76261	subspecies
2591202		Buteo lineatus extimus	223475	subspecies
2591399		Pycnonotus pseudosimplex	125282	species
2591755		Herpsilochmus pectoralis	88172	species
2592010		Tetrao parvirostris parvirostris	109672	subspecies
2592502		Otus everetti	56271	species
2592503		Sterrhoptilus nigrocapitatus	2585819	species
2592504		Sterrhoptilus capitalis	2585819	species
2592505		Dasycrotapha	36297	genus
2592506		Dasycrotapha plateni	2592505	species
2592542		Ficedula albicollis x Ficedula hypoleuca	36292	species
2593104		Pitta sordida mefoorana	9163	subspecies
2593105		Pitta sordida novaeguineae	9163	subspecies
2593106		Pitta sordida goodfellowi	9163	subspecies
2593107		Pitta sordida forsteni	9163	subspecies
2593108		Pitta sordida sanghirana	9163	subspecies
2593109		Pitta sordida bangkana	9163	subspecies
2593110		Pitta sordida mulleri	9163	subspecies
2593111		Pitta sordida abbotti	9163	subspecies
2593112		Pitta sordida cucullata	9163	subspecies
2593113		Pitta sordida rosenbergii	9163	subspecies
2593114		Pitta sordida hebetior	9163	subspecies
2593265		Dryolimnas cuvieri aldabranus	1294518	subspecies
2593269	Streaked berrypecker	Melanocharis striativentris	175123	species
2593467		Malurus cyaneus samueli	55807	subspecies
2593919		Cyornis ruficauda	127912	species
2593920		Cyornis herioti	127912	species
2593921		Cyornis sp. PeH-2019a	2677174	species
2598084		Lorius tibialis	13113	species
2598134		Caracara creightoni	1094195	species
2598673	Scarlet-shouldered parrotlet	Touit huetii	458124	species
2598695	Brown-backed parrotlet	Touit melanonotus	458124	species
2598743	Golden-tailed parrotlet	Touit surdus	458124	species
2599432		Bubo bubo hispanus	30461	subspecies
2599433		Bubo capensis dillonii	507951	subspecies
2599434	Pel's fishing-owl	Scotopelia peli	2499928	species
2599435		Asio otus wilsonianus	111810	subspecies
2599436	Javan scops-owl	Otus angelinae	56271	species
2599437	Little Sumba hawk-owl	Ninox sumbaensis	56288	species
2599438		Athene noctua indigena	126797	subspecies
2599760		Acrocephalus percernis percernis	857054	subspecies
2599761		Acrocephalus percernis postremus	857054	subspecies
2599762		Acrocephalus percernis aquilonis	857054	subspecies
2599763		Acrocephalus percernis idae	857054	subspecies
2600405		Eudyptula minor minor	37083	subspecies
2604440	Nordmann's greenshank	Tringa guttifer	161681	species
2604940		Agapornis sp.	2643795	species
2606407		Agapornis fischeri x Agapornis personatus	60461	species
2606890	Tundra bean goose	Anser serrirostris	8842	species
2606891		Anser serrirostris rossicus	2606890	subspecies
2606892		Anser serrirostris serrirostris	2606890	subspecies
2607030		Caprimulgimorphae	8825	no rank
2607031		Cypseloidinae	8893	subfamily
2607033		Apodinae	8893	subfamily
2608272		Setophaga cerulea x Setophaga americana	182948	species
2609071		Eremophila penicillata	135429	species
2609072		Eremophila longirostris	135429	species
2613896		Baeolophus atricristatus x Baeolophus bicolor	88113	species
2614578		Cyanoderma	9173	genus
2614681		Phylloscopus sarasinorum nesophilus	287176	subspecies
2614682		Scotocercidae	2116661	family
2614683		Phyllergates cucullatus stentor	330749	subspecies
2614684		unclassified Phylloscopus	9181	no rank
2614685		Phylloscopus sp. n. NSRN-2019	2614684	species
2614686		Phyllergates cucullatus ssp. n. NSRN-2019	330749	subspecies
2617890		unclassified Eudyptes	9235	no rank
2618593		unclassified Megadyptes	37084	no rank
2619480		unclassified Vanellus	50403	no rank
2620078		unclassified Otus	56271	no rank
2620211		unclassified Fregata	37041	no rank
2620367		unclassified Ardeotis	54376	no rank
2621763		unclassified Psittacula	9227	no rank
2621969		unclassified Empidornis	757475	no rank
2622411		unclassified Plegadis	33575	no rank
2622456		unclassified Troglodytes	36277	no rank
2623472		unclassified Erithacus	36283	no rank
2623965		unclassified Willisornis	870536	no rank
2624260		unclassified Casuarius	8786	no rank
2624445		unclassified Turnix	9247	no rank
2624528		unclassified Nectarinia	145371	no rank
2624587		unclassified Catharus	9184	no rank
2624608		unclassified Artamus	175023	no rank
2625016		unclassified Aegithalos	73326	no rank
2625120		unclassified Francolinus	9018	no rank
2625771		unclassified Tringa	161681	no rank
2625966		unclassified Branta	8852	no rank
2626389		unclassified Anas	8835	no rank
2627564		unclassified Geospiza	48881	no rank
2628092		unclassified Ardeola	188374	no rank
2629370		unclassified Megascops	349401	no rank
2629784		unclassified Ploceus	135447	no rank
2629792		unclassified Alipiopsitta	1548929	no rank
2629920		unclassified Pachycephala	46903	no rank
2630301		unclassified Dasyornis	243058	no rank
2630318		unclassified Aepyornis	748141	no rank
2630897		unclassified Diomedea	37068	no rank
2631862		unclassified Phasianus	9053	no rank
2631932		unclassified Aerodramus	46474	no rank
2632324		unclassified Piculus	51360	no rank
2632392		unclassified Leptopogon	196034	no rank
2632467		unclassified Zosterops	36298	no rank
2632814		unclassified Dendropicos	165735	no rank
2632962		unclassified Carduelis	36252	no rank
2633162		unclassified Gallus	9030	no rank
2634445		unclassified Rhegmatorhina	288079	no rank
2634862		unclassified Indicator	189528	no rank
2635732		unclassified Ara	9225	no rank
2636136		unclassified Synallaxis	88180	no rank
2636754		unclassified Mullerornis	147493	no rank
2636929		unclassified Ardenna	1934104	no rank
2637222		unclassified Alcedo	36244	no rank
2637307		unclassified Crypturellus	48395	no rank
2637422		unclassified Adelomyia	304593	no rank
2637580		unclassified Scytalopus	9168	no rank
2638476		unclassified Puffinus	30453	no rank
2638819		unclassified Amazona	12929	no rank
2639382		unclassified Cacatua	12981	no rank
2639525		unclassified Anser	8842	no rank
2639748		unclassified Quelea	158617	no rank
2640093		unclassified Grus	9114	no rank
2640430		unclassified Laniarius	9194	no rank
2640654		unclassified Sterna	70608	no rank
2640787		unclassified Limnodromus	161677	no rank
2641002		unclassified Pardalotus	108839	no rank
2641269		unclassified Phacellodomus	288034	no rank
2641702		unclassified Oriolus	98139	no rank
2642078		unclassified Hylopezus	117177	no rank
2642200		unclassified Colius	57409	no rank
2642237		unclassified Pterodroma	37063	no rank
2642539		unclassified Namibornis	315545	no rank
2642664		unclassified Serinus	9134	no rank
2642695		unclassified Zoothera	36287	no rank
2643597		unclassified Columba	8931	no rank
2643795		unclassified Agapornis	60461	no rank
2644279		unclassified Caprimulgus	48284	no rank
2646529		unclassified Hydropsalis	335116	no rank
2646690		unclassified Aix	8831	no rank
2646964		unclassified Nesospiza	381880	no rank
2647379		unclassified Anous	297801	no rank
2647721		unclassified Nystalus	135177	no rank
2648232		unclassified Pachyptila	37058	no rank
2648367		unclassified Bubo	30460	no rank
2650660		Setophaga occidentalis x Setophaga townsendi	182948	species
2651852		Spizelloides	1729112	genus
2653038		Geokichla dumasi	1743269	species
2653039		Turdus anthracinus	9186	species
2653040		Turdus rubripes	9186	species
2653979	Buffy fish-owl	Ketupa ketupu	126811	species
2653984		Nesasio	30459	genus
2653985		Nesasio solomonensis	2653984	species
2653986		Margarobyas	30459	genus
2653987		Margarobyas lawrencii	2653986	species
2653988		Pseudoscops grammicus	555334	species
2653989		Otus rufescens	56271	species
2653990		Pulsatrix melanota	111819	species
2653991		Xenoglaux	30459	genus
2653992		Xenoglaux loweryi	2653991	species
2653993		Uroglaux	30459	genus
2653994		Uroglaux dimorpha	2653993	species
2654001		Otus podarginus	56271	species
2654007		Jubula	30459	genus
2654008	Maned owl	Jubula lettii	2654007	species
2654335		Gracula robusta	116991	species
2654839	Spectacled flowerpecker	Dicaeum dayakorum	135426	species
2660549	Western subalpine warbler	Curruca inornata	1930205	species
2661689		unclassified Sylvioidea	2116661	no rank
2661690		Sylvioidea sp.	2661689	species
2663481	Nicobar bulbul	Ixos nicobariensis	374646	species
2664138		Cyornis rubeculoides dialilaemus	757474	subspecies
2665944		environmental samples	30420	no rank
2665945		Corvus environmental sample	2665944	species
2668079		Eremophila alpestris peregrina	135430	subspecies
2671080	Australian ibis	Threskiornis molucca	100857	species
2675478		Agropsar	9170	genus
2675479	Purple-backed starling	Agropsar sturninus	2675478	species
2675519		Clanga	56259	genus
2675520	Lesser spotted eagle	Clanga pomarina	2675519	species
2676046	Kangaroo Island emu	Dromaius baudinianus	8789	species
2676976		unclassified Aquila	8960	no rank
2677066		unclassified Cairina	8854	no rank
2677174		unclassified Cyornis	127912	no rank
2677264		unclassified Dinornis	8817	no rank
2677969	Greater spotted eagle	Clanga clanga	2675519	species
2677970		Lophotriorchis	56259	genus
2677971	Rufous-bellied eagle	Lophotriorchis kienerii	2677970	species
2679908		Lanius cristatus superciliosus	337178	subspecies
2681194	Crested argus pheasant	Rheinardia nigrescens	151215	species
2681240		Scytalopus perijanus	9168	species
2681241	Large-footed tapaculo	Scytalopus macropus	9168	species
2681242	Sharp-billed tapaculo	Scytalopus acutirostris	9168	species
2681243	Elfin Forest tapaculo	Scytalopus altirostris	9168	species
2681244	Tatama tapaculo	Scytalopus alvarezlopezi	9168	species
2681245	Choco tapaculo	Scytalopus chocoensis	9168	species
2681246	Paramo tapaculo	Scytalopus opacus	9168	species
2681247	Tacarcuna tapaculo	Scytalopus panamensis	9168	species
2681248	Chusquea tapaculo	Scytalopus parkeri	9168	species
2681249	Upper Magdalena tapaculo	Scytalopus rodriguezi	9168	species
2681250	Santa Marta tapaculo	Scytalopus sanctaemartae	9168	species
2681251	Cuzco tapaculo	Scytalopus urubambae	9168	species
2683048		Corvus macrorhynchos intermedius	36249	subspecies
2684372		Myrmoborus lugubris lugubris	2072197	subspecies
2684373		Myrmoborus lugubris berlepschi	2072197	subspecies
2684374		Myrmoborus lugubris stictopterus	2072197	subspecies
2684375		Myrmoborus lugubris femininus	2072197	subspecies
2684376		Myrmotherula assimilis assimilis	867219	subspecies
2684377		Myrmotherula assimilis transamazonica	867219	subspecies
2684378		Thamnophilus nigrocinereus nigrocinereus	175015	subspecies
2684379		Thamnophilus nigrocinereus cinereoniger	175015	subspecies
2684380		Thamnophilus nigrocinereus kulczynskii	175015	subspecies
2684381		Thamnophilus nigrocinereus tschudii	175015	subspecies
2684382		Thamnophilus nigrocinereus huberi	175015	subspecies
2684383		Myrmoborus lugubris femininus x lugubris	2072197	subspecies
2688275		unclassified Batis (in: birds)	254443	no rank
2688708		unclassified Morus (in: birds)	37577	no rank
2688735		unclassified Odontophorus (in: birds)	224314	no rank
2690796	Common bush-tanager	Chlorospingus flavopectus	62170	species
2691114		Geospizopsis	400783	genus
2691115		Geospizopsis unicolor	2691114	species
2691900	Chestnut-headed partridge	Arborophila cambodiana	9104	species
2691901	Chestnut-breasted partridge	Arborophila mandellii	9104	species
2691919		Arborophila orientalis	9104	species
2691920	Red-breasted partridge	Arborophila hyperythra	9104	species
2691922	Red-billed partridge	Arborophila rubrirostris	9104	species
2692227		Castanozoster	400783	genus
2692228	Bay-chested warbling-finch	Castanozoster thoracicus	2692227	species
2692229		Microspingus	400783	genus
2692230	Gray-throated warbling-finch	Microspingus cabanisi	2692229	species
2692231	Buff-throated warbling-finch	Microspingus lateralis	2692229	species
2692232	Violet-crested plovercrest	Stephanoxis loddigesii	555348	species
2692423	Chestnut-winged babbler	Cyanoderma erythropterum	2614578	species
2696507		Nectarinia tacazze	145371	species
2696508		Anastomus lamelligerus	1706834	species
2696509		Laterallus leucopyrrhus	54362	species
2696510		Schiffornis veraepacis	114384	species
2696572		Hyliota australis	343931	species
2696573		Hyliotidae	9126	family
2696574		Erythrocercus livingstonei	107207	species
2696575		Geokichla dohertyi	1743269	species
2696577		Vanellus coronatus	50403	species
2696672	North Island brown kiwi	Apteryx mantelli	8821	species
2697322		Tyrannus savana savana	137541	subspecies
2697323		Tyrannus savana monachus	137541	subspecies
2697324		Tyrannus savana sanctaemartae	137541	subspecies
2697325		Tyrannus savana circumdatus	137541	subspecies
2697428		Charadrius alexandrinus x Charadrius dealbatus	50391	species
2697543	Chestnut-backed bush-warbler	Locustella castanea	68487	species
2697545		Myzomela irianawidodoae	108837	species
2697549		Phyllergates	2614682	genus
2697551		Myzomela sp. 1 GLee-2020	108837	species
2697552		Myzomela sp. 2 GLee-2020	108837	species
2697553		Phyllergates sp. 1 GLee-2020	2697549	species
2697554		Phyllergates sp. 2 GLee-2020	2697549	species
2697555		Phylloscopus sp. 1 GLee-2020	9181	species
2697556		Phylloscopus sp. 2 GLee-2020	9181	species
2698432	De Filippi's petrel	Pterodroma defilippiana	37063	species
2698433	Gould's petrel	Pterodroma leucoptera	37063	species
2698657		Ianthocincla	1673678	genus
2698658	Giant laughingthrush	Ianthocincla maxima	2698657	species
2699200	Vogelkop bowerbird	Amblyornis inornata	9165	species
2699201	Golden-fronted bowerbird	Amblyornis flavifrons	9165	species
2699394		unclassified Charadrius	50391	no rank
2699397		Charadrius sp. 1283	2699394	species
2699398		Charadrius sp. NB11FZ	2699394	species
2699399		Charadrius sp. NB16FZ	2699394	species
2699400		Charadrius sp. NB17FZ	2699394	species
2699401		Charadrius sp. NB19FZ	2699394	species
2699402		Charadrius sp. NB44FZ	2699394	species
2699403		Charadrius sp. NB8FZ	2699394	species
2699404		Charadrius sp. NB26XM	2699394	species
2699405		Charadrius sp. 9736	2699394	species
2699406		Charadrius sp. 9741	2699394	species
2699407		Charadrius sp. 1435	2699394	species
2699408		Charadrius sp. NB4WL	2699394	species
2699409		Charadrius sp. NB5WZ	2699394	species
2699410		Charadrius sp. 603	2699394	species
2699411		Charadrius sp. 1306	2699394	species
2699412		Charadrius sp. 1364	2699394	species
2699413		Charadrius sp. 7577	2699394	species
2699414		Charadrius sp. 2802	2699394	species
2699415		Charadrius sp. 2803	2699394	species
2699416		Charadrius sp. 2854	2699394	species
2699417		Charadrius sp. 2855	2699394	species
2699418		Charadrius sp. 2856	2699394	species
2699419		Charadrius sp. 2857	2699394	species
2699420		Charadrius sp. 6689	2699394	species
2699424	White-faced plover	Charadrius dealbatus	50391	species
2704505		Peucaea mystacalis	1125616	species
2704506		Peucaea carpalis	1125616	species
2704507		Peucaea humeralis	1125616	species
2704510		Peucaea ruficauda	1125616	species
2704511		Peucaea sumichrasti	1125616	species
2704512		Rhynchospiza	1729112	genus
2704513		Rhynchospiza strigiceps	2704512	species
2704514		Rhynchospiza stolzmanni	2704512	species
2704515		Amphispiza quinquestriata	198937	species
2705045	Lesser crested-tern	Thalasseus bengalensis	555355	species
2705460		Passer sp.	9159	species
2706779		Chlorophonia callophrys	62166	species
2706780		Chlorophonia pyrrhophrys	62166	species
2706781		Euphonia chalybea	62198	species
2706783		Euphonia imitans	62198	species
2706784		Euphonia jamaica	62198	species
2706790		Euphonia mesochrysa	62198	species
2706791		Euphonia saturata	62198	species
2706792		Euphonia trinitatis	62198	species
2706794		Euphonia xanthogaster quitensis	1105365	subspecies
2706795		Euphonia xanthogaster ruficeps	1105365	subspecies
2706796		Euphonia concinna	62198	species
2707177		Ammospiza maritima	2517974	species
2707357		Crithagra tristriata	1892169	species
2709555		Hieraaetus weiskei	70274	species
2709556	Roadside hawk	Rupornis magnirostris	8955	species
2709557	American harrier	Circus hudsonius	8963	species
2709702	Puna hawk	Geranoaetus poecilochrous	223772	species
2709723		Garrulus glandarius tokugawae	56783	subspecies
2710489	Black tinamou	Tinamus osgoodi	30467	species
2712986		Cettia castaneocoronata	36271	species
2712987		Psittiparus ruficeps	2485344	species
2712988		Suthora	36270	genus
2712989	Blyth's parrotbill	Suthora nipalensis	2712988	species
2713617	Long-tailed rosefinch	Carpodacus sibiricus	30426	species
2713620		Carpodacus sibiricus lepidus	2713617	subspecies
2715619	white-collared oliveback	Nesocharis ansorgei	247724	species
2715620	beautiful firetail	Stagonopleura bella	247739	species
2715621	red-eared firetail	Stagonopleura oculata	247739	species
2715622	gold coast antpecker	Parmoptila rubrifrons	208081	species
2715623	Papuan parrotfinch	Erythrura papuana	44315	species
2715624	Fiji parrotfinch	Erythrura pealii	44315	species
2715625	black-breasted munia	Lonchura teerinki	40156	species
2715626	dusky crimson-wing	Cryptospiza jacksoni	221967	species
2715627	lesser seedcracker	Pyrenestes minor	247711	species
2715628	pale-fronted negrofinch	Nigrita luteifrons	208077	species
2715629		Oreostruthus	37611	genus
2715630	mountain firetail	Oreostruthus fuliginosus	2715629	species
2715631		Spermestes	40155	genus
2715632	Abyssinian crimson-wing	Cryptospiza salvadorii	221967	species
2715633	black-faced munia	Lonchura molucca	40156	species
2715634	hooded munia	Lonchura spectabilis mayri	2025562	subspecies
2715635		Lonchura teerinki mariae	2715625	subspecies
2715636	Aegintha temporalis minor	Neochmia temporalis minor	247735	subspecies
2715637	red-headed bluebill	Spermophaga ruficapilla	247674	species
2715638	chestnut-eared finch	Taeniopygia castanotis castanotis	644770	subspecies
2715639	black-and-white munia (black-and-white)	Spermestes bicolor poensis	135438	subspecies
2715640		Odontospiza	40155	genus
2715641		Granatina	37611	genus
2716173	Indian short-toed lark	Alaudala raytal	1862150	species
2716174		Alaudala cheleensis leucophaea	670337	subspecies
2716175		Calandrella dukhunensis	215309	species
2716176		Alaudala heinei	1862150	species
2716958		Caprimulgus centralasicus	48284	species
2716959		Caprimulgus nubicus torridus	2034714	subspecies
2717061	Brolga crane	Antigone rubicunda	1977159	species
2717063	Sarus crane	Antigone antigone	1977159	species
2717088	White-naped crane	Antigone vipio	1977159	species
2717540	Sykes's nightjar	Caprimulgus mahrattensis	48284	species
2717817		Spizella pallida x Spizella pusilla	40206	species
2722771	Ridgway's pygmy-owl	Glaucidium ridgwayi	78216	species
2722772		Glaucidium ridgwayi cactorum	2722771	subspecies
2723210	Jalca tapaculo	Scytalopus frankeae	9168	species
2723211		Scytalopus intermedius	9168	species
2723212		Scytalopus sp. PHo-2020a	2637580	species
2723851		Troglodytes troglodytes mosukei	36278	subspecies
2723852		Chloris sinica kittlitzi	1897774	subspecies
2723853		Botaurus stellaris stellaris	188376	subspecies
2723854		Himantopus himantopus himantopus	225398	subspecies
2723858		Chalcophaps indica yamashinai	187108	subspecies
2723859		Sula sula rubripes	57662	subspecies
2723860		Branta nigricans	8852	species
2723861		Branta nigricans orientalis	2723860	subspecies
2723862		Sternula albifrons sinensis	507597	subspecies
2723863		Circus spilonotus spilonotus	214436	subspecies
2723864		Zapornia fusca	2585821	species
2723865		Zapornia fusca erythrothorax	2723864	subspecies
2723869		Larvivora akahige	2013023	species
2723871	Pelagic cormorant	Phalacrocorax pelagicus	9207	species
2723872		Phalacrocorax pelagicus pelagicus	2723871	subspecies
2723873		Larvivora komadori	2013023	species
2723874		Accipiter gularis iwasakii	258530	subspecies
2723877		Sterna dougallii bangsi	289485	subspecies
2723878		Otus semitorques pryeri	257819	subspecies
2723991		Cinnyris gertrudis	570433	species
2724698		Chlorostilbon auriceps	57407	species
2724699		Chlorostilbon forficatus	57407	species
2724882		Clytoctantes	81887	genus
2724883		Clytoctantes atrogularis	2724882	species
2724884		Epinecrophylla amazonica	468482	species
2724887		Grallaria carrikeri	117144	species
2724888		Hemitriccus rufigularis	265624	species
2724889		Lophotriccus eulophotes	360213	species
2724890		Pheugopedius euophrys	1167646	species
2724891	dull-colored grassquit	Asemospiza obscura	2786905	species
2726200		Ammodramus savannarum perpallidus	135422	subspecies
2729511		Phoenicopterus sp.	9216	species
2731861		Zosterops abyssinicus arabs	364576	subspecies
2731862		Zosterops abyssinicus omoensis	364576	subspecies
2731863		Zosterops abyssinicus abyssinicus	364576	subspecies
2731879		Zosterops eurycricotus	36298	species
2731880		Zosterops flavilateralis	36298	species
2731881		Zosterops flavilateralis flavilateralis	2731880	subspecies
2731882		Zosterops flavilateralis jubaensis	2731880	subspecies
2731883		Zosterops kaffensis	36298	species
2731884		Zosterops quanzae	36298	species
2731886		Zosterops lateralis chloronotus	43581	subspecies
2731887		Zosterops mbuluensis	36298	species
2731888		Zosterops melanocephalus	36298	species
2731889		Zosterops senegalensis gerhardi	135989	subspecies
2731893		Zosterops senegalensis demeryi	135989	subspecies
2731894		Zosterops senegalensis reichenowi	135989	subspecies
2731895		Zosterops socotranus	36298	species
2731896		Zosterops stuhlmanni	36298	species
2731899		Zosterops senegalensis tongensis	135989	subspecies
2731900		Zosterops senegalensis toroensis	135989	subspecies
2731901		Zosterops senegalensis anderssoni	135989	subspecies
2732810		unclassified Numididae	8990	no rank
2733491		Setophaga cerulea x Vermivora cyanoptera	2527871	species
2733686		Sitta neglecta	50248	species
2736414		Sylvia iberiae	43162	species
2737179		Turdus grayi incomptus	203558	subspecies
2737180		Turdus nudigenis nudigenis	58212	subspecies
2737668		Phylloscartes eximius	456418	species
2738379		Amblyornis macgregoriae nubicola	9166	subspecies
2738380		Archboldia sanfordi	34938	species
2738381		Chlamydera guttata guttata	1055202	subspecies
2738382		Chlamydera guttata carteri	1055202	subspecies
2738383		Chlamydera nuchalis nuchalis	34932	subspecies
2738384		Chlamydera nuchalis orientalis	34932	subspecies
2738385		Ptilonorhynchus violaceus violaceus	28724	subspecies
2739045	White-browed nuthatch	Sitta victoriae	50248	species
2741460		Anser anser domesticus x Anser cygnoides domesticus	8842	species
2744898		Aglaeactis aliciae	56647	species
2744899		Aglaiocercus berlepschi	304596	species
2744900	Mangrove hummingbird	Amazilia boucardi	57391	species
2744901		Amazilia cyanifrons	57391	species
2744903		Amazilia luciae	57391	species
2744904		Anthocephala berlepschi	689202	species
2744907		Campylopterus phainopeplus	304604	species
2744908		Chaetocercus astreans	472789	species
2744909		Chaetocercus jourdanii	472789	species
2744910		Chalcostigma heteropogon	66415	species
2744911		Chlorostilbon alice	57407	species
2744912		Chlorostilbon olivaresi	57407	species
2744913		Chlorostilbon russatus	57407	species
2744914		Chlorostilbon stenurus	57407	species
2744915		Basilinna	9242	genus
2744916		Chlorestes	9242	genus
2744917	White-eared hummingbird	Basilinna leucotis	2744915	species
2744918		Basilinna xantusii	2744915	species
2744919		Chlorestes notata	2744916	species
2744922		Colibri cyanotus	214662	species
2744924		Eriocnemis aline	56652	species
2744925		Eriocnemis godini	56652	species
2744926		Eriocnemis isabellae	56652	species
2744927		Eriocnemis mirabilis	56652	species
2744928		Eugenes spectabilis	304845	species
2744932		Heliangelus mavors	66416	species
2744940		Lophornis stictolophus	304656	species
2744943		Ocreatus addae	304660	species
2744944		Ocreatus peruanus	304660	species
2744945		Oxypogon cyanolaemus	472898	species
2744946		Oxypogon stuebelii	472898	species
2744947		Phaethornis idaliae	46512	species
2744949		Ramphomicron dorsale	472911	species
2744950		Sappho sparganurus	555343	species
2744953		Urochroa leucura	472915	species
2744954		Calyptomena hosii	135971	species
2744955		Cuculus lepidus	33592	species
2744956		Cyornis olivaceus	127912	species
2744957		Dicrurus hottentottus borneensis	254530	subspecies
2744958		Dicrurus sumatranus sumatranus	450174	subspecies
2744959		Dicrurus sumatranus viridinitens	450174	subspecies
2744960		Enicurus borneensis	248149	species
2744961		Erythropitta ussheri	1316415	species
2744962		Hydrornis schwaneri	1316416	species
2744963		Myophonus castaneus	869932	species
2744964		Pellorneum buettikoferi	98145	species
2744965		Phylloscopus trivirgatus kinabaluensis	163863	subspecies
2744966		Psilopogon australis	91776	species
2744967		Psilopogon chrysopogon	91776	species
2744968		Psilopogon monticola	91776	species
2744969		Psilopogon mystacophanos	91776	species
2744970		Psilopogon pulcherrimus	91776	species
2744971		Turdinus atrigularis	1743390	species
2744972		Anthipes	36291	genus
2744973		Anthipes solitaris	2744972	species
2745595		Petroica pusilla ambrynensis	2478657	subspecies
2745596		Petroica pusilla soror	2478657	subspecies
2745597		Petroica pusilla taveunensis	2478657	subspecies
2745598		Petroica pusilla cognata	2478657	subspecies
2745599		Petroica pusilla kleinschmidti	2478657	subspecies
2745731		Petroica pusilla feminina	2478657	subspecies
2745732		Petroica pusilla kulambangrae	2478657	subspecies
2745733		Petroica pusilla similis	2478657	subspecies
2745734		Petroica pusilla polymorpha	2478657	subspecies
2747373		Coturnix sp. KLi-2020a	2509466	species
2748090		Anhinga anhinga anhinga	56067	subspecies
2748195		Hirundo rustica transitiva x Hirundo rustica rustica	43150	subspecies
2755455		Erythrogenys gravivox dedekensi	1608428	subspecies
2756292		Setophaga ruticilla x Setophaga magnolia	182948	species
2759927	Rubeho forest partridge	Xenoperdix obscuratus	338141	species
2761170	Long-billed sunbird	Cinnyris lotenius	570433	species
2762445		Platyrinchus flavigularis	360227	species
2762558		Bucephala islandica x Bucephala clangula	40832	species
2762677		Euphonia affinis affinis	504885	subspecies
2762678		Euphonia affinis olmecorum	504885	subspecies
2762679		Euphonia godmani	62198	species
2763109	White-winged tapaculo	Scytalopus krabbei	9168	species
2763110		Scytalopus sp. LSUMZ-88129	2637580	species
2763536	Pilbara grasswren	Amytornis whitei	266390	species
2763537	Rusty grasswren	Amytornis rowleyi	266390	species
2763547		Chelictinia	8955	genus
2763549	Scissor-tailed kite	Chelictinia riocourii	2763547	species
2763550		Haliastur indus intermedius	8971	subspecies
2763551		Elanus caeruleus caeruleus	387830	subspecies
2763642		Corvus corone x Corvus cornix	30420	species
2765000		Aprositornis	81887	genus
2765001		Biatas	9136	genus
2765002		Aprositornis disjuncta	2765000	species
2765003		Asthenes perijana	9137	species
2765004		Biatas nigropectus	2765001	species
2765008		unclassified Certhiaxis	329500	no rank
2765289		Certhiaxis sp. MZUSP-82154	2765008	species
2765290		unclassified Myiornis	360215	no rank
2765291		Myiornis sp. MZUSP-100618	2765290	species
2765292		Myiornis sp. MZUSP-100619	2765290	species
2765293		Myiornis sp. MZUSP-100620	2765290	species
2765294		Myiornis sp. MZUSP-100621	2765290	species
2765295		Myiornis sp. MZUSP-100624	2765290	species
2765305	barred antithrush	Chamaeza mollissima	183182	species
2765306		Clibanornis rufipectus	644979	species
2765307		Dysithamnus occidentalis	288067	species
2765308		Elaenia ridleyana	111982	species
2765309		Epinecrophylla pyrrhonota	468482	species
2765310		Euchrepomis	81887	genus
2765312		Rhegmatorhina berlepschi x Rhegmatorhina hoffmannsi	288079	species
2765381		Euchrepomis callinota	2765310	species
2765382		Formicivora erythronotos	88170	species
2765383		Frederickena unduliger	265637	species
2765384		Grallaria alleni	117144	species
2765385		Grallaria bangsi	117144	species
2765386		Grallaria kaestneri	117144	species
2765387		Hemitriccus furcatus	265624	species
2765388		Hemitriccus kaempferi	265624	species
2765389		Hemitriccus mirandae	265624	species
2765390		Iodopleura pipra	114306	species
2765391		Sipia	81887	genus
2765393		Lipaugus weberi	114310	species
2765394		Myiarchus apicalis	190695	species
2765395		Myrmoderus loricatus	2133929	species
2765396		Myrmoderus squamosus	2133929	species
2765397		Myrmotherula fluminensis	88176	species
2765398		Phylloscartes ceciliae	456418	species
2765412		Phylloscartes kronei	456418	species
2765413		Phylloscartes paulista	456418	species
2765414		Pseudocolopteryx citreola	478638	species
2765415		Pseudoseisura cristata	183168	species
2765847		Pseudotriccus pelzelni	360245	species
2765848		Scelorchilus albicollis	112108	species
2765849		Serpophaga griseicapilla	377291	species
2765850		Sipia palliata	2765391	species
2765851		Synallaxis fuscorufa	88180	species
2765852		Thripophaga macroura	9140	species
2765853		Todirostrum poliocephalum	196048	species
2765854		Zimmerius chicomendesi	456437	species
2766771		Tetraoninae intergeneric hybrids	466585	no rank
2766772		Lyrurus tetrix x Tetrao urogallus	2766771	species
2767082		Lycocorax pyrrhopterus obiensis	681192	subspecies
2767355		Ardea goliath	30389	species
2767356		Ardea humbloti	30389	species
2767357		Butorides sundevalli	110670	species
2767384		Tigriornis	8899	genus
2767385		Zonerodius	8899	genus
2767386		Egretta ardesiaca	56073	species
2767387		Egretta vinaceigula	56073	species
2767388		Gorsachius leuconotus	752196	species
2767389		Ixobrychus dubius	110684	species
2767390		Tigriornis leucolopha	2767384	species
2767391		Zonerodius heliosylus	2767385	species
2767392		Akletos	81887	genus
2767393		Ammonastes	81887	genus
2767394		Ampelornis	81887	genus
2767395		Cercomacroides	81887	genus
2767397		Akletos goeldii	2767392	species
2767398		Akletos melanoceps	2767392	species
2767399		Ammonastes pelzelni	2767393	species
2767400		Ampelornis griseiceps	2767394	species
2767401		Anabacerthia ruficaudata	329509	species
2767402		Asthenes berlepschi	9137	species
2767413		Asthenes coryi	9137	species
2767414		Asthenes griseomurina	9137	species
2767415		Asthenes harterti	9137	species
2767416		Asthenes heterura	9137	species
2767417		Asthenes moreirae	9137	species
2767418		Asthenes palpebralis	9137	species
2767419		Ceratopipra chloromeros	1356508	species
2767420		Ceratopipra cornuta	1356508	species
2767421		Automolus subulatus	190677	species
2767467		Ceratopipra mentalis	1356508	species
2767502		Chamaeza turdina	183182	species
2767503		Clibanornis erythrocephalus	644979	species
2767504		Clibanornis rectirostris	644979	species
2767505		Clibanornis rubiginosus	644979	species
2767506		Clytoctantes alixii	2724882	species
2767507		Cnipodectes superrufus	360217	species
2767508		Conopias cinchoneti	1118528	species
2767509		Conopias trivirgatus	1118528	species
2767510		Contopus albogularis	183520	species
2767511		Contopus pallidus	183520	species
2767808		Dysithamnus leucostictus	288067	species
2767809		Dysithamnus stictothorax	288067	species
2767810		Dysithamnus striaticeps	288067	species
2767811		Euchrepomis humeralis	2765310	species
2767812		Euchrepomis sharpei	2765310	species
2767813		Euchrepomis spodioptila	2765310	species
2767814		Formicarius rufifrons	81883	species
2767815		Grallaria chthonia	117144	species
2767816		Grallaria excelsa	117144	species
2767817		Grallaria gigantea	117144	species
2767818		Grallaria griseonucha	117144	species
2767831		Hafferia	81887	genus
2767834		Hafferia fortis	2767831	species
2767835		Hafferia immaculata	2767831	species
2767836		Hafferia zeledoni	2767831	species
2767837		Hemitriccus cinnamomeipectus	265624	species
2767838		Hemitriccus inornatus	265624	species
2767839		Hemitriccus spodiops	265624	species
2767840		Herpsilochmus dugandi	88172	species
2767841		Herpsilochmus gentryi	88172	species
2767848		Prinia gracilis irakensis	1229476	subspecies
2767849		Prinia gracilis palaestinae	1229476	subspecies
2767850		Prinia gracilis lepida	1229476	subspecies
2767851		Grallaricula cumanensis	117175	species
2767852		Grallaricula loricata	117175	species
2767853		Grallaricula ochraceifrons	117175	species
2767854		Herpsilochmus sp. LSUMZ-179661	88172	species
2767855		Inezia tenuirostris	377284	species
2767856		Myrmelastes caurensis	1941453	species
2767857		Myrmelastes hyperythrus	1941453	species
2767861		Phylloscartes beckeri	456418	species
2767862		Phylloscartes flavovirens	456418	species
2767863		Phylloscartes gualaquizae	456418	species
2767864		Phylloscartes lanyoni	456418	species
2767865		Phylloscartes orbitalis	456418	species
2767866		Phylloscartes parkeri	456418	species
2767867		Phylloscartes poecilotis	456418	species
2767868		Phylloscartes roquettei	456418	species
2767869		Phylloscartes venezuelanus	456418	species
2767870		Poecilotriccus albifacies	360242	species
2767871		Poecilotriccus calopterus	360242	species
2767872		Poecilotriccus luluae	360242	species
2767873		Poecilotriccus pulchellus	360242	species
2767932		Phacellodomus sp. LSUMZ-181819	2641269	species
2767933		Schiffornis aenea	114384	species
2767934		Schiffornis olivacea	114384	species
2767935		Schiffornis stenorhyncha	114384	species
2767936		Grallaria rufocinerea	117144	species
2767937		Mazaria	9136	genus
2767938		Myrmophylax	81887	genus
2767939		Oneillornis	81887	genus
2767940		Poliocrania	81887	genus
2767941		Sciaphylax	81887	genus
2767942		Nesotriccus	28728	genus
2767943		Phelpsia	28728	genus
2767944		Heterocercus aurantiivertex	415021	species
2767945		Laniocera rufescens	265626	species
2767946		Machaeropterus eckelberryi	114315	species
2767947		Myiodynastes bairdii	371927	species
2767948		Myrmoborus melanurus	288069	species
2767949		Myrmoderus ruficauda	2133929	species
2767950		Myrmophylax atrothorax	2767938	species
2767951		Myrmotherula sunensis	88176	species
2767952		Neodrepanis hypoxantha	254562	species
2767953		Nesotriccus ridgwayi	2767942	species
2767954		Oncostoma olivaceum	360221	species
2767960		Ornithion semiflavum	456403	species
2767961		Pachyramphus niger	114332	species
2767962		Percnostola arenarum	324748	species
2767963		Phelpsia inornata	2767943	species
2767964		Phyllomyias weedeni	360229	species
2767972		Pipreola formosa	114365	species
2767973		Piprites griseiceps	114368	species
2767974		Pitta schwaneri	9162	species
2767975		Poliocrania exsul	2767940	species
2767977		Pseudocolopteryx dinelliana	478638	species
2767978		Rhynchocyclus pacificus	360247	species
2767979		Sciaphylax castanea	2767941	species
2767980	Chestnut-tailed antbird	Sciaphylax hemimelaena	2767941	species
2767981		Scytalopus gonzagai	9168	species
2767982		Sipia berlepschi	2765391	species
2767983		Sipia laemosticta	2765391	species
2767984		Sipia nigricauda	2765391	species
2767985		Sirystes albocinereus	478640	species
2767986		Sirystes albogriseus	478640	species
2767987		Sirystes subcanescens	478640	species
2767988		Syndactyla striata	329511	species
2767989		Thamnophilus melanonotus	81888	species
2767990		Thamnophilus melanothorax	81888	species
2767991		Todirostrum chrysocrotaphum	196048	species
2767992		Todirostrum nigriceps	196048	species
2767993		Todirostrum viridanum	196048	species
2767994		Upucerthia saturatior	183160	species
2767995		Uromyias agraphia	83305	species
2768006		Leucosticte arctoa arctoa	357699	subspecies
2768007		Leucosticte arctoa sushkini	357699	subspecies
2768008		Leucosticte arctoa brunneonucha	357699	subspecies
2768009		Leucosticte arctoa gigliolii	357699	subspecies
2768040		Leucosticte tephrocotis dawsoni	217134	subspecies
2768041		Leucosticte tephrocotis littoralis	217134	subspecies
2768042		Leucosticte tephrocotis tephrocotis	217134	subspecies
2768043		Leucosticte tephrocotis griseonucha	217134	subspecies
2768044		Leucosticte tephrocotis umbrina	217134	subspecies
2770538		Amazona albifrons gomezgarzai	241569	subspecies
2770619		Pica pica melanotos	34924	subspecies
2770753		Horornis ruficapilla	1592217	species
2770765		Horornis ruficapilla ruficapilla	2770753	subspecies
2770766		Horornis ruficapilla badiceps	2770753	subspecies
2770767		Horornis ruficapilla castaneopterus	2770753	subspecies
2770768		Horornis ruficapilla funebris	2770753	subspecies
2770769		Horornis parens	1592217	species
2771524		Megazosterops	36297	genus
2771525		Mentocrex	9119	genus
2771526		Zosterornis	36297	genus
2771527		Megazosterops palauensis	2771524	species
2771528	rusty-browed warbling-finch	Microspingus erythrophrys	2692229	species
2771529		Zosterornis whiteheadi	2771526	species
2772041	Brown-headed gull	Chroicocephalus brunnicephalus	1129741	species
2774042		Periporphyrus erythromelas	460182	species
2774043		Phaethornis margarettae	46512	species
2774044		Hypocnemis striata affinis	1202453	subspecies
2774045		Hypocnemis ochrogyna x Hypocnemis striata	88174	species
2774350		Gallinago jamesoni	107376	species
2774513		Grallaria rufula spatiator	117151	subspecies
2774514		Grallaria rufula obscura	117151	subspecies
2774515		Grallaria rufula occabambae	117151	subspecies
2774516		Grallaria rufula cajamarcae	117151	subspecies
2774517		Grallaria rufula cochabambae	117151	subspecies
2774518		Grallaria rufula rufula	117151	subspecies
2774519		Grallaria rufula saltuensis	117151	subspecies
2775500		Dendrocopos leucotos insularis	81522	subspecies
2775501		Dendrocopos leucotos tangi	81522	subspecies
2775502		Dendrocopos leucotos uralensis	81522	subspecies
2775503		Dendrocopos major numidus	137523	subspecies
2777207		Pogoniulus chrysoconus x Pogoniulus pusillus	91774	species
2777569		Phacellodomus inornatus	288034	species
2777570		Phacellodomus inornatus inornatus	2777569	subspecies
2777571		Phacellodomus rufifrons rufifrons	555304	subspecies
2777572		Phacellodomus rufifrons sincipitalis	555304	subspecies
2777573		Phacellodomus rufifrons specularis	555304	subspecies
2777574		Phacellodomus rufifrons peruvianus	555304	subspecies
2778208		Sporophila iberaensis	135449	species
2778878	New Caledonian parakeet	Cyanoramphus saisseti	114431	species
2780113		Acanthis johannis	37604	species
2780913		Dendrocolaptes sanctithomae sheffleri	423241	subspecies
2781059		Notiochelidon cyanoleuca patagonica	72892	subspecies
2781060		Zenaida auriculata auriculata	115703	subspecies
2781061	Austral pygmy-owl	Glaucidium nana	78216	species
2781073		Gypsophila annamensis	2828480	species
2781074		Gypsophila calcicola	2828480	species
2781411		Gracupica	9170	genus
2781412		Gracupica contra contra	451423	subspecies
2781413		Gracupica contra superciliaris	451423	subspecies
2781415		Gracupica contra floweri	451423	subspecies
2781416		Gracupica contra jalla	451423	subspecies
2781417		unclassified Mycteria	33585	no rank
2781418		Mycteria sp. JBP1	2781417	species
2781419		Mycteria sp. JBP2	2781417	species
2781420		Mycteria sp. JBP3	2781417	species
2781421		Mycteria sp. JBP4	2781417	species
2781422		Mycteria sp. JBP5	2781417	species
2781423		Mycteria sp. JBP6	2781417	species
2781424		Mycteria sp. JBP7	2781417	species
2781425		Mycteria sp. JBP8	2781417	species
2781426		Mycteria sp. JBP9	2781417	species
2781427		Mycteria sp. JBP10	2781417	species
2781428		Mycteria sp. JBP11	2781417	species
2781429		Mycteria sp. JBP12	2781417	species
2781430		Mycteria sp. JBP13	2781417	species
2781431		Mycteria sp. JBP14	2781417	species
2781432		Mycteria sp. JBP15	2781417	species
2781433		Mycteria sp. JBP16	2781417	species
2781434		Mycteria sp. JBP17	2781417	species
2781435		Mycteria sp. JBP18	2781417	species
2781436		Mycteria sp. JBP19	2781417	species
2781437		Mycteria sp. JBP20	2781417	species
2781438		Mycteria sp. JBP21	2781417	species
2781439		Mycteria sp. JBP22	2781417	species
2781440		Mycteria sp. JBP23	2781417	species
2781441		Mycteria sp. JBP24	2781417	species
2781442		Mycteria sp. JBP25	2781417	species
2781443		Mycteria sp. JBP26	2781417	species
2781444		Mycteria sp. JBP27	2781417	species
2781445		Mycteria sp. JBP28	2781417	species
2781446		Mycteria sp. UNK1	2781417	species
2781447		Mycteria sp. UNK2	2781417	species
2781448		Mycteria sp. UNK3	2781417	species
2781449		Mycteria sp. UNK4	2781417	species
2781450		Mycteria sp. UNK5	2781417	species
2781451		Mycteria sp. UNK6	2781417	species
2781452		Mycteria sp. UNK7	2781417	species
2781453		Mycteria sp. WS1	2781417	species
2781454		Mycteria sp. WS2	2781417	species
2781455		Mycteria sp. WS3	2781417	species
2781456		Mycteria sp. WS4	2781417	species
2781457		Mycteria sp. WS5	2781417	species
2781458		Mycteria sp. WS6	2781417	species
2781459		Mycteria sp. WS7	2781417	species
2781460		Mycteria sp. WS8	2781417	species
2781461		Mycteria sp. WS9	2781417	species
2781462		Mycteria sp. WS10	2781417	species
2781463		Mycteria sp. WS11	2781417	species
2786865		Foulehaio procerior	266355	species
2786866		Foulehaio taviunensis	266355	species
2786904		Rhopospina	400783	genus
2786905		Asemospiza	400783	genus
2786933		Asemospiza fuliginosa	2786905	species
2786934		Rhopospina fruticeti	2786904	species
2787048		Nesotrochis	9119	genus
2787049	Haitian cave-rail	Nesotrochis steganinos	2787048	species
2789659		Gymnomyza brunneirostris	572100	species
2789765		unclassified Junco	40213	no rank
2789766		Junco sp. ZCMS001	2789765	species
2789767		Junco sp. ZCMS002	2789765	species
2789768		Junco sp. ZCMS003	2789765	species
2792234		Crypturellus berlepschi	48395	species
2792235		Crypturellus ptaritepui	48395	species
2792239		Nothocercus bonapartei	1977170	species
2792289		Nothura boraquira	555277	species
2793981	Galapagos rail	Laterallus spilonota	54362	species
2794119		Zosterops auriventer	36298	species
2794120		Zosterops flavus	36298	species
2794121		Zosterops flavissimus	36298	species
2794122		Zosterops anomalus	36298	species
2794619		Melanocharis longicauda	175123	species
2794620		Melanocharis arfakiana	175123	species
2794621		Rhamphocharis	175122	genus
2794622		Rhamphocharis crassirostris	2794621	species
2794623		Rhamphocharis crassirostris piperata	2794622	subspecies
2794625	Satin berrypecker	Melanocharis citreola	175123	species
2794879		Nucifraga sp.	56785	species
2795095		Setophaga delicata	182948	species
2795096		Setophaga subita	182948	species
2795308		Nucifraga caryocatactes hemispila	56786	subspecies
2795624		Charadrius sp.	2699394	species
2796153		Passer eminibey	9159	species
2796154		Passer motitensis	9159	species
2797237		Forpus spengeli	69956	species
2797240		Myiopsitta luchsi	176065	species
2800391		Chondrohierax wilsonii	321077	species
2800463		Crypturellus transfasciatus	48395	species
2800871		Colibri coruscans coruscans	214663	subspecies
2800872		Coeligena violifer dichroura	304610	subspecies
2801462		Sturnella lilianae	56328	species
2801463		Sturnella magna argutula	56329	subspecies
2801464		Sturnella magna magna	56329	subspecies
2801465		Sturnella magna auropectoralis	56329	subspecies
2801466		Sturnella magna hoopesi	56329	subspecies
2801911		Dendrocolaptes picumnus costaricensis	81881	subspecies
2801912		Dendrocolaptes picumnus pallescens	81881	subspecies
2801913		Dendrocolaptes picumnus picumnus	81881	subspecies
2801914		Dendrocolaptes picumnus transfasciatus	81881	subspecies
2802614		Crypturellus kerriae	48395	species
2802616		Crypturellus duidae	48395	species
2802617		Spelaeornis badeigularis	202234	species
2802618		Gallinago solitaria	107376	species
2802619		Ninox spilonotus	56288	species
2803247		Megascops watsonii ater	1118744	subspecies
2803248		Megascops usta	349401	species
2803252	Alagoas screech-owl	Megascops alagoensis	349401	species
2803253	Xingu screech-owl	Megascops stangiae	349401	species
2803298		Amazilia cyanocephala chlorostephana	1290859	subspecies
2803893		Fringilla coelebs moreletti	37598	subspecies
2803894		Fringilla coelebs bakeri	37598	subspecies
2803895		Fringilla coelebs canariensis	37598	subspecies
2803896		Fringilla coelebs ombriosa	37598	subspecies
2803897		Fringilla coelebs maderensis	37598	subspecies
2804520		Ptilinopus ponapensis	115696	species
2804522		Cypseloides niger borealis	46500	subspecies
2805845		unclassified Zenaida	47244	no rank
2805846		Zenaida sp.	2805845	species
2805847		unclassified Turdus	9186	no rank
2805848		Turdus sp.	2805847	species
2805849		Columbiformes sp.	791187	species
2806504		unclassified Chlorospingus	62170	no rank
2806506		Chlorospingus flavopectus phaeocephalus	2690796	subspecies
2812612		Accipiter striatus fringilloides	56330	subspecies
2812613		Accipiter striatus venator	56330	subspecies
2814706		Suthora nipalensis feae	2712989	subspecies
2817072		Amblyornis macgregoriae germanus	9166	subspecies
2817073		Aplonis mystacea	245045	species
2817074		Cinnyris jugularis idenburgi	233794	subspecies
2817083		Lonchura montana	40156	species
2817084		Lonchura monticola	40156	species
2817085		Lonchura tristissima	40156	species
2817086		Lonchura vana	40156	species
2817144		Melipotes carolae	108833	species
2817145		Parotia berlepschi	39959	species
2817146		Peneothello cryptoleuca	254639	species
2817147		Poodytes albolimbatus	2163166	species
2817148		Ptilorrhoa geislerorum	254656	species
2817149		Rhipidura maculipectus	107227	species
2817150		Zosterops minor	36298	species
2817151		Poecilodryas brachyura	665155	species
2817152		Euodice	40155	genus
2817425		Ixothraupis	400783	genus
2817426		Ixothraupis rufigula	2817425	species
2817427		Pachycoccyx	8941	genus
2817428		Pachycoccyx audeberti	2817427	species
2817430		Parayuhina	36297	genus
2817431		Parayuhina diademata	2817430	species
2817432		Saucerottia	9242	genus
2817433	Berylline hummingbird	Saucerottia beryllina	2817432	species
2818361		Amazona tresmariae	12929	species
2818362		Cyanoramphus subflavescens	114431	species
2818364		Cyclopsitta melanogenia	503984	species
2818365		Cyclopsitta nigrifrons	503984	species
2818366		Loriculus bonapartei	60470	species
2818394		Zanda	35549	genus
2818398		Amazona guatemalae	12929	species
2819877		Lophochroa	35549	genus
2820824		Agelaioides	164646	genus
2820825		Agelasticus	164646	genus
2820826		Allenia	55417	genus
2820827		Ammomanopsis	72205	genus
2820828		Apalharpactes	56309	genus
2821128		Atimastillas	36294	genus
2821129		Bathilda	37611	genus
2821130		Bocagia	85067	genus
2821131		Brunhilda	37611	genus
2821132		Acrocephalidae	9126	family
2821133		Calamonastides	2821132	genus
2821141		Certhiasomus	75967	genus
2821306		Coccopygia	37611	genus
2821307		Chlorodrepanis	9133	genus
2821308		Elachuridae	9126	family
2821309		Coloeus	28725	genus
2821310		Delacourella	37611	genus
2821311		Dendrocoptes	9220	genus
2821312		Drymotoxeres	75967	genus
2821313		Elachura	2821308	genus
2821314		Excalfactoria	9005	genus
2821479		Pomatostomidae	9126	family
2821480		Dendroplex	75967	genus
2821481		Garritornis	2821479	genus
2821482		Geocerthia	9136	genus
2821652		Glaucestrilda	37611	genus
2821653		Gliciphila	9146	genus
2821664		Heteroxenicus	36291	genus
2821865		Hylacola	626425	genus
2821866		Hylorchilus	69501	genus
2821867		Isleria	81887	genus
2821868		Leuconotopicus	9220	genus
2821869		Lophoceros	57380	genus
2821870		Magumma	9133	genus
2821871		Megabyas	461249	genus
2821872		Melionyx	9146	genus
2822205		Psittacara alticolus	1664462	species
2822206		Psittacara frontatus	1664462	species
2822442		Psittacara hockingi	1664462	species
2822443		Trichoglossus rosenbergii	176048	species
2823045		Microxenops	9136	genus
2823047		Ochetorhynchus	9136	genus
2823048		Onychostruthus	9158	genus
2823049		Parvipsitta	1545690	genus
2823050		Pastor	9170	genus
2823181		Phaeochroa	9242	genus
2823182		Pinarochroa	36291	genus
2823183		Poliolimnas	9119	genus
2823184		Procarduelis	9133	genus
2823193		Pseudasthenes	9136	genus
2823194		Ptiloxena	164646	genus
2823195		Rhopias	81887	genus
2823196		Ridgwayia	9183	genus
2823197		Spatula	2068716	genus
2823198		Spilopelia	8930	genus
2823204		Staphida	36297	genus
2823205		Tarphonomus	9136	genus
2823206		Thectocercus	9224	genus
2823210		Yungipicus	9220	genus
2823211		Vosea	9146	genus
2823213		Vauriella	36291	genus
2823287		Anatidae intergeneric hybrids	8830	no rank
2823288		Bucephala albeola x Melanitta deglandi	2823287	species
2823289		Bucephala islandica x Bucephala albeola	40832	species
2823290		Clangula hyemalis x Bucephala albeola	2823287	species
2823291		Clangula hyemalis x Melanitta americana	2823287	species
2823298		Somateria mollissima x Bucephala clangula	2823287	species
2823299		Somateria mollissima x Histrionicus histrionicus	2823287	species
2823303		Tarsiger	9183	genus
2823315		Stizoptera	37611	genus
2823950		Zonotrichia leucophrys leucophrys	44393	subspecies
2828480		Gypsophila	1743389	genus
2829544		Ceyx erithaca motleyi	860587	subspecies
2829545		Mixornis bornensis bornensis	2219159	subspecies
2830144		Melanitta deglandi	198026	species
2830701		Limosa limosa bohaii	161680	subspecies
2830927		Ramphocelus carbo x Ramphocelus melanogaster	36724	species
2831709		Cercomacra laeta	183184	species
2831710		Cercomacra serva	183184	species
2831902		Poephila personata leucotis	522439	subspecies
2833877		Lepidothrix coronata exquisita	321398	subspecies
2833878		Lepidothrix coronata minuscula	321398	subspecies
2838360		Cataponera	9183	genus
2838361		Cataponera turdoides	2838360	species
2839957		Phoeniconaias	9215	genus
2840301		Pseudopipra	114313	genus
2840664		Chamaetylas choloensis	1743359	species
2840665		Cichladusa arquata	757455	species
2841071		Pseudopipra pipra pipra	415032	subspecies
2841072		Pseudopipra pipra cephaleucos	415032	subspecies
2841073		Pseudopipra pipra comata	415032	subspecies
2841074		Pseudopipra pipra coracina	415032	subspecies
2841191		Pseudopipra pipra pygmaea	415032	subspecies
2841192		Pseudopipra pipra occulta	415032	subspecies
2841203		Pseudopipra pipra anthracina	415032	subspecies
2841204		Pseudopipra pipra separabilis	415032	subspecies
2841205		Pseudopipra pipra microlopha	415032	subspecies
2841206		Pseudopipra pipra discolor	415032	subspecies
2851597		Acanthisitta chloris granti	57068	subspecies
2853607		Charadrius mongolus atrifrons	171267	subspecies
2854247		Anas crecca nimia	75839	subspecies
2854748		Zosterops finschii	36298	species
2854749		Zosterops sanctaecrucis	36298	species
2854750		Zosterornis nigrorum	2771526	species
2854751		Dasycrotapha pygmaea	2592505	species
2854752		Numenius borealis	32638	species
2856181		unclassified Sturnella	56328	no rank
2856182		Sturnella sp.	2856181	species
2856183		unclassified Sublegatus	183544	no rank
2856184		Sublegatus sp.	2856183	species
2856557		Myophonus insularis	869932	species
2856564		Chlorospingus semifuscus semifuscus	166066	subspecies
2856565		Chlorospingus semifuscus livingstoni	166066	subspecies
2856566		Chlorospingus sp. Chimborazo	2806504	species
2856567		Chlorospingus sp. El Oro	2806504	species
2857394		Ammospiza nelsoni	2517974	species
2857395		Ammospiza nelsoni nelsoni	2857394	subspecies
2857396		Ammospiza nelsoni altera	2857394	subspecies
2857397		Ammospiza nelsoni subvirgata	2857394	subspecies
2857398		Ammospiza caudacuta	2517974	species
2857506		Anas fulvigula x Anas rubripes	8835	species
2859780		Nothura chacoensis	555277	species
2859786		Taoniscus	8803	genus
2859787		Taoniscus nanus	2859786	species
2859788		Nothura minor	555277	species
2859789		Rhynchotus maculicollis	30465	species
2860302		Ammodramus savannarum pratensis	135422	subspecies
2861717		Sarothrura watersi	156765	species
2861756		Rallicula	9119	genus
2861757		Rallicula mayri	2861756	species
2861758		Zapornia parva	2585821	species
2861760		Lewinia striata	1150671	species
2861761		Gymnocrex	9119	genus
2861762		Gymnocrex rosenbergii	2861761	species
2861763		Tribonyx	9119	genus
2861764		Tribonyx ventralis	2861763	species
2861767		Aenigmatolimnas	9119	genus
2861768		Aenigmatolimnas marginalis	2861767	species
2861769		Laterallus ruber	54362	species
2861773		Crecopsis	9119	genus
2861774		Crecopsis egregia	2861773	species
2861778		Laterallus flaviventer	54362	species
2861783		Rufirallus	9119	genus
2861784	chestnut-headed crake	Rufirallus castaneiceps	2861783	species
2861785		Rufirallus viridis	2861783	species
2861787		Zapornia flavirostra	2585821	species
2861788	grey-necked wood-rail	Aramides cajaneus	54569	species
2861789		Cabalus	9119	genus
2861790		Hypotaenidia	9119	genus
2861791		Hypotaenidia poeciloptera	2861790	species
2861797		Hypotaenidia torquata	2861790	species
2861798		Hypotaenidia wakensis	2861790	species
2861860	Buff-banded rail	Hypotaenidia philippensis	2861790	species
2861861		Hypotaenidia okinawae	2861790	species
2861862		Hypotaenidia woodfordi	2861790	species
2862337		Dendrocolaptes picumnus olivaceus	81881	subspecies
2866052		unclassified Pauxi	125069	no rank
2866053		Pauxi sp. MF-2021	2866052	species
2867387		Cisticola anderseni	52621	species
2867388		Cisticola bakerorum	52621	species
2867487		unclassified Thraupidae	400783	no rank
2867488		Thraupidae sp.	2867487	species
2868200		Accipiter albogularis	8956	species
2868201		Accipiter chilensis	8956	species
2868202		Accipiter collaris	8956	species
2868207		Accipiter hiogaster	8956	species
2868208		Accipiter trinotatus	8956	species
2868209		Accipiter ventralis	8956	species
2868385		Aviceda jerdoni	258818	species
2868386		Aviceda leuphotes	258818	species
2868387		Aviceda madagascariensis	258818	species
2868388		Buteo plagiatus	30396	species
2868389		Buteogallus coronatus	223495	species
2868390		Buteogallus gundlachii	223495	species
2869445		Buteogallus lacernulatus	223495	species
2869446		Buteogallus solitarius	223495	species
2869447		Geranoaetus polyosoma	223772	species
2869451		Helicolestes	8955	genus
2869452		Milvus aegyptius	43517	species
2869453		Morphnarchus	8955	genus
2869454		Nisaetus limnaeetus	433377	species
2869513		Pseudastur	8955	genus
2869514		Spilornis natunensis	208450	species
2869516		Cryptoleucopteryx	8955	genus
2871835		Heliothraupis oneilli	2902953	species
2872013		Halcyon senegalensis senegalensis	342381	subspecies
2878396		unclassified Passerculus	161623	no rank
2878397		Passerculus sp.	2878396	species
2878401		unclassified Melanerpes	56082	no rank
2878402		Melanerpes sp.	2878401	species
2878403		unclassified Melospiza	44395	no rank
2878404		Melospiza sp.	2878403	species
2878407		unclassified Oreortyx	9027	no rank
2878408		Oreortyx sp.	2878407	species
2878410		unclassified Selasphorus	29059	no rank
2878411		Selasphorus sp.	2878410	species
2878412		unclassified Rallus	54360	no rank
2878413		Rallus sp.	2878412	species
2878416		unclassified Laterallus	54362	no rank
2878417		Laterallus sp.	2878416	species
2878421		unclassified Cyanocitta	28726	no rank
2878422		Cyanocitta sp.	2878421	species
2878428		unclassified Setophaga	182948	no rank
2878429		Setophaga sp.	2878428	species
2878430		unclassified Strix	36304	no rank
2878431		Strix sp.	2878430	species
2878734		unclassified Chamaea	190679	no rank
2878735		Chamaea sp.	2878734	species
2878737		unclassified Callipepla	9008	no rank
2878738		Callipepla sp.	2878737	species
2878746		unclassified Artemisiospiza	2502001	no rank
2878747		Artemisiospiza sp.	2878746	species
2878759		unclassified Aphelocoma	39616	no rank
2878760		Aphelocoma sp.	2878759	species
2878763		unclassified Agelaius	9190	no rank
2878764		Agelaius sp.	2878763	species
2879217		Calidris virgata	8918	species
2879218		Cursorius cursor	227176	species
2881382		Chalcophaps longirostris	187107	species
2884254		Centropus steerii	57401	species
2884255		Coturnicops notatus	302534	species
2884256		Reinwardtoena crassirostris	177157	species
2884257		Accipiter brachyurus	8956	species
2884258		Accipiter butleri	8956	species
2884279		Pelecanoides whenuahouensis	37077	species
2884824		Hieraaetus dubius	70274	species
2885676		Progne subis hesperia	173220	subspecies
2886378		Fulvetta formosana	2029310	species
2886379		Fulvetta manipurensis	2029310	species
2887371		Selasphorus sasin sedentarius	371924	subspecies
2888483		Pachycephala collaris	46903	species
2888492		Pachycephala johni	46903	species
2888493		Pachycephala chlorura vanikorensis	1622097	subspecies
2892564		Himatione fraithii	64800	species
2892565		Hirundo domicola	43149	species
2892566		Zosterornis striatus	2771526	species
2893758		Callipepla californica brunnescens	67771	subspecies
2893759		Callipepla californica californica	67771	subspecies
2893760		Callipepla californica canfieldae	67771	subspecies
2893761		Callipepla californica achrustera	67771	subspecies
2893815		Colinus cristatus cristatus	114915	subspecies
2893816		Colinus cristatus decoratus	114915	subspecies
2893817		Colinus cristatus horvathi	114915	subspecies
2893818		Colinus leucopogon leucopogon	1355940	subspecies
2893819		Colinus leucopogon leylandi	1355940	subspecies
2893821		Colinus virginianus aridus	9014	subspecies
2893822		Colinus virginianus maculatus	9014	subspecies
2893823		Colinus virginianus taylori	9014	subspecies
2893824		Colinus virginianus atriceps	9014	subspecies
2893825		Colinus virginianus salvini	9014	subspecies
2894008		Colinus virginianus coyoleos	9014	subspecies
2894009		Colinus virginianus cubanensis	9014	subspecies
2894010		Colinus virginianus godmani	9014	subspecies
2894011		Colinus virginianus harrisoni	9014	subspecies
2894012		Colinus virginianus minor	9014	subspecies
2894013		Colinus virginianus nigripectus	9014	subspecies
2894014		Colinus virginianus pectoralis	9014	subspecies
2894015		Cyrtonyx montezumae rowleyi	9017	subspecies
2894016		Cyrtonyx montezumae montezumae	9017	subspecies
2894017		Cyrtonyx montezumae merriami	9017	subspecies
2894018		Cyrtonyx montezumae sallei	9017	subspecies
2894019		Dactylortyx thoracicus pettingilli	1355947	subspecies
2894020		Dactylortyx thoracicus melodus	1355947	subspecies
2894021		Dactylortyx thoracicus dolichonyx	1355947	subspecies
2894022		Dactylortyx thoracicus fuscus	1355947	subspecies
2894023		Dactylortyx thoracicus devius	1355947	subspecies
2894024		Dactylortyx thoracicus conoveri	1355947	subspecies
2894025		Dactylortyx thoracicus paynteri	1355947	subspecies
2894026		Dendrortyx leucophrys hypospodius	1355954	subspecies
2894027		Dendrortyx macroura diversus	1355955	subspecies
2894028		Odontophorus atrifrons	224314	species
2894029		Odontophorus atrifrons atrifrons	2894028	subspecies
2894030		Odontophorus atrifrons variegatus	2894028	subspecies
2894031		Odontophorus atrifrons navai	2894028	subspecies
2894032		Odontophorus capueira capueira	886793	subspecies
2894033		Odontophorus capueira plumbeicollis	886793	subspecies
2894034		Odontophorus dialeucos	224314	species
2894035		Odontophorus erythrops erythrops	1355959	subspecies
2894036		Odontophorus gujanensis rufogularis	886794	subspecies
2894037		Odontophorus gujanensis simonsi	886794	subspecies
2894038		Odontophorus melanotis verecundus	1355961	subspecies
2894039		Odontophorus speciosus loricatus	886795	subspecies
2894040		Odontophorus speciosus speciosus	886795	subspecies
2894041		Oreortyx pictus russelli	9029	subspecies
2894042		Ptilopachus petrosus brehmi	388972	subspecies
2894043		Ptilopachus petrosus florentiae	388972	subspecies
2894044		Ptilopachus petrosus major	388972	subspecies
2894045		Colinus cristatus barnesi	114915	subspecies
2894046		Colinus cristatus littoralis	114915	subspecies
2895573		Pycnonotus penicillatus	125282	species
2895574		Rubigula	36294	genus
2895575		Hypsipetes ganeesa	36295	species
2896645		Alcippe davidi	181644	species
2896646		Alcippe hueti	181644	species
2896647		Cyornis brunneatus	127912	species
2898546		Pica serica	34923	species
2898547		Pica serica serica	2898546	subspecies
2898729		Perisoreus canadensis canadensis	54573	subspecies
2899246		Apteryx owenii x Apteryx rowi	8821	species
2900696		Accipiter erythrauchen	8956	species
2900697		Accipiter griseiceps	8956	species
2900698		Accipiter henicogrammus	8956	species
2900699		Hirundinea bellicosa	495201	species
2901174	Guam rail	Hypotaenidia owstoni	2861790	species
2902294		Lepidothrix coronata velutina	321398	subspecies
2902647		Lepidothrix coronata x Lepidothrix suavissima	321397	species
2902953		Heliothraupis	400783	genus
2903902		Psilopogon faber	91776	species
2905228		Notiomystidae	9126	family
2906790		Nisaetus floris	433377	species
2907372		Entomyzon cyanotis griseigularis	266349	subspecies
2907373		Entomyzon cyanotis albipennis	266349	subspecies
2907374		Entomyzon cyanotis cyanotis	266349	subspecies
2908100		Collocalia natalis	46489	species
2909138		Ispidina picta picta	2577023	subspecies
2911130		Accipiter luteoschistaceus	8956	species
2911131		Accipiter nanus	8956	species
2911132		Accipiter pulchellus	8956	species
2911133		Accipiter rhodogaster	8956	species
2912990		Atlapetes personatus duidae	1118513	subspecies
2913703		unclassified Myioborus	182937	no rank
2913704		Myioborus sp.	2913703	species
2915014		Accipiter princeps	8956	species
2915015		Aquila vindhiana	8960	species
2915016		Buteo socotraensis	30396	species
2915018		Circaetus beaudouini	43464	species
2915019		Spilornis sipora	208450	species
2916761		Passerculus sandwichensis alaudinus	161624	subspecies
2917827		Microspingus pectoralis	2692229	species
2918857	Upper Magdalena parakeet	Pyrrhura chapmani	51909	species
2919359		Motacilla tschutschensis taivana	662061	subspecies
2921313		Nothoprocta taczanowskii	8806	species
2922367		unclassified Phasianidae	9005	no rank
2922368		Crypturellus obsoletus obsoletus	858303	subspecies
2922369		Crypturellus soui albigularis	458187	subspecies
2922370		Crypturellus tataupa tataupa	57238	subspecies
2922371		Nothocercus nigrocapillus cadwaladeri	1977171	subspecies
2922372		Nothura maculosa nigroguttata	555279	subspecies
2922373		Rhynchotus rufescens rufescens	30466	subspecies
2922375		Crypturellus obsoletus castaneus	858303	subspecies
2922380		Crypturellus boucardi costaricensis	1162387	subspecies
2922381		Crypturellus undulatus undulatus	48396	subspecies
2922382		Crypturellus undulatus vermiculatus	48396	subspecies
2922384		Crypturellus erythropus erythropus	1118538	subspecies
2922385		Crypturellus cinnamomeus goldmani	889801	subspecies
2922401		Eudromia formosa formosa	1109040	subspecies
2922402		Eudromia elegans elegans	8805	subspecies
2922403		Nothocercus bonapartei bonapartei	2792239	subspecies
2922404		Nothoprocta pentlandii pentlandii	2585814	subspecies
2922405		Nothoprocta cinerascens cinerascens	8807	subspecies
2922406		Nothoprocta ornata ornata	83376	subspecies
2922407		Nothura darwinii agassizii	555278	subspecies
2922408		Tinamus tao kleei	69492	subspecies
2925784	Choco parakeet	Pyrrhura pacifica	51909	species
2927229		Sylviidae incertae sedis	36270	no rank
2927774		Regulidae	9126	family
2927792		Spilornis abbotti	208450	species
2927793		Spilornis minimus	208450	species
2927998		Arremon aurantiirostris erythrorhynchus	241750	subspecies
2927999		Arremon aurantiirostris spectabilis	241750	subspecies
2928000		Arremon aurantiirostris occidentalis	241750	subspecies
2928001		Arremon aurantiirostris strictocollaris	241750	subspecies
2928003		Arremon brunneinucha macrourus	65378	subspecies
2928004		Arremon brunneinucha elsae	65378	subspecies
2928005		Arremon brunneinucha inornatus	65378	subspecies
2928006		Arremon aurantiirostris aurantiirostris	241750	subspecies
2928007		Arremon aurantiirostris saturatus	241750	subspecies
2928008		Arremon aurantiirostris santarosae	241750	subspecies
2928009		Arremon brunneinucha frontalis	65378	subspecies
2928010		Arremon brunneinucha brunneinucha	65378	subspecies
2928011		Arremon taciturnus taciturnus	1109026	subspecies
2928012		Arremon taciturnus nigrirostris	1109026	subspecies
2928013		Arremon atricapillus	241749	species
2928014		Arremon atricapillus atricapillus	2928013	subspecies
2928015		Arremon atricapillus tacarcunae	2928013	subspecies
2928160		Arremon virenticeps virenticeps	509043	subspecies
2928161		Arremon schlegeli canidorsum	933618	subspecies
2928162		Arremon schlegeli schlegeli	933618	subspecies
2928163		Arremon taciturnus axillaris	1109026	subspecies
2928164		Arremon kuehnerii kuehnerii	1400945	subspecies
2928199		Arremon castaneiceps castaneiceps	933621	subspecies
2928200		Arremon basilicus	241749	species
2928201		Arremon basilicus basilicus	2928200	subspecies
2928202		Arremon perijanus	241749	species
2928203		Arremon perijanus perijanus	2928202	subspecies
2928204		Arremon assimilis assimilis	992947	subspecies
2928205		Arremon semitorquatus semitorquatus	1109025	subspecies
2928206		Arremon franciscanus franciscanus	1981792	subspecies
2928207		Arremon abeillei nigriceps	1926626	subspecies
2928208		Arremon flavirostris devillii	555222	subspecies
2928209		Arremon dorbignii	241749	species
2928210		Arremon dorbignii dorbignii	2928209	subspecies
2928211		Arremon abeillei abeillei	1926626	subspecies
2928212		Arremon flavirostris flavirostris	555222	subspecies
2928213		Arremon costaricensis	241749	species
2928214		Arremon costaricensis costaricensis	2928213	subspecies
2928215		Arremon phygas	241749	species
2928216		Arremon phygas phygas	2928215	subspecies
2928217		Arremon crassirostris crassirostris	1118739	subspecies
2928220		Arremon flavirostris polionotus	555222	subspecies
2928221		unclassified Atlapetes	65358	no rank
2928222		Atlapetes sp.	2928221	species
2928948		Falco cherrug altaicus	345164	subspecies
2932480	Timor figbird	Sphecotheres viridis	254660	species
2933281		unclassified Lagopus	30409	no rank
2933282		Lagopus sp.	2933281	species
2933907		Leptodon forbesi	321079	species
2935019		Sternula nereis davisae	564719	subspecies
2935020		Sternula nereis nereis	564719	subspecies
2935021		Sternula nereis exsul	564719	subspecies
2935757		Spilornis asturinus	208450	species
2935758		Spilornis kinabaluensis	208450	species
2935759		Spilornis baweanus	208450	species
2935760		Spilornis klossi	208450	species
2935792		unclassified Gallinula	9122	no rank
2935793		Gallinula sp.	2935792	species
2936557		Willisornis poecilinotus duidae	292820	subspecies
2936558		Willisornis poecilinotus gutturalis	292820	subspecies
2936559		Willisornis poecilinotus poecilinotus	292820	subspecies
2936560		Willisornis vidua vidua	1566151	subspecies
2936714		Anas platyrhynchos x Anas zonorhyncha	8835	species
2937329		Alauda arvensis armenica	88112	subspecies
2937330		Alauda japonica intermedia	344228	subspecies
2937331		Alauda japonica kiborti	344228	subspecies
2937332		Alauda japonica lonnbergi	344228	subspecies
2937333		Alauda japonica pekinensis	344228	subspecies
2937364		Alauda gulgula coelivox	592173	subspecies
2937365		Alauda gulgula vernayi	592173	subspecies
2937394		Alauda gulgula wattersi	592173	subspecies
2937395		Alauda leucoptera	88111	species
2937396		Alauda gulgula inopinata	592173	subspecies
2939378		Oenanthe melanoleuca	245059	species
2940306		Pachyramphus polychopterus dorsalis	196045	subspecies
2940307		Pachyramphus polychopterus nigriventris	196045	subspecies
2940308		Pachyramphus polychopterus polychopterus	196045	subspecies
2940309		Pachyramphus polychopterus spixii	196045	subspecies
2940310		Pachyramphus polychopterus similis	196045	subspecies
2940315		Pachyramphus albogriseus albogriseus	369600	subspecies
2940316		Pachyramphus albogriseus ornatus	369600	subspecies
2940317		Pachyramphus albogriseus salvini	369600	subspecies
2940318		Pachyramphus marginatus nanus	114333	subspecies
2940319		Pachyramphus major uropygialis	369604	subspecies
2942249		Quiscalus mexicanus x Quiscalus quiscula	64277	species
2944897		Actinodura sodangorum	181642	species
2944898		Acrocephalus kingi	39620	species
2944899		Actinodura strigula	181642	species
2944900		Aegithalos exilis	73326	species
2944901		Actophilornis albinucha	118782	species
2946588		Pipra aureola aureola	467134	subspecies
2946589		Pipra fasciicauda fasciicauda	114356	subspecies
2946590		Pipra fasciicauda calamae	114356	subspecies
2946591		Pipra fasciicauda scarlatina	114356	subspecies
2946614		Pipra aureola borbae	467134	subspecies
2946616		Pipra aureola borbae x Pipra fasciicauda calamae	467134	subspecies
2946619		Pipra fasciicauda scarlatina x Pipra fasciicauda calamae	114356	subspecies
2949678		Pogoniulus chrysoconus xanthostictus	240722	subspecies
2949679		Pogoniulus pusillus uropygialis	488313	subspecies
2949680		Pogoniulus pusillus eupterus	488313	subspecies
2951153		Crithagra rufobrunnea rufobrunnea	1105373	subspecies
2951154		Crithagra rufobrunnea thomensis	1105373	subspecies
2951155		Crithagra rufobrunnea fradei	1105373	subspecies
2951367		Polioptila californica atwoodi	66708	subspecies
2951909		Polioptila californica abbreviata	66708	subspecies
2952306		Anas platyrhynchos x Anas diazi	8835	species
2952653		Lyncornis macrotis bourdilloni	1977169	subspecies
2952654		Lyncornis macrotis cerviniceps	1977169	subspecies
2952655		Lyncornis macrotis jacobsoni	1977169	subspecies
2952656		Lyncornis macrotis macropterus	1977169	subspecies
2952657		Lyncornis temminckii	1977168	species
2952816		Cyclopsitta diophthalma coxeni	503985	subspecies
2952817		Cyclopsitta diophthalma macleayana	503985	subspecies
2952818		Cyclopsitta diophthalma diophthalma	503985	subspecies
2952819		Cyclopsitta diophthalma marshalli	503985	subspecies
2952820		Podargus ocellatus plumiferus	48432	subspecies
2952821		Podargus ocellatus marmoratus	48432	subspecies
2953363		Alectroenas nitidissimus	187103	species
2953364		Alectroenas pulcherrimus	187103	species
2953365		Columba albinucha	8931	species
2953366		Columba albitorques	8931	species
2953367		Columba argentina	8931	species
2953368		Columba delegorguei	8931	species
2953369		Columba eversmanni	8931	species
2953370		Columba oliviae	8931	species
2953371		Columba pallidiceps	8931	species
2953372		Columba palumboides	8931	species
2953373		Columba pollenii	8931	species
2953374		Columba punicea	8931	species
2953375		Columba simplex	8931	species
2953376		Columba torringtoniae	8931	species
2953377		Columba unicincta	8931	species
2953378		Columba versicolor	8931	species
2953379		Cryptophaps	8930	genus
2953380		Columbina cyanopis	111973	species
2953381		Cryptophaps poecilorrhoa	2953379	species
2953382		Ducula carola	115625	species
2953383		Ducula cineracea	115625	species
2953384		Ducula concinna	115625	species
2953385		Ducula lacernulata	115625	species
2953386		Ducula mindorensis	115625	species
2953387		Ducula neglecta	115625	species
2953388		Ducula nicobarica	115625	species
2953389		Ducula perspicillata	115625	species
2953390		Ducula pickeringii	115625	species
2953391		Ducula poliocephala	115625	species
2953392		Ducula radiata	115625	species
2953393		Ducula rosacea	115625	species
2953394		Ducula spilorrhoa	115625	species
2953395		Ducula subflavescens	115625	species
2953396		Ducula whartoni	115625	species
2953397		Gallicolumba menagei	187119	species
2953398		Geopelia maugeus	115646	species
2953399		Geotrygon caniceps	115649	species
2953400		Geotrygon leucometopia	115649	species
2953401		Geotrygon mystacea	115649	species
2953402		Gymnophaps mada	262120	species
2953403		Gymnophaps solomonensis	262120	species
2953404		Gymnophaps stalkeri	262120	species
2953405		Hemiphaga spadicea	262123	species
2953406		Henicophaps foersteri	444141	species
2953407		Leptotila battyi	115655	species
2953408		Leptotila conoveri	115655	species
2953409		Leptotila ochraceiventris	115655	species
2953410		Leptotila pallida	115655	species
2953411		Leptotila wellsi	115655	species
2953412		Microgoura	8930	genus
2953413		Pampusana	8930	genus
2953414		Macropygia cinnamomea	115674	species
2953415		Macropygia doreya	115674	species
2953416		Macropygia emiliana	115674	species
2953417		Macropygia macassariensis	115674	species
2953418		Macropygia magna	115674	species
2953419		Macropygia modiglianii	115674	species
2953420		Macropygia rufipennis	115674	species
2953421		Macropygia timorlaoensis	115674	species
2953422		Microgoura meeki	2953412	species
2953423		Nesoenas duboisi	187125	species
2953424		Nesoenas picturatus	187125	species
2953425		Pampusana beccarii	2953413	species
2953426		Pampusana canifrons	2953413	species
2953427		Pampusana erythroptera	2953413	species
2953428		Pampusana ferruginea	2953413	species
2953429		Pampusana hoedtii	2953413	species
2953430		Pampusana jobiensis	2953413	species
2953431		Pampusana johannae	2953413	species
2953432		Pampusana kubaryi	2953413	species
2953433		Pampusana rubescens	2953413	species
2953434		Pampusana salamonis	2953413	species
2953435		Pampusana sanctaecrucis	2953413	species
2953436		Pampusana stairi	2953413	species
2953437		Pampusana xanthonura	2953413	species
2953438		Paraclaravis	8930	genus
2953439		Starnoenas	8930	genus
2953442		Paraclaravis geoffroyi	2953438	species
2953443		Paraclaravis mondetoura	2953438	species
2953444		Phapitreron brunneiceps	115681	species
2953445		Ptilinopus alligator	115696	species
2953446		Ptilinopus arcanus	115696	species
2953447		Ptilinopus dohertyi	115696	species
2953448		Ptilinopus epius	115696	species
2953449		Ptilinopus fischeri	115696	species
2953450		Ptilinopus granulifrons	115696	species
2953451		Ptilinopus greyi	115696	species
2953452		Ptilinopus hernsheimi	115696	species
2953453		Ptilinopus insolitus	115696	species
2953454		Ptilinopus mangoliensis	115696	species
2953455		Ptilinopus subgularis	115696	species
2953456		Reinwardtoena reinwardti	177157	species
2953457		Starnoenas cyanocephala	2953439	species
2953458		Streptopelia dusumieri	36242	species
2953459		Streptopelia reichenowi	36242	species
2953460		Treron affinis	115701	species
2953461		Treron aromaticus	115701	species
2953462		Treron axillaris	115701	species
2953463		Treron capellei	115701	species
2953464		Treron chloropterus	115701	species
2953465		Treron floris	115701	species
2953466		Treron fulvicollis	115701	species
2953467		Treron griseicauda	115701	species
2953468		Treron olax	115701	species
2953469		Treron oxyurus	115701	species
2953964		Conirostrum bicolor bicolor	182930	subspecies
2953965		Conirostrum bicolor minus	182930	subspecies
2953966		Knipolegus orenocensis orenocensis	1118575	subspecies
2953967		Knipolegus orenocensis sclateri	1118575	subspecies
2953968		Knipolegus orenocensis xinguensis	1118575	subspecies
2953969		Serpophaga hypoleuca hypoleuca	456425	subspecies
2953970		Serpophaga hypoleuca venezuelana	456425	subspecies
2954069		Talaphorus	9242	genus
2954070		Talaphorus chlorocercus	2954069	species
2954071		Stigmatura napensis napensis	83304	subspecies
2954072		Thamnophilus cryptoleucus x Thamnophilus nigrocinereus	81888	species
2954252		Urolestes	9193	genus
2954253		Urolestes melanoleucus	2954252	species
2957498		Atlapetes semirufus	65358	species
2957738		Atlapetes personatus collaris	1118513	subspecies
2957739		Atlapetes personatus paraquensis	1118513	subspecies
2957740		Atlapetes personatus jugularis	1118513	subspecies
2957746		Atlapetes personatus personatus	1118513	subspecies
2957747		Atlapetes rufinucha carrikeri	65360	subspecies
2957748		Atlapetes semirufus denisei	2957498	subspecies
2962944		Climacteris affinis	47694	species
2966624		Francolinus sp.	2625120	species
2967363		Pterodroma atrata	37063	species
2969676		Cardinalidae	9126	family
2969678		Pheucticus ludovicianus x Piranga olivacea	2969679	species
2969679		Cardinalidae intergeneric hybrids	2969676	no rank
2972024		Copsychus malabaricus tricolor	1948888	subspecies
2972028		Copsychus albiventris	125862	species
2972030		Copsychus malabaricus melanurus	1948888	subspecies
2972031		Copsychus malabaricus macrourus	1948888	subspecies
2972032		Copsychus malabaricus hypolizus	1948888	subspecies
2972151		Aegolius ridgwayi	56264	species
2972156		Onychognathus neumanni	381113	species
2972598		Aulacorhynchus albivitta	57398	species
2974361		Rhynchocyclus olivaceus guianensis	360248	subspecies
2974362		Rhynchocyclus olivaceus olivaceus	360248	subspecies
2974363		Rhynchocyclus olivaceus sordidus	360248	subspecies
2974364		Rhynchocyclus olivaceus bardus	360248	subspecies
2974365		Rhynchocyclus olivaceus aequinoctialis	360248	subspecies
2975256		unclassified Sphyrapicus	56078	no rank
2975257		Sphyrapicus sp.	2975256	species
2978506		Lerwa lerwa lerwa	1756204	subspecies
2978507		Lerwa lerwa major	1756204	subspecies
2978508		Lerwa lerwa callipygia	1756204	subspecies
2978674		Lioparus chrysotis amoenus	201299	subspecies
2978675		Lioparus chrysotis robsoni	201299	subspecies
2978676		Actinodura strigula yunnanensis	2944899	subspecies
2978677		Actinodura strigula traii	2944899	subspecies
2978690		Garrulax milleti milleti	175004	subspecies
2978691		Garrulax milleti sweeti	175004	subspecies
2978692		Heterophasia desgodinsi kingi	2183787	subspecies
2978693		Yuhina gularis uthaii	98156	subspecies
2978695		Mullerornis sp.	2636754	species
2978696		unclassified Aepyornithidae	147492	no rank
2978697		Aepyornithidae sp.	2978696	species
2978698		Mullerornis modestus	147493	species
2980466		unclassified Poecile	142475	no rank
2980467		Poecile sp.	2980466	species
2981014		Cyanolimnas	9119	genus
2981015		Cyanolimnas cerverai	2981014	species
2981544		Geospiza fortis x Geospiza fuliginosa	48881	species
2983805		Chlorestes julie	2744916	species
2984186		Limosa lapponica menzbieri	161683	subspecies
2984187		Limosa lapponica yamalensis	161683	subspecies
2985441		Crypturellus bartletti	48395	species
2986137		Stilpnia	400783	genus
2986138		Stilpnia cayana	2986137	species
2986139		Ixothraupis punctata	2817425	species
2986140		Thraupis glaucocolpa	58208	species
2991370		Luscinia luscinia x Luscinia megarhynchos	52791	species
2992165		Aulacorhynchus cognatus	57398	species
2992169		Aulacorhynchus whitelianus	57398	species
2992177		Capito hypoleucus	91764	species
2992312		Mirafra albicauda	215311	species
2993453		Rallus indicus	54360	species
2998597		Agapornis nigrigenis x Agapornis fischeri	60461	species
3004246		Galliformes intergeneric hybrids	8976	no rank
3004248		Numida meleagris x Gallus gallus	3004246	species
3014622		Cyanoderma ambiguum	2614578	species
3016530		unclassified Pipilo	40200	no rank
3016531		Pipilo sp.	3016530	species
3018373		Chionomesa	9242	genus
3018374		Riccordia	9242	genus
3018375		Aplonis striata	245045	species
3018376		Chionomesa fimbriata	3018373	species
3019657		Copsychus malabaricus ngae	1948888	subspecies
3020470		Dendrocopos syriacus x Dendrocopos major	51357	species
3020882		Staphida torqueola	2823204	species
3020903		Icterus galbula x Icterus bullockii	84804	species
3023414		Tympanuchus phasianellus kennicotti	83287	subspecies
3024790		Aegotheles affinis	48276	species
3027356		Aegotheles salvadorii	48276	species
3030665		Charadrius alexandrinus seebohmi	50392	subspecies
3031960		Tyto javanica stertens	1906754	subspecies
3035607		Caracara lutosa	1094195	species