Taxon name	Marker	Sequence	Mass	PTM	Hel	Gene	SeqID	Begin	End
Mus musculus	A	SGQPGPVGPAGVR	1178.62764612314	0H	978	COL1A2	NP_031769.2	1074	1086
Mus musculus	A	SGQPGPVGPAGVR	1194.62256112314	1H	978	COL1A2	NP_031769.2	1074	1086
Mus musculus	B	GLPGEFGLPGPAGPR	1453.74340491225	2H	484	COL1A2	NP_031769.2	580	594
Mus musculus	C	GEPGPAGSVGPVGAVGPR	1592.8027106935199	2H	889	COL1A2	NP_031769.2	985	1002
Mus musculus	C	GATGLPGVAGAPGLPGPR	1592.83909658268	3H	220	COL1A2	NP_031769.2	316	333
